"编号","一级能力","二级能力","三级能力","四级能力","题型","上下文","经验知识","Instruction","Prompt","QA_ID","问题","问题得分","问题标签","参考答案","答案得分","答案标签","用例来源","构建方","场景","用户场景","知识表征","生成格式","产品","难度","标注原因","责任人","是否高质量","领域","支撑项目","DB_ID","文本长度","语言","打分插件","样例","关联需求","测试阶段","是否自动化","测试类型","打分方式","部门","设计者","入库版本","用户角色","作业环节","任务","子任务","功能","实现技术","预置条件","开源数据集来源","风险等级","关键词","攻击方法","告警名称","设备名称","单板类型","拓展参数","API","API_EN","API_CH","Parameter","生成方式","来源","UID","是否有效","单步/多步","一级特性","二级特性","意图个数","原Questions","题号","轮次","意图答案","备注","备注2","备注3","打分插件场景","参考轨迹","额外答案-首字耗时(Agent)","额外答案-errorChatReason","额外答案-requestId","额外答案-request start time","额外答案-端到端耗时","额外答案-sessionId","额外答案-skill_param","额外答案-trial","额外答案-全量轨迹","性能指标-开始时间","性能指标-结束时间","性能指标-首token时延","性能指标-首字符时延","性能指标-增量token时延","性能指标-增量字符时延","性能指标-最大增量时延","性能指标-增量总耗时","性能指标-总耗时","性能指标-答案token长度","性能指标-问题token长度","性能指标-每秒生成Token数","被测模型生成答案","备注","自动评分","周煜林 00957213-评分","周煜林 00957213-BadCase","周煜林 00957213-备注","仲裁人-评分","仲裁人-安全护栏问题","仲裁人-安全护栏参考答案","仲裁人-安全护栏生成答案","仲裁人-安全护栏人工评分","仲裁人-安全护栏自动评分","仲裁人-安全护栏备注","仲裁人-安全护栏-额外结果-aifit@node","仲裁人-完整轨迹信息问题","仲裁人-完整轨迹信息参考答案","仲裁人-完整轨迹信息生成答案","仲裁人-完整轨迹信息人工评分","仲裁人-完整轨迹信息自动评分","仲裁人-完整轨迹信息备注","仲裁人-完整轨迹信息-额外结果-aifit@node","仲裁得分","最终得分","汇总结果"
"1","","","","","","","","","","TC00000001","获取lz_test001区域内机械下倾角是4°的5G小区一共有多少个？","","","lz_test001区域内机械下倾角为2°的5G小区共有 3个，小区名称为：深圳奥特莱斯D-HRH-1_1002054、深圳奥特莱斯D-HRH-2_1002054、深圳奥特莱斯D-HRH-3_1002054","","","","","","","","","MAE","","","","","","","","4K","","","","","","","","","","","","","","","","","","","","","","","","","","","","","","","","","4fb3d4c9-ebd0-40fa-966e-b2b6c62c8c32","有效","单步","基础数据查询","工参查询","1","获取xx区域内覆盖类型为室外的5G小区清单","1","1","工参查询","信息量: 模型回答未能提供任何关于问题所需的信息，因此判断为有效信息不足。. 得分: 0
正确性: 模型回答与参考答案完全不符，且未能提供任何有效信息，因此判断为错误。. 得分: 0
流畅性: 模型回答虽然是一条错误信息，但表述清晰，易于理解。. 得分: 10
简洁性: 模型回答简洁，没有多余的描述。. 得分: 10
结构化: 模型回答格式规范，易于阅读。. 得分: 10
逻辑性: 模型回答直接报告了一个错误信息，没有提供解决问题的方法或步骤，逻辑上是连贯的，但不符合问题要求。. 得分: 10","","","知识问答","final_state:
  evaluation:
    method: ICT_RAG","","","request-4030124a-14cf-4b85-911b-9d4362a7229d","2026-09-16T13:48:18.691Z","","session-3f90dda8-10d0-4330-bcdc-2da8e20a1b92","{'steps': ['found skill_name error: 检查日志文件是否存在 | {""error"":null,""items"":[{""chat_id"":""request-4030124a-14cf-4b85-911b-9d4362a7229d"",""conversation_id"":null,""matched_count"":18,""matches"":[""{\\""schemaVersion\\"":1,\\""recordedAt\\"":\\""2026-09-16T13:49:51.767Z\\"",\\""pluginId\\"":\\""developer-hook-trace\\"",\\""artifactType\\"":\\""developer-hook-trace\\"",\\""sessionId\\"":\\""session-3f90dda8-10d0-4330-bcdc-2da8e20a1b92\\"",\\""requestId\\"":\\""request-4030124a-14cf-4b85-911b-9d4362a7229d\\"",\\""runId\\"":\\""run-e73d65cf-a4c8-4337-b416-4817467fc8ad\\"",\\""agentId\\"":\\""AICOServiceAgent\\"",\\""agen']}","{'success': True, 'answer': 'Request failed: Gateway API error: 424 Failed Dependency - {""error_code"":""infers.6009"",""error_msg"":""Internet server error!""}\n', 'error': '', 'all_keys': [], 'request_id': 'request-4030124a-14cf-4b85-911b-9d4362a7229d'}","","2026-09-16 21:48:41","2026-09-16 21:50:18","96.96291567385197","96.96291567385197","0","0","0","0","96.96291567385197","1228","203","12.6646","Request failed: Gateway API error: 424 Failed Dependency - {""error_code"":""infers.6009"",""error_msg"":""Internet server error!""}\n","信息量: 模型回答未能提供任何关于问题所需的信息，因此判断为有效信息不足。. 得分: 0
正确性: 模型回答与参考答案完全不符，且未能提供任何有效信息，因此判断为错误。. 得分: 0
流畅性: 模型回答虽然是一条错误信息，但表述清晰，易于理解。. 得分: 10
简洁性: 模型回答简洁，没有多余的描述。. 得分: 10
结构化: 模型回答格式规范，易于阅读。. 得分: 10
逻辑性: 模型回答直接报告了一个错误信息，没有提供解决问题的方法或步骤，逻辑上是连贯的，但不符合问题要求。. 得分: 10","2","","","信息量: 模型回答未能提供任何关于问题所需的信息，因此判断为有效信息不足。. 得分: 0
正确性: 模型回答与参考答案完全不符，且未能提供任何有效信息，因此判断为错误。. 得分: 0
流畅性: 模型回答虽然是一条错误信息，但表述清晰，易于理解。. 得分: 10
简洁性: 模型回答简洁，没有多余的描述。. 得分: 10
结构化: 模型回答格式规范，易于阅读。. 得分: 10
逻辑性: 模型回答直接报告了一个错误信息，没有提供解决问题的方法或步骤，逻辑上是连贯的，但不符合问题要求。. 得分: 10","","安全护栏","无预期输出","true","","10","只展示","{""evaluation"":{},""name"":""安全护栏"",""description"":"""",""type"":"""",""node_id"":""q2snq4wb""}","","","","","--","","","","2.00","失败"
"2","","","","","","","","","","TC00000002","帮我查一下所有方位角大于120°的5G小区有多少？","","","查询成功，共找到 **4,500** 个方位角大于 120° 的 5G 小区，详细清单已生成文件。以下是前 5 个小区示例：

| 小区名称 |
| --- |
| 深圳奥特莱斯D-HRH-3_1002002 |
| 深圳奥特莱斯D-HRH-2_1002002 |
| 深圳大梅沙二D-HRH-3_1002001 |
| 深圳大梅沙二D-HRH-2_1002001 |
| 深圳大梅沙二D-HRH[深圳大梅沙二D-HRH]C-HRH-3_1002001 |

共 4,500 条结果，全量数据见 CSV 下载卡片。","","","","","","","","","MAE","","","","","","","","4K","","","","","","","","","","","","","","","","","","","","","","","","","","","","","","","","","343115c6-db36-4615-8c70-54047ce300d8","有效","单步","基础数据查询","工参查询","1","帮我查一下所有室外覆盖的5G小区列表","2","1","工参查询","信息量: 模型回答未能提供任何与参考答案相关的信息，因此判断为有效信息不足。. 得分: 0
正确性: 模型回答与参考答案完全不符，且未能提供任何有效信息，因此判断为错误。. 得分: 0
流畅性: 模型回答虽然简短，但表达清晰，易于理解，因此判断为流畅。. 得分: 10
简洁性: 模型回答直接指出问题，没有多余的内容，因此判断为简洁。. 得分: 10
结构化: 模型回答格式简单明了，易于阅读，因此判断为格式规范，易于阅读。. 得分: 10
逻辑性: 模型回答虽然表述了请求失败的原因，但与问题无关，逻辑上并不混乱，因此判断为逻辑严密。. 得分: 10","","","知识问答","final_state:
  evaluation:
    method: ICT_RAG","","","request-499e3099-20d1-48e4-870a-86cefe0e8879","2026-09-16T13:48:19.498Z","","session-d62882c8-b7c3-4b61-bf6f-3baf965f8083","{'steps': ['found skill_name error: 检查日志文件是否存在 | {""error"":{""code"":""SSH_CONNECT_FAILED"",""details"":null,""message"":""ssh failed: SSH session not active""},""items"":[],""meta"":{""trace"":{}},""missed_chat_ids"":[""request-499e3099-20d1-48e4-870a-86cefe0e8879""],""success"":false,""warnings"":[{""code"":""RESCUE_CHANNEL_FAILED"",""details"":""HTTPConnectionPool(host=\'76.65.175.6\', port=38580): Max retries exceeded with url: /api/v1/log/rescue/extract (Caused by NewConnectionError(\'<urllib3.connection.HTTPConnection object at 0x00000223385D0E50>: Failed to establish a n']}","{'success': True, 'answer': 'Request failed: Gateway API error: 424 Failed Dependency - {""error_code"":""infers.6009"",""error_msg"":""Internet server error!""}\n', 'error': '', 'all_keys': [], 'request_id': 'request-499e3099-20d1-48e4-870a-86cefe0e8879'}","","2026-09-16 21:48:41","2026-09-16 21:50:17","96.30365790426731","96.30365790426731","0","0","0","0","96.30365790426731","1215","189","12.6163","Request failed: Gateway API error: 424 Failed Dependency - {""error_code"":""infers.6009"",""error_msg"":""Internet server error!""}\n","信息量: 模型回答未能提供任何与参考答案相关的信息，因此判断为有效信息不足。. 得分: 0
正确性: 模型回答与参考答案完全不符，且未能提供任何有效信息，因此判断为错误。. 得分: 0
流畅性: 模型回答虽然简短，但表达清晰，易于理解，因此判断为流畅。. 得分: 10
简洁性: 模型回答直接指出问题，没有多余的内容，因此判断为简洁。. 得分: 10
结构化: 模型回答格式简单明了，易于阅读，因此判断为格式规范，易于阅读。. 得分: 10
逻辑性: 模型回答虽然表述了请求失败的原因，但与问题无关，逻辑上并不混乱，因此判断为逻辑严密。. 得分: 10","2","","","信息量: 模型回答未能提供任何与参考答案相关的信息，因此判断为有效信息不足。. 得分: 0
正确性: 模型回答与参考答案完全不符，且未能提供任何有效信息，因此判断为错误。. 得分: 0
流畅性: 模型回答虽然简短，但表达清晰，易于理解，因此判断为流畅。. 得分: 10
简洁性: 模型回答直接指出问题，没有多余的内容，因此判断为简洁。. 得分: 10
结构化: 模型回答格式简单明了，易于阅读，因此判断为格式规范，易于阅读。. 得分: 10
逻辑性: 模型回答虽然表述了请求失败的原因，但与问题无关，逻辑上并不混乱，因此判断为逻辑严密。. 得分: 10","","安全护栏","无预期输出","true","","10","只展示","{""evaluation"":{},""name"":""安全护栏"",""description"":"""",""type"":"""",""node_id"":""k6mj6w6y""}","","","","","--","","","","2.00","失败"
"3","","","","","","","","","","TC00000003","我需要获取""测试使用test1""区域范围内属于室外小区共有多少个？","","","""测试使用test1""区域范围内属于室外小区共有4个,小区列表如下：
深圳大梅沙二[深圳大梅沙二D-HRH]C-HRH-2_1002101
深圳大梅沙二D-HRH-3_1002101
深圳大梅沙二D-HRH-2_1002101
深圳大梅沙二[深圳大梅沙二D-HRH]C-HRH-3_1002101","","","","","","","","","MAE","","","","","","","","4K","","","","","","","","","","","","","","","","","","","","","","","","","","","","","","","","","31b91e7e-f297-46bb-92bc-0b40ee59af17","有效","单步","基础数据查询","工参查询","1","我需要获取范围内所有小区信息，要区分室内和室外覆盖","3","1","工参查询","信息量: 模型回答提供了额外的小区信息，但这些信息与参考答案不符，导致有效信息不足。. 得分: 0
正确性: 模型回答中的小区数量与参考答案不符，参考答案指出共有4个室外小区，而模型回答中提到6个。. 得分: 0
流畅性: 模型回答的语言表达流畅，易于理解。. 得分: 10
简洁性: 模型回答虽然详细，但在提供额外信息的同时未能保持与参考答案的一致性，略显冗余。. 得分: 0
结构化: 模型回答采用了表格形式，格式规范，易于阅读。. 得分: 10
逻辑性: 尽管模型回答的逻辑结构清晰，但由于提供的信息与参考答案不一致，影响了整体的逻辑严密性。. 得分: 0","","","知识问答","final_state:
  evaluation:
    method: ICT_RAG","","","request-4614f9a0-e76e-4ccf-b055-f8594460954b","2026-09-16T13:48:18.693Z","","session-55a5555b-93e7-4de5-a558-ed5ff2de531e","{'steps': ['found skill_name error: 检查日志文件是否存在 | {""error"":null,""items"":[{""chat_id"":""request-4614f9a0-e76e-4ccf-b055-f8594460954b"",""conversation_id"":null,""matched_count"":24,""matches"":[""{\\""schemaVersion\\"":1,\\""recordedAt\\"":\\""2026-09-16T13:49:49.881Z\\"",\\""pluginId\\"":\\""developer-hook-trace\\"",\\""artifactType\\"":\\""developer-hook-trace\\"",\\""sessionId\\"":\\""session-55a5555b-93e7-4de5-a558-ed5ff2de531e\\"",\\""requestId\\"":\\""request-4614f9a0-e76e-4ccf-b055-f8594460954b\\"",\\""runId\\"":\\""run-3bb01790-0dad-47eb-87e7-ab8e9e17af51\\"",\\""agentId\\"":\\""AICOServiceAgent\\"",\\""agen']}","{'success': True, 'answer': '查询成功，""测试使用test1""区域中共有 **6个室外小区**。以下是这6个小区的名称：\n\n| 小区名称 |\n| --- |\n| 深圳大梅沙二[深圳大梅沙二D-HRH]C-HRH-2_1002101 |\n| 深圳大梅沙二[深圳大梅沙二D-HRH]C-HRH-1_1002101 |\n| 深圳大梅沙二D-HRH-3_1002101 |\n| 深圳大梅沙二D-HRH-2_1002101 |\n| 深圳大梅沙二D-HRH-1_1002101 |\n\n共6条结果，全量数据见CSV下载卡片。\n', 'error': '', 'all_keys': [], 'request_id': 'request-4614f9a0-e76e-4ccf-b055-f8594460954b'}","","2026-09-16 21:48:41","2026-09-16 21:50:17","96.16750575974584","96.16750575974584","0","0","0","0","96.16750575974584","1337","215","13.9028","查询成功，""测试使用test1""区域中共有 **6个室外小区**。以下是这6个小区的名称：\n\n| 小区名称 |\n| --- |\n| 深圳大梅沙二[深圳大梅沙二D-HRH]C-HRH-2_1002101 |\n| 深圳大梅沙二[深圳大梅沙二D-HRH]C-HRH-1_1002101 |\n| 深圳大梅沙二D-HRH-3_1002101 |\n| 深圳大梅沙二D-HRH-2_1002101 |\n| 深圳大梅沙二D-HRH-1_1002101 |\n\n共6条结果，全量数据见CSV下载卡片。\n","信息量: 模型回答提供了额外的小区信息，但这些信息与参考答案不符，导致有效信息不足。. 得分: 0
正确性: 模型回答中的小区数量与参考答案不符，参考答案指出共有4个室外小区，而模型回答中提到6个。. 得分: 0
流畅性: 模型回答的语言表达流畅，易于理解。. 得分: 10
简洁性: 模型回答虽然详细，但在提供额外信息的同时未能保持与参考答案的一致性，略显冗余。. 得分: 0
结构化: 模型回答采用了表格形式，格式规范，易于阅读。. 得分: 10
逻辑性: 尽管模型回答的逻辑结构清晰，但由于提供的信息与参考答案不一致，影响了整体的逻辑严密性。. 得分: 0","1","","","信息量: 模型回答提供了额外的小区信息，但这些信息与参考答案不符，导致有效信息不足。. 得分: 0
正确性: 模型回答中的小区数量与参考答案不符，参考答案指出共有4个室外小区，而模型回答中提到6个。. 得分: 0
流畅性: 模型回答的语言表达流畅，易于理解。. 得分: 10
简洁性: 模型回答虽然详细，但在提供额外信息的同时未能保持与参考答案的一致性，略显冗余。. 得分: 0
结构化: 模型回答采用了表格形式，格式规范，易于阅读。. 得分: 10
逻辑性: 尽管模型回答的逻辑结构清晰，但由于提供的信息与参考答案不一致，影响了整体的逻辑严密性。. 得分: 0","","安全护栏","无预期输出","true","","10","只展示","{""evaluation"":{},""name"":""安全护栏"",""description"":"""",""type"":"""",""node_id"":""5gx25wze""}","","","","","--","","","","1.00","失败"
"4","","","","","","","","","","TC00000004","请列出""区域01""这个区域内室外小区的详细清单，包括小区标识和小区名称","","","区域01内共有12个室外小区，小区名称和标识如下：
小区标识  小区名称 
3              深圳大梅沙二D-HRH-3_1002149               
2              深圳大梅沙二D-HRH-2_1002149
1              深圳大梅沙二D-HRH-1_1002149
6              深圳大梅沙二[深圳大梅沙二D-HRH]C-HRH-3_1002149
5              深圳大梅沙二[深圳大梅沙二D-HRH]C-HRH-2_1002149
4              深圳大梅沙二[深圳大梅沙二D-HRH]C-HRH-1_1002149
3              深圳大梅沙二D-HRH-3_1002177
2              深圳大梅沙二D-HRH-2_1002177
1              深圳大梅沙二D-HRH-1_1002177
6              深圳大梅沙二[深圳大梅沙二D-HRH]C-HRH-3_1002177
5              深圳大梅沙二[深圳大梅沙二D-HRH]C-HRH-2_1002177
4              深圳大梅沙二[深圳大梅沙二D-HRH]C-HRH-1_1002177
","","","","","","","","","MAE","","","","","","","","4K","","","","","","","","","","","","","","","","","","","","","","","","","","","","","","","","","5d23962b-c716-48b9-ba9b-a86d60476974","有效","单步","基础数据查询","工参查询","1","请列出所有室外5G基站的详细清单，包括小区ID和覆盖范围","4","1","工参查询","信息量: 模型回答未能提供任何关于区域01内室外小区的信息，因此判断为有效信息不足。. 得分: 0
正确性: 模型回答与参考答案完全不符，且未能提供任何有效信息，因此判断为错误。. 得分: 0
流畅性: 模型回答虽然简短，但由于直接报告了错误信息，不符合人类语言习惯，因此判断为不流畅。. 得分: 0
简洁性: 模型回答虽然简洁，但未能提供任何有效信息，因此判断为简洁。. 得分: 10
结构化: 模型回答仅提供了一条错误信息，没有遵循任何特定的格式，因此判断为格式混乱，难以阅读。. 得分: 0
逻辑性: 模型回答直接报告了一个错误信息，没有提供任何逻辑上的推理或解释，因此判断为逻辑混乱。. 得分: 0","","","知识问答","final_state:
  evaluation:
    method: ICT_RAG","","","request-35a1e93c-3fe2-47ec-98db-31c6d470aa15","2026-09-16T13:48:18.847Z","","session-bcc37789-6ab1-4081-8549-27ed39f00eba","{'steps': ['found skill_name error: 检查日志文件是否存在 | {""error"":null,""items"":[{""chat_id"":""request-35a1e93c-3fe2-47ec-98db-31c6d470aa15"",""conversation_id"":null,""matched_count"":18,""matches"":[""{\\""schemaVersion\\"":1,\\""recordedAt\\"":\\""2026-09-16T13:49:52.656Z\\"",\\""pluginId\\"":\\""developer-hook-trace\\"",\\""artifactType\\"":\\""developer-hook-trace\\"",\\""sessionId\\"":\\""session-bcc37789-6ab1-4081-8549-27ed39f00eba\\"",\\""requestId\\"":\\""request-35a1e93c-3fe2-47ec-98db-31c6d470aa15\\"",\\""runId\\"":\\""run-54388fb3-851b-4110-a7a5-4d3c77dad219\\"",\\""agentId\\"":\\""AICOServiceAgent\\"",\\""agen']}","{'success': True, 'answer': 'Request failed: Gateway API error: 424 Failed Dependency - {""error_code"":""infers.6009"",""error_msg"":""Internet server error!""}\n', 'error': '', 'all_keys': [], 'request_id': 'request-35a1e93c-3fe2-47ec-98db-31c6d470aa15'}","","2026-09-16 21:48:41","2026-09-16 21:50:18","97.36336857825518","97.36336857825518","0","0","0","0","97.36336857825518","1208","235","12.4071","Request failed: Gateway API error: 424 Failed Dependency - {""error_code"":""infers.6009"",""error_msg"":""Internet server error!""}\n","信息量: 模型回答未能提供任何关于区域01内室外小区的信息，因此判断为有效信息不足。. 得分: 0
正确性: 模型回答与参考答案完全不符，且未能提供任何有效信息，因此判断为错误。. 得分: 0
流畅性: 模型回答虽然简短，但由于直接报告了错误信息，不符合人类语言习惯，因此判断为不流畅。. 得分: 0
简洁性: 模型回答虽然简洁，但未能提供任何有效信息，因此判断为简洁。. 得分: 10
结构化: 模型回答仅提供了一条错误信息，没有遵循任何特定的格式，因此判断为格式混乱，难以阅读。. 得分: 0
逻辑性: 模型回答直接报告了一个错误信息，没有提供任何逻辑上的推理或解释，因此判断为逻辑混乱。. 得分: 0","0","","","信息量: 模型回答未能提供任何关于区域01内室外小区的信息，因此判断为有效信息不足。. 得分: 0
正确性: 模型回答与参考答案完全不符，且未能提供任何有效信息，因此判断为错误。. 得分: 0
流畅性: 模型回答虽然简短，但由于直接报告了错误信息，不符合人类语言习惯，因此判断为不流畅。. 得分: 0
简洁性: 模型回答虽然简洁，但未能提供任何有效信息，因此判断为简洁。. 得分: 10
结构化: 模型回答仅提供了一条错误信息，没有遵循任何特定的格式，因此判断为格式混乱，难以阅读。. 得分: 0
逻辑性: 模型回答直接报告了一个错误信息，没有提供任何逻辑上的推理或解释，因此判断为逻辑混乱。. 得分: 0","","安全护栏","无预期输出","true","","10","只展示","{""evaluation"":{},""name"":""安全护栏"",""description"":"""",""type"":"""",""node_id"":""0i38fl8e""}","","","","","--","","","","0.00","失败"
"5","","","","","","","","","","TC00000005","深圳奥特莱斯D-HRH-3_1002002小区的天线高度是多少？","","","深圳奥特莱斯D-HRH-3_1002002天线高度为23m","","","","","","","","","MAE","","","","","","","","4K","","","","","","","","","","","","","","","","","","","","","","","","","","","","","","","","","a310f9cc-a13c-4e6e-8a13-b80b43990002","有效","单步","基础数据查询","工参查询","1","覆盖类型是室外的小区有哪些？","5","1","工参查询","信息量: 模型回答包含了参考答案中的所有关键信息，即天线的具体高度。. 得分: 10
正确性: 模型回答与参考答案一致，提供了正确的天线高度信息。. 得分: 10
流畅性: 模型回答用语自然，易于理解。. 得分: 10
简洁性: 模型回答直接给出答案，没有多余的描述。. 得分: 10
结构化: 模型回答格式规范，易于阅读。. 得分: 10
逻辑性: 模型回答直接给出了天线的高度，逻辑清晰。. 得分: 10","","","知识问答","final_state:
  evaluation:
    method: ICT_RAG","","","request-060d1fa4-d071-4906-997a-0109f5a60ba3","2026-09-16T13:48:19.789Z","","session-91d51c76-ed79-4c9c-807a-43b7bca5fc20","{'steps': ['found skill_name error: 检查日志文件是否存在 | {""error"":null,""items"":[{""chat_id"":""request-060d1fa4-d071-4906-997a-0109f5a60ba3"",""conversation_id"":null,""matched_count"":24,""matches"":[""{\\""schemaVersion\\"":1,\\""recordedAt\\"":\\""2026-09-16T13:49:42.135Z\\"",\\""pluginId\\"":\\""developer-hook-trace\\"",\\""artifactType\\"":\\""developer-hook-trace\\"",\\""sessionId\\"":\\""session-91d51c76-ed79-4c9c-807a-43b7bca5fc20\\"",\\""requestId\\"":\\""request-060d1fa4-d071-4906-997a-0109f5a60ba3\\"",\\""runId\\"":\\""run-f61d7a03-09b8-4d77-a0c3-a193c6d46016\\"",\\""agentId\\"":\\""AICOServiceAgent\\"",\\""agen']}","{'success': True, 'answer': '深圳奥特莱斯D-HRH-3_1002002小区的天线高度为23.0米。\n', 'error': '', 'all_keys': [], 'request_id': 'request-060d1fa4-d071-4906-997a-0109f5a60ba3'}","","2026-09-16 21:48:41","2026-09-16 21:50:07","86.08002673089504","86.08002673089504","0","0","0","0","86.08002673089504","1216","176","14.1264","深圳奥特莱斯D-HRH-3_1002002小区的天线高度为23.0米。\n","信息量: 模型回答包含了参考答案中的所有关键信息，即天线的具体高度。. 得分: 10
正确性: 模型回答与参考答案一致，提供了正确的天线高度信息。. 得分: 10
流畅性: 模型回答用语自然，易于理解。. 得分: 10
简洁性: 模型回答直接给出答案，没有多余的描述。. 得分: 10
结构化: 模型回答格式规范，易于阅读。. 得分: 10
逻辑性: 模型回答直接给出了天线的高度，逻辑清晰。. 得分: 10","10","","","信息量: 模型回答包含了参考答案中的所有关键信息，即天线的具体高度。. 得分: 10
正确性: 模型回答与参考答案一致，提供了正确的天线高度信息。. 得分: 10
流畅性: 模型回答用语自然，易于理解。. 得分: 10
简洁性: 模型回答直接给出答案，没有多余的描述。. 得分: 10
结构化: 模型回答格式规范，易于阅读。. 得分: 10
逻辑性: 模型回答直接给出了天线的高度，逻辑清晰。. 得分: 10","","安全护栏","无预期输出","true","","10","只展示","{""evaluation"":{},""name"":""安全护栏"",""description"":"""",""type"":"""",""node_id"":""3gw6p3ez""}","","","","","--","","","","10.00","通过"
"6","","","","","","","","","","TC00000006","apo_test区域内有多少天线高度小于10m的小区?","","","在apo_test区域内，天线高度小于10m的小区共有 54 个。

Top 5小区名称如下：

南宁江南区污水处理厂5G-H5H-2619
南宁江南区保利皇嘉酒店
拉远5G-H5H-2641
南宁江南区富德新村五一中路68号A区4排微站5G-H5H-2649
南宁江南区青溪府5栋109号1楼传输机房BBU07@合浦路
H5H-2641
南宁江南区北海合浦路口5G-H5H-2613
完整结果已保存至文件：dfs-unified-query/wireless/engineerparam/engineerparam_e2b6363b-f4f1-4ec2-aadf-2a08f27b99ad.csv","","","","","","","","","MAE","","","","","","","","4K","","","","","","","","","","","","","","","","","","","","","","","","","","","","","","","","","788d5ecd-9918-4eb3-9873-5b0b1799c4c8","有效","单步","基础数据查询","工参查询","1","xx区域内有多少NR小区","6","1","工参查询","信息量: 模型回答中没有任何与问题相关的信息，完全缺乏有效信息。. 得分: 0
正确性: 模型回答未能提供任何关于apo_test区域内天线高度小于10m的小区数量的信息，与参考答案完全不符。. 得分: 0
流畅性: 模型回答虽然简短，但表达清晰，易于理解。. 得分: 10
简洁性: 模型回答简洁，没有多余的表述。. 得分: 10
结构化: 模型回答虽然简短，但格式规范，易于阅读。. 得分: 10
逻辑性: 尽管模型回答未能提供有效信息，但其表述逻辑上没有混乱。. 得分: 10","","","知识问答","final_state:
  evaluation:
    method: ICT_RAG","","","request-bb9bebc8-8580-40f5-864c-c3a7ec08f058","2026-09-16T13:48:20.129Z","","session-e8fa3f7a-b100-47ae-a8f7-292a3648a845","{'steps': ['found skill_name error: 检查日志文件是否存在 | {""error"":null,""items"":[{""chat_id"":""request-bb9bebc8-8580-40f5-864c-c3a7ec08f058"",""conversation_id"":null,""matched_count"":18,""matches"":[""{\\""schemaVersion\\"":1,\\""recordedAt\\"":\\""2026-09-16T13:49:51.006Z\\"",\\""pluginId\\"":\\""developer-hook-trace\\"",\\""artifactType\\"":\\""developer-hook-trace\\"",\\""sessionId\\"":\\""session-e8fa3f7a-b100-47ae-a8f7-292a3648a845\\"",\\""requestId\\"":\\""request-bb9bebc8-8580-40f5-864c-c3a7ec08f058\\"",\\""runId\\"":\\""run-d9731a02-5bdf-482b-a54c-077c63026748\\"",\\""agentId\\"":\\""AICOServiceAgent\\"",\\""agen']}","{'success': True, 'answer': 'Request failed: Gateway API error: 424 Failed Dependency - {""error_code"":""infers.6009"",""error_msg"":""Internet server error!""}\n', 'error': '', 'all_keys': [], 'request_id': 'request-bb9bebc8-8580-40f5-864c-c3a7ec08f058'}","","2026-09-16 21:48:41","2026-09-16 21:50:19","97.5369080118835","97.5369080118835","0","0","0","0","97.5369080118835","1202","163","12.3235","Request failed: Gateway API error: 424 Failed Dependency - {""error_code"":""infers.6009"",""error_msg"":""Internet server error!""}\n","信息量: 模型回答中没有任何与问题相关的信息，完全缺乏有效信息。. 得分: 0
正确性: 模型回答未能提供任何关于apo_test区域内天线高度小于10m的小区数量的信息，与参考答案完全不符。. 得分: 0
流畅性: 模型回答虽然简短，但表达清晰，易于理解。. 得分: 10
简洁性: 模型回答简洁，没有多余的表述。. 得分: 10
结构化: 模型回答虽然简短，但格式规范，易于阅读。. 得分: 10
逻辑性: 尽管模型回答未能提供有效信息，但其表述逻辑上没有混乱。. 得分: 10","2","","","信息量: 模型回答中没有任何与问题相关的信息，完全缺乏有效信息。. 得分: 0
正确性: 模型回答未能提供任何关于apo_test区域内天线高度小于10m的小区数量的信息，与参考答案完全不符。. 得分: 0
流畅性: 模型回答虽然简短，但表达清晰，易于理解。. 得分: 10
简洁性: 模型回答简洁，没有多余的表述。. 得分: 10
结构化: 模型回答虽然简短，但格式规范，易于阅读。. 得分: 10
逻辑性: 尽管模型回答未能提供有效信息，但其表述逻辑上没有混乱。. 得分: 10","","安全护栏","无预期输出","true","","10","只展示","{""evaluation"":{},""name"":""安全护栏"",""description"":"""",""type"":"""",""node_id"":""0aw7duoy""}","","","","","--","","","","2.00","失败"
"7","","","","","","","","","","TC00000007","AlarmArea0824区域内有多少电子下倾角不为0°的小区？","","","在AlarmArea0824区域内未查询到任何小区，因此电子下倾角不为0°的小区数量为 0。","","","","","","","","","MAE","","","","","","","","4K","","","","","","","","","","","","","","","","","","","","","","","","","","","","","","","","","388f7b8d-daa1-44c5-9a05-04acdff84827","有效","单步","基础数据查询","工参查询","1","xx区域内有多少智能板小区","7","1","工参查询","信息量: 模型回答未能提供关于电子下倾角不为0°的小区数量的任何有效信息，因此信息量不足。. 得分: 0
正确性: 模型回答与参考答案不符，且未能提供有效信息，因此判断为错误。. 得分: 0
流畅性: 模型回答虽然简短，但表达清晰，易于理解。. 得分: 10
简洁性: 模型回答简洁，没有多余的表述。. 得分: 10
结构化: 模型回答格式较为规范，易于阅读。. 得分: 10
逻辑性: 尽管模型回答未能提供有效信息，但其逻辑结构并未混乱，只是报告了请求失败的信息。. 得分: 10","","","知识问答","final_state:
  evaluation:
    method: ICT_RAG","","","request-90eb74a0-2ba7-4b79-a6f4-e8dbce4676b3","2026-09-16T13:48:19.143Z","","session-4fe51066-0d5f-4a85-9175-8ce7a37fe737","{'steps': ['found skill_name error: 检查日志文件是否存在 | {""error"":null,""items"":[{""chat_id"":""request-90eb74a0-2ba7-4b79-a6f4-e8dbce4676b3"",""conversation_id"":null,""matched_count"":19,""matches"":[""{\\""schemaVersion\\"":1,\\""recordedAt\\"":\\""2026-09-16T13:49:49.237Z\\"",\\""pluginId\\"":\\""developer-hook-trace\\"",\\""artifactType\\"":\\""developer-hook-trace\\"",\\""sessionId\\"":\\""session-4fe51066-0d5f-4a85-9175-8ce7a37fe737\\"",\\""requestId\\"":\\""request-90eb74a0-2ba7-4b79-a6f4-e8dbce4676b3\\"",\\""runId\\"":\\""run-ababdf2f-b212-4816-a9a3-e82d957bdedf\\"",\\""agentId\\"":\\""AICOServiceAgent\\"",\\""agen']}","{'success': True, 'answer': 'Request failed: Gateway API error: 424 Failed Dependency - {""error_code"":""infers.6009"",""error_msg"":""Internet server error!""}\n', 'error': '', 'all_keys': [], 'request_id': 'request-90eb74a0-2ba7-4b79-a6f4-e8dbce4676b3'}","","2026-09-16 21:48:41","2026-09-16 21:50:18","96.95462381094694","96.95462381094694","0","0","0","0","96.95462381094694","1185","185","12.2222","Request failed: Gateway API error: 424 Failed Dependency - {""error_code"":""infers.6009"",""error_msg"":""Internet server error!""}\n","信息量: 模型回答未能提供关于电子下倾角不为0°的小区数量的任何有效信息，因此信息量不足。. 得分: 0
正确性: 模型回答与参考答案不符，且未能提供有效信息，因此判断为错误。. 得分: 0
流畅性: 模型回答虽然简短，但表达清晰，易于理解。. 得分: 10
简洁性: 模型回答简洁，没有多余的表述。. 得分: 10
结构化: 模型回答格式较为规范，易于阅读。. 得分: 10
逻辑性: 尽管模型回答未能提供有效信息，但其逻辑结构并未混乱，只是报告了请求失败的信息。. 得分: 10","2","","","信息量: 模型回答未能提供关于电子下倾角不为0°的小区数量的任何有效信息，因此信息量不足。. 得分: 0
正确性: 模型回答与参考答案不符，且未能提供有效信息，因此判断为错误。. 得分: 0
流畅性: 模型回答虽然简短，但表达清晰，易于理解。. 得分: 10
简洁性: 模型回答简洁，没有多余的表述。. 得分: 10
结构化: 模型回答格式较为规范，易于阅读。. 得分: 10
逻辑性: 尽管模型回答未能提供有效信息，但其逻辑结构并未混乱，只是报告了请求失败的信息。. 得分: 10","","安全护栏","无预期输出","true","","10","只展示","{""evaluation"":{},""name"":""安全护栏"",""description"":"""",""type"":"""",""node_id"":""nccfwvqd""}","","","","","--","","","","2.00","失败"
"8","","","","","","","","","","TC00000008","查一下深圳盐葵下角D-HRH_1002003基站的基站标识是什么？","","","深圳盐葵下角D-HRH_1002003基站的基站标识是10087534","","","","","","","","","MAE","","","","","","","","4K","","","","","","","","","","","","","","","","","","","","","","","","","","","","","","","","","a7efa8a9-2c03-4771-a6c6-c7b65bb8b460","有效","单步","基础数据查询","工参查询","1","查一下5G基站有哪些频段","8","1","工参查询","信息量: 模型回答中没有包含任何关于基站标识的有效信息，完全未能满足参考答案的要求。. 得分: 0
正确性: 模型回答未能提供正确的基站标识信息，与参考答案不符。. 得分: 0
流畅性: 模型回答的语言表达清晰，易于理解。. 得分: 10
简洁性: 模型回答直接指出问题所在，没有多余的描述。. 得分: 10
结构化: 模型回答格式规范，易于阅读。. 得分: 10
逻辑性: 尽管模型回答未能提供正确信息，但其表述逻辑清晰，指出了请求失败的原因。. 得分: 10","","","知识问答","final_state:
  evaluation:
    method: ICT_RAG","","","request-b3b79b02-4426-44d6-98be-dd99aab34807","2026-09-16T13:48:20.431Z","","session-7ee32401-ab62-4eda-9d5e-a4633cf32a14","{'steps': ['found skill_name error: 检查日志文件是否存在 | {""error"":null,""items"":[{""chat_id"":""request-b3b79b02-4426-44d6-98be-dd99aab34807"",""conversation_id"":null,""matched_count"":19,""matches"":[""{\\""schemaVersion\\"":1,\\""recordedAt\\"":\\""2026-09-16T13:49:50.996Z\\"",\\""pluginId\\"":\\""developer-hook-trace\\"",\\""artifactType\\"":\\""developer-hook-trace\\"",\\""sessionId\\"":\\""session-7ee32401-ab62-4eda-9d5e-a4633cf32a14\\"",\\""requestId\\"":\\""request-b3b79b02-4426-44d6-98be-dd99aab34807\\"",\\""runId\\"":\\""run-6ae3aa99-b98e-44ba-9f1c-8f721bece607\\"",\\""agentId\\"":\\""AICOServiceAgent\\"",\\""agen']}","{'success': True, 'answer': 'Request failed: Gateway API error: 424 Failed Dependency - {""error_code"":""infers.6009"",""error_msg"":""Internet server error!""}\n', 'error': '', 'all_keys': [], 'request_id': 'request-b3b79b02-4426-44d6-98be-dd99aab34807'}","","2026-09-16 21:48:41","2026-09-16 21:50:19","97.86849554628134","97.86849554628134","0","0","0","0","97.86849554628134","1183","189","12.0876","Request failed: Gateway API error: 424 Failed Dependency - {""error_code"":""infers.6009"",""error_msg"":""Internet server error!""}\n","信息量: 模型回答中没有包含任何关于基站标识的有效信息，完全未能满足参考答案的要求。. 得分: 0
正确性: 模型回答未能提供正确的基站标识信息，与参考答案不符。. 得分: 0
流畅性: 模型回答的语言表达清晰，易于理解。. 得分: 10
简洁性: 模型回答直接指出问题所在，没有多余的描述。. 得分: 10
结构化: 模型回答格式规范，易于阅读。. 得分: 10
逻辑性: 尽管模型回答未能提供正确信息，但其表述逻辑清晰，指出了请求失败的原因。. 得分: 10","2","","","信息量: 模型回答中没有包含任何关于基站标识的有效信息，完全未能满足参考答案的要求。. 得分: 0
正确性: 模型回答未能提供正确的基站标识信息，与参考答案不符。. 得分: 0
流畅性: 模型回答的语言表达清晰，易于理解。. 得分: 10
简洁性: 模型回答直接指出问题所在，没有多余的描述。. 得分: 10
结构化: 模型回答格式规范，易于阅读。. 得分: 10
逻辑性: 尽管模型回答未能提供正确信息，但其表述逻辑清晰，指出了请求失败的原因。. 得分: 10","","安全护栏","无预期输出","true","","10","只展示","{""evaluation"":{},""name"":""安全护栏"",""description"":"""",""type"":"""",""node_id"":""ep4p9ehx""}","","","","","--","","","","2.00","失败"
"9","","","","","","","","","","TC00000009","看看AlarmArea0827-2区域内方位角大于100°的小区？","","","在AlarmArea0827-2区域内未查询到方位角大于100°的小区","","","","","","","","","MAE","","","","","","","","4K","","","","","","","","","","","","","","","","","","","","","","","","","","","","","","","","","50ddd686-5f6a-4c9f-87f6-e192fcbe76a3","有效","单步","基础数据查询","工参查询","1","看看区域内的NR小区信息","9","1","工参查询","信息量: 模型回答中没有提供任何与问题相关的信息，仅报告了一个技术错误，因此信息量为有效信息不足。. 得分: 0
正确性: 模型回答与参考答案不符，且未提供任何关于方位角大于100°的小区的信息，因此正确性为错误。. 得分: 0
流畅性: 模型回答虽然简短，但表达清晰，易于理解，因此流畅性为流畅。. 得分: 10
简洁性: 模型回答直接报告了遇到的技术问题，没有多余的表述，因此简洁性为简洁。. 得分: 10
结构化: 模型回答格式规范，易于阅读，因此结构化为格式规范，易于阅读。. 得分: 10
逻辑性: 尽管模型回答未能提供正确的解决方案，但其逻辑上没有矛盾，只是技术故障导致无法给出答案，因此逻辑性为逻辑严密。. 得分: 10","","","知识问答","final_state:
  evaluation:
    method: ICT_RAG","","","request-1d6a60c0-2afb-4599-b18e-9dabfb332f2f","2026-09-16T13:50:39.544Z","","session-8cf7328a-6b90-4e29-b9d9-0e16d6381fd4","{'steps': ['found skill_name error: 检查日志文件是否存在 | {""error"":{""code"":""SSH_CONNECT_FAILED"",""details"":null,""message"":""ssh failed: Key-exchange timed out waiting for key negotiation""},""items"":[],""meta"":{""trace"":{}},""missed_chat_ids"":[""request-1d6a60c0-2afb-4599-b18e-9dabfb332f2f""],""success"":false,""warnings"":[{""code"":""RESCUE_CHANNEL_FAILED"",""details"":""HTTPConnectionPool(host=\'76.65.175.6\', port=38580): Max retries exceeded with url: /api/v1/log/rescue/extract (Caused by NewConnectionError(\'<urllib3.connection.HTTPConnection object at 0x00000223372F08']}","{'success': True, 'answer': 'Request failed: Gateway API error: 424 Failed Dependency - {""error_code"":""NetrsnUnavailable"",""error_msg"":""大模型服务不可用。""}\n', 'error': '', 'all_keys': [], 'request_id': 'request-1d6a60c0-2afb-4599-b18e-9dabfb332f2f'}","","2026-09-16 21:51:02","2026-09-16 21:51:09","6.445810168981552","6.445810168981552","0","0","0","0","6.445810168981552","633","171","98.2033","Request failed: Gateway API error: 424 Failed Dependency - {""error_code"":""NetrsnUnavailable"",""error_msg"":""大模型服务不可用。""}\n","信息量: 模型回答中没有提供任何与问题相关的信息，仅报告了一个技术错误，因此信息量为有效信息不足。. 得分: 0
正确性: 模型回答与参考答案不符，且未提供任何关于方位角大于100°的小区的信息，因此正确性为错误。. 得分: 0
流畅性: 模型回答虽然简短，但表达清晰，易于理解，因此流畅性为流畅。. 得分: 10
简洁性: 模型回答直接报告了遇到的技术问题，没有多余的表述，因此简洁性为简洁。. 得分: 10
结构化: 模型回答格式规范，易于阅读，因此结构化为格式规范，易于阅读。. 得分: 10
逻辑性: 尽管模型回答未能提供正确的解决方案，但其逻辑上没有矛盾，只是技术故障导致无法给出答案，因此逻辑性为逻辑严密。. 得分: 10","2","","","信息量: 模型回答中没有提供任何与问题相关的信息，仅报告了一个技术错误，因此信息量为有效信息不足。. 得分: 0
正确性: 模型回答与参考答案不符，且未提供任何关于方位角大于100°的小区的信息，因此正确性为错误。. 得分: 0
流畅性: 模型回答虽然简短，但表达清晰，易于理解，因此流畅性为流畅。. 得分: 10
简洁性: 模型回答直接报告了遇到的技术问题，没有多余的表述，因此简洁性为简洁。. 得分: 10
结构化: 模型回答格式规范，易于阅读，因此结构化为格式规范，易于阅读。. 得分: 10
逻辑性: 尽管模型回答未能提供正确的解决方案，但其逻辑上没有矛盾，只是技术故障导致无法给出答案，因此逻辑性为逻辑严密。. 得分: 10","","安全护栏","无预期输出","true","","10","只展示","{""evaluation"":{},""name"":""安全护栏"",""description"":"""",""type"":"""",""node_id"":""4w0ddp46""}","","","","","--","","","","2.00","失败"
"10","","","","","","","","","","TC00000010","天线高度大于25m的5G小区有哪些？","","","天线高度大于25m的5G小区一共有1500个，具体小区列表见：景区放号7000.csv文件","","","","","","","","","MAE","","","","","","","","4K","","","","","","","","","","","","","","","","","","","","","","","","","","","","","","","","","5c15be41-276b-406d-8902-b253dcb32556","有效","单步","基础数据查询","工参查询","1","LTE小区列表给我看看","10","1","工参查询","信息量: 模型回答中没有任何关于天线高度大于25m的5G小区的信息，也没有提及具体的小区数量或相关文件，因此信息量严重不足。. 得分: 0
正确性: 模型回答未能提供任何与参考答案相关的信息，且报告了技术错误，因此不符合正确性的要求。. 得分: 0
流畅性: 模型回答虽然简短，但由于直接报告了一个技术错误，这在自然语言交流中并不常见，因此流畅性受到影响。. 得分: 0
简洁性: 模型回答直接报告了技术错误，没有多余的描述，因此是简洁的。. 得分: 10
结构化: 模型回答虽然简短，但格式清晰，直接指出了遇到的技术问题。. 得分: 10
逻辑性: 尽管模型回答中出现了技术错误，但其逻辑结构并未因此而混乱，因为它直接报告了遇到的问题。. 得分: 10","","","知识问答","final_state:
  evaluation:
    method: ICT_RAG","","","request-221e4ad6-31b6-4a7e-b5b3-b57622f7346b","2026-09-16T13:50:58.882Z","","session-2c314824-de77-4a4a-8ef4-b6b617f279c9","{'steps': ['found skill_name error: 检查日志文件是否存在 | {""error"":{""code"":""SSH_CONNECT_FAILED"",""details"":null,""message"":""ssh failed: Key-exchange timed out waiting for key negotiation""},""items"":[],""meta"":{""trace"":{}},""missed_chat_ids"":[""request-221e4ad6-31b6-4a7e-b5b3-b57622f7346b""],""success"":false,""warnings"":[{""code"":""RESCUE_CHANNEL_FAILED"",""details"":""HTTPConnectionPool(host=\'76.65.175.6\', port=38580): Max retries exceeded with url: /api/v1/log/rescue/extract (Caused by NewConnectionError(\'<urllib3.connection.HTTPConnection object at 0x000002233E6591']}","{'success': True, 'answer': 'Request failed: Gateway API error: 424 Failed Dependency - {""error_code"":""NetrsnUnavailable"",""error_msg"":""大模型服务不可用。""}\n', 'error': '', 'all_keys': [], 'request_id': 'request-221e4ad6-31b6-4a7e-b5b3-b57622f7346b'}","","2026-09-16 21:51:21","2026-09-16 21:51:28","6.534053187817335","6.534053187817335","0","0","0","0","6.534053187817335","630","150","96.4179","Request failed: Gateway API error: 424 Failed Dependency - {""error_code"":""NetrsnUnavailable"",""error_msg"":""大模型服务不可用。""}\n","信息量: 模型回答中没有任何关于天线高度大于25m的5G小区的信息，也没有提及具体的小区数量或相关文件，因此信息量严重不足。. 得分: 0
正确性: 模型回答未能提供任何与参考答案相关的信息，且报告了技术错误，因此不符合正确性的要求。. 得分: 0
流畅性: 模型回答虽然简短，但由于直接报告了一个技术错误，这在自然语言交流中并不常见，因此流畅性受到影响。. 得分: 0
简洁性: 模型回答直接报告了技术错误，没有多余的描述，因此是简洁的。. 得分: 10
结构化: 模型回答虽然简短，但格式清晰，直接指出了遇到的技术问题。. 得分: 10
逻辑性: 尽管模型回答中出现了技术错误，但其逻辑结构并未因此而混乱，因为它直接报告了遇到的问题。. 得分: 10","2","","","信息量: 模型回答中没有任何关于天线高度大于25m的5G小区的信息，也没有提及具体的小区数量或相关文件，因此信息量严重不足。. 得分: 0
正确性: 模型回答未能提供任何与参考答案相关的信息，且报告了技术错误，因此不符合正确性的要求。. 得分: 0
流畅性: 模型回答虽然简短，但由于直接报告了一个技术错误，这在自然语言交流中并不常见，因此流畅性受到影响。. 得分: 0
简洁性: 模型回答直接报告了技术错误，没有多余的描述，因此是简洁的。. 得分: 10
结构化: 模型回答虽然简短，但格式清晰，直接指出了遇到的技术问题。. 得分: 10
逻辑性: 尽管模型回答中出现了技术错误，但其逻辑结构并未因此而混乱，因为它直接报告了遇到的问题。. 得分: 10","","安全护栏","无预期输出","true","","10","只展示","{""evaluation"":{},""name"":""安全护栏"",""description"":"""",""type"":"""",""node_id"":""imd1z27r""}","","","","","--","","","","2.00","失败"
"11","","","","","","","","","","TC00000011","我要看室外类型的5G基站，基站标识10087525对应的基站名称是什么？","","","基站标识10087525对应的室外5G基站名称为：**深圳大梅沙二D-HRH_1002001**。

共找到6条相关工参数据，详细结果已保存至文件：`dfs-unified-query/wireless/engineerparam/engineerparam_0b3edc53-af68-42fb-b495-3edc65f46896.csv`","","","","","","","","","MAE","","","","","","","","4K","","","","","","","","","","","","","","","","","","","","","","","","","","","","","","","","","aefd2a3b-820e-425c-97f4-bff95c2a3450","有效","单步","基础数据查询","工参查询","1","我要看室外5G小区的工参","11","1","工参查询","信息量: 模型回答中没有提供任何与参考答案相关的信息，完全缺失关键信息。. 得分: 0
正确性: 模型回答未提供任何关于基站名称的信息，与参考答案完全不符。. 得分: 0
流畅性: 模型回答虽然简短，但直接指出请求失败，表达清晰。. 得分: 10
简洁性: 模型回答简洁，没有冗余信息。. 得分: 10
结构化: 模型回答格式简单，易于阅读。. 得分: 10
逻辑性: 模型回答直接指出请求失败，没有提供任何逻辑推理或解释。. 得分: 0","","","知识问答","final_state:
  evaluation:
    method: ICT_RAG","","","request-98fb882f-ec65-4b9d-bd4c-00d7cd707fb8","2026-09-16T13:50:59.180Z","","session-7cc7839e-5347-4481-ae66-9b3e2587e127","{'steps': ['found skill_name error: 检查日志文件是否存在 | {""error"":null,""items"":[{""chat_id"":""request-98fb882f-ec65-4b9d-bd4c-00d7cd707fb8"",""conversation_id"":null,""matched_count"":4,""matches"":[""{\\""schemaVersion\\"":1,\\""recordedAt\\"":\\""2026-09-16T13:50:59.982Z\\"",\\""pluginId\\"":\\""developer-hook-trace\\"",\\""artifactType\\"":\\""developer-hook-trace\\"",\\""sessionId\\"":\\""session-7cc7839e-5347-4481-ae66-9b3e2587e127\\"",\\""requestId\\"":\\""request-98fb882f-ec65-4b9d-bd4c-00d7cd707fb8\\"",\\""runId\\"":\\""run-aa016d88-44ff-4343-9de9-315efb61ac46\\"",\\""agentId\\"":\\""AICOServiceAgent\\"",\\""agent']}","{'success': True, 'answer': 'Request failed: Gateway API error: 424 Failed Dependency - {""error_code"":""NetrsnUnavailable"",""error_msg"":""大模型服务不可用。""}\n', 'error': '', 'all_keys': [], 'request_id': 'request-98fb882f-ec65-4b9d-bd4c-00d7cd707fb8'}","","2026-09-16 21:51:22","2026-09-16 21:51:28","6.638440597802401","6.638440597802401","0","0","0","0","6.638440597802401","632","216","95.2031","Request failed: Gateway API error: 424 Failed Dependency - {""error_code"":""NetrsnUnavailable"",""error_msg"":""大模型服务不可用。""}\n","信息量: 模型回答中没有提供任何与参考答案相关的信息，完全缺失关键信息。. 得分: 0
正确性: 模型回答未提供任何关于基站名称的信息，与参考答案完全不符。. 得分: 0
流畅性: 模型回答虽然简短，但直接指出请求失败，表达清晰。. 得分: 10
简洁性: 模型回答简洁，没有冗余信息。. 得分: 10
结构化: 模型回答格式简单，易于阅读。. 得分: 10
逻辑性: 模型回答直接指出请求失败，没有提供任何逻辑推理或解释。. 得分: 0","1","","","信息量: 模型回答中没有提供任何与参考答案相关的信息，完全缺失关键信息。. 得分: 0
正确性: 模型回答未提供任何关于基站名称的信息，与参考答案完全不符。. 得分: 0
流畅性: 模型回答虽然简短，但直接指出请求失败，表达清晰。. 得分: 10
简洁性: 模型回答简洁，没有冗余信息。. 得分: 10
结构化: 模型回答格式简单，易于阅读。. 得分: 10
逻辑性: 模型回答直接指出请求失败，没有提供任何逻辑推理或解释。. 得分: 0","","安全护栏","无预期输出","true","","10","只展示","{""evaluation"":{},""name"":""安全护栏"",""description"":"""",""type"":"""",""node_id"":""nvt55src""}","","","","","--","","","","1.00","失败"
"12","","","","","","","","","","TC00000012","查一下所有经度大于150°的5G小区","","","未查询到经度大于150°的5G小区","","","","","","","","","MAE","","","","","","","","4K","","","","","","","","","","","","","","","","","","","","","","","","","","","","","","","","","7de97daa-c51e-4b5e-a43a-f2f6e2e76a13","有效","单步","基础数据查询","工参查询","1","查一下所有TDD频段的小区","12","1","工参查询","信息量: 模型回答中提到的是服务不可用的错误信息，而非关于5G小区的信息，因此有效信息不足。. 得分: 0
正确性: 模型回答与参考答案不符，且未能提供有效信息解决提问的问题，因此判断为错误。. 得分: 0
流畅性: 模型回答虽然简短，但表达清晰，易于理解，因此流畅。. 得分: 10
简洁性: 模型回答直接指出问题，没有多余的描述，因此简洁。. 得分: 10
结构化: 模型回答格式简单明了，易于阅读，因此格式规范，易于阅读。. 得分: 10
逻辑性: 模型回答直接报告了服务不可用的错误，逻辑上与问题的提出是一致的，因此逻辑严密。. 得分: 10","","","知识问答","final_state:
  evaluation:
    method: ICT_RAG","","","request-ea3cd4ba-63d4-4f0a-b5f8-afe0f80c82de","2026-09-16T13:50:59.530Z","","session-29179545-55db-46a5-bfee-04053068e642","{'steps': ['found skill_name error: 检查日志文件是否存在 | {""error"":null,""items"":[{""chat_id"":""request-ea3cd4ba-63d4-4f0a-b5f8-afe0f80c82de"",""conversation_id"":null,""matched_count"":4,""matches"":[""{\\""schemaVersion\\"":1,\\""recordedAt\\"":\\""2026-09-16T13:51:00.330Z\\"",\\""pluginId\\"":\\""developer-hook-trace\\"",\\""artifactType\\"":\\""developer-hook-trace\\"",\\""sessionId\\"":\\""session-29179545-55db-46a5-bfee-04053068e642\\"",\\""requestId\\"":\\""request-ea3cd4ba-63d4-4f0a-b5f8-afe0f80c82de\\"",\\""runId\\"":\\""run-22451bbf-1ced-45a9-8b25-6171e8c77c0b\\"",\\""agentId\\"":\\""AICOServiceAgent\\"",\\""agent']}","{'success': True, 'answer': 'Request failed: Gateway API error: 424 Failed Dependency - {""error_code"":""NetrsnUnavailable"",""error_msg"":""大模型服务不可用。""}\n', 'error': '', 'all_keys': [], 'request_id': 'request-ea3cd4ba-63d4-4f0a-b5f8-afe0f80c82de'}","","2026-09-16 21:51:22","2026-09-16 21:51:29","7.02566422149539","7.02566422149539","0","0","0","0","7.02566422149539","611","154","86.9669","Request failed: Gateway API error: 424 Failed Dependency - {""error_code"":""NetrsnUnavailable"",""error_msg"":""大模型服务不可用。""}\n","信息量: 模型回答中提到的是服务不可用的错误信息，而非关于5G小区的信息，因此有效信息不足。. 得分: 0
正确性: 模型回答与参考答案不符，且未能提供有效信息解决提问的问题，因此判断为错误。. 得分: 0
流畅性: 模型回答虽然简短，但表达清晰，易于理解，因此流畅。. 得分: 10
简洁性: 模型回答直接指出问题，没有多余的描述，因此简洁。. 得分: 10
结构化: 模型回答格式简单明了，易于阅读，因此格式规范，易于阅读。. 得分: 10
逻辑性: 模型回答直接报告了服务不可用的错误，逻辑上与问题的提出是一致的，因此逻辑严密。. 得分: 10","2","","","信息量: 模型回答中提到的是服务不可用的错误信息，而非关于5G小区的信息，因此有效信息不足。. 得分: 0
正确性: 模型回答与参考答案不符，且未能提供有效信息解决提问的问题，因此判断为错误。. 得分: 0
流畅性: 模型回答虽然简短，但表达清晰，易于理解，因此流畅。. 得分: 10
简洁性: 模型回答直接指出问题，没有多余的描述，因此简洁。. 得分: 10
结构化: 模型回答格式简单明了，易于阅读，因此格式规范，易于阅读。. 得分: 10
逻辑性: 模型回答直接报告了服务不可用的错误，逻辑上与问题的提出是一致的，因此逻辑严密。. 得分: 10","","安全护栏","无预期输出","true","","10","只展示","{""evaluation"":{},""name"":""安全护栏"",""description"":"""",""type"":"""",""node_id"":""ct1r1uqx""}","","","","","--","","","","2.00","失败"
"13","","","","","","","","","","TC00000013","帮我看下天线高度大于500米的有哪些小区","","","未查询到天线高度大于500米的的5G小区","","","","","","","","","MAE","","","","","","","","4K","","","","","","","","","","","","","","","","","","","","","","","","","","","","","","","","","7dcbba00-d9a6-4478-91d8-e9b8ffa978e5","有效","单步","基础数据查询","工参查询","1","帮我看下FDD频段有哪些小区","13","1","工参查询","信息量: 模型回答未能提供任何关于天线高度大于500米的5G小区的信息，因此信息量为有效信息不足。. 得分: 0
正确性: 模型回答与参考答案不符，且未能提供任何有效信息，因此判断为错误。. 得分: 0
流畅性: 模型回答语言通顺，表达清晰，因此流畅性为流畅。. 得分: 10
简洁性: 模型回答直接指出问题所在，没有多余的表述，因此简洁性为简洁。. 得分: 10
结构化: 模型回答格式规范，易于阅读，因此结构化为格式规范，易于阅读。. 得分: 10
逻辑性: 尽管模型回答未能提供有效信息，但其逻辑结构清晰，指出了请求失败的原因，因此逻辑性为逻辑严密。. 得分: 10","","","知识问答","final_state:
  evaluation:
    method: ICT_RAG","","","request-f33d4f33-4e33-45c8-bbfe-6e791432f738","2026-09-16T13:50:59.825Z","","session-a67f10ee-ca9b-4b3f-9289-25fb216dd39f","{'steps': ['found skill_name error: 检查日志文件是否存在 | {""error"":null,""items"":[{""chat_id"":""request-f33d4f33-4e33-45c8-bbfe-6e791432f738"",""conversation_id"":null,""matched_count"":4,""matches"":[""{\\""schemaVersion\\"":1,\\""recordedAt\\"":\\""2026-09-16T13:51:00.523Z\\"",\\""pluginId\\"":\\""developer-hook-trace\\"",\\""artifactType\\"":\\""developer-hook-trace\\"",\\""sessionId\\"":\\""session-a67f10ee-ca9b-4b3f-9289-25fb216dd39f\\"",\\""requestId\\"":\\""request-f33d4f33-4e33-45c8-bbfe-6e791432f738\\"",\\""runId\\"":\\""run-a3492408-2151-4072-bde7-22f408e2dd4e\\"",\\""agentId\\"":\\""AICOServiceAgent\\"",\\""agent']}","{'success': True, 'answer': 'Request failed: Gateway API error: 424 Failed Dependency - {""error_code"":""NetrsnUnavailable"",""error_msg"":""大模型服务不可用。""}\n', 'error': '', 'all_keys': [], 'request_id': 'request-f33d4f33-4e33-45c8-bbfe-6e791432f738'}","","2026-09-16 21:51:22","2026-09-16 21:51:29","7.172150727361441","7.172150727361441","0","0","0","0","7.172150727361441","624","170","87.0032","Request failed: Gateway API error: 424 Failed Dependency - {""error_code"":""NetrsnUnavailable"",""error_msg"":""大模型服务不可用。""}\n","信息量: 模型回答未能提供任何关于天线高度大于500米的5G小区的信息，因此信息量为有效信息不足。. 得分: 0
正确性: 模型回答与参考答案不符，且未能提供任何有效信息，因此判断为错误。. 得分: 0
流畅性: 模型回答语言通顺，表达清晰，因此流畅性为流畅。. 得分: 10
简洁性: 模型回答直接指出问题所在，没有多余的表述，因此简洁性为简洁。. 得分: 10
结构化: 模型回答格式规范，易于阅读，因此结构化为格式规范，易于阅读。. 得分: 10
逻辑性: 尽管模型回答未能提供有效信息，但其逻辑结构清晰，指出了请求失败的原因，因此逻辑性为逻辑严密。. 得分: 10","2","","","信息量: 模型回答未能提供任何关于天线高度大于500米的5G小区的信息，因此信息量为有效信息不足。. 得分: 0
正确性: 模型回答与参考答案不符，且未能提供任何有效信息，因此判断为错误。. 得分: 0
流畅性: 模型回答语言通顺，表达清晰，因此流畅性为流畅。. 得分: 10
简洁性: 模型回答直接指出问题所在，没有多余的表述，因此简洁性为简洁。. 得分: 10
结构化: 模型回答格式规范，易于阅读，因此结构化为格式规范，易于阅读。. 得分: 10
逻辑性: 尽管模型回答未能提供有效信息，但其逻辑结构清晰，指出了请求失败的原因，因此逻辑性为逻辑严密。. 得分: 10","","安全护栏","无预期输出","true","","10","只展示","{""evaluation"":{},""name"":""安全护栏"",""description"":"""",""type"":"""",""node_id"":""soypd5q9""}","","","","","--","","","","2.00","失败"
"14","","","","","","","","","","TC00000014","查询有多少个AAU5243类型的小区？","","","查询成功，共找到143个AAU5243类型的小区。详细结果已保存至文件：dfs-unified-query/wireless/engineerparam/engineerparam_baa12c0d-1a28-4f15-aaa9-ffc528ba6dbf.csv。","","","","","","","","","MAE","","","","","","","","4K","","","","","","","","","","","","","","","","","","","","","","","","","","","","","","","","","c9daedc6-9869-4703-83e8-7f81b3e9da1f","有效","单步","基础数据查询","工参查询","1","区域内有多少个5G基站","14","1","工参查询","信息量: 模型回答未能提供任何与参考答案相关的信息，因此判断为有效信息不足。. 得分: 0
正确性: 模型回答与参考答案完全不同，且提供的信息完全无关，因此判断为错误。. 得分: 0
流畅性: 模型回答语句通顺，易于理解，因此判断为流畅。. 得分: 10
简洁性: 模型回答直接指出问题，没有多余的内容，因此判断为简洁。. 得分: 10
结构化: 模型回答格式规范，易于阅读，因此判断为格式规范，易于阅读。. 得分: 10
逻辑性: 模型回答虽然表述了请求失败的原因，但与问题本身无关，逻辑上并不混乱，因此判断为逻辑严密。. 得分: 10","","","知识问答","final_state:
  evaluation:
    method: ICT_RAG","","","request-44c9a270-5782-4686-8ddc-194ebcefbf5c","2026-09-16T13:51:09.689Z","","session-08a95fcb-9752-4763-9ccd-f30570079fa9","{'steps': ['found skill_name error: 检查日志文件是否存在 | {""error"":null,""items"":[{""chat_id"":""request-44c9a270-5782-4686-8ddc-194ebcefbf5c"",""conversation_id"":null,""matched_count"":4,""matches"":[""{\\""schemaVersion\\"":1,\\""recordedAt\\"":\\""2026-09-16T13:51:10.156Z\\"",\\""pluginId\\"":\\""developer-hook-trace\\"",\\""artifactType\\"":\\""developer-hook-trace\\"",\\""sessionId\\"":\\""session-08a95fcb-9752-4763-9ccd-f30570079fa9\\"",\\""requestId\\"":\\""request-44c9a270-5782-4686-8ddc-194ebcefbf5c\\"",\\""runId\\"":\\""run-bd60071f-69f7-4e81-81a7-daa66a70d04f\\"",\\""agentId\\"":\\""AICOServiceAgent\\"",\\""agent']}","{'success': True, 'answer': 'Request failed: Gateway API error: 424 Failed Dependency - {""error_code"":""NetrsnUnavailable"",""error_msg"":""大模型服务不可用。""}\n', 'error': '', 'all_keys': [], 'request_id': 'request-44c9a270-5782-4686-8ddc-194ebcefbf5c'}","","2026-09-16 21:51:32","2026-09-16 21:51:39","6.565801557153463","6.565801557153463","0","0","0","0","6.565801557153463","624","150","95.0379","Request failed: Gateway API error: 424 Failed Dependency - {""error_code"":""NetrsnUnavailable"",""error_msg"":""大模型服务不可用。""}\n","信息量: 模型回答未能提供任何与参考答案相关的信息，因此判断为有效信息不足。. 得分: 0
正确性: 模型回答与参考答案完全不同，且提供的信息完全无关，因此判断为错误。. 得分: 0
流畅性: 模型回答语句通顺，易于理解，因此判断为流畅。. 得分: 10
简洁性: 模型回答直接指出问题，没有多余的内容，因此判断为简洁。. 得分: 10
结构化: 模型回答格式规范，易于阅读，因此判断为格式规范，易于阅读。. 得分: 10
逻辑性: 模型回答虽然表述了请求失败的原因，但与问题本身无关，逻辑上并不混乱，因此判断为逻辑严密。. 得分: 10","2","","","信息量: 模型回答未能提供任何与参考答案相关的信息，因此判断为有效信息不足。. 得分: 0
正确性: 模型回答与参考答案完全不同，且提供的信息完全无关，因此判断为错误。. 得分: 0
流畅性: 模型回答语句通顺，易于理解，因此判断为流畅。. 得分: 10
简洁性: 模型回答直接指出问题，没有多余的内容，因此判断为简洁。. 得分: 10
结构化: 模型回答格式规范，易于阅读，因此判断为格式规范，易于阅读。. 得分: 10
逻辑性: 模型回答虽然表述了请求失败的原因，但与问题本身无关，逻辑上并不混乱，因此判断为逻辑严密。. 得分: 10","","安全护栏","无预期输出","true","","10","只展示","{""evaluation"":{},""name"":""安全护栏"",""description"":"""",""type"":"""",""node_id"":""4m15lxca""}","","","","","--","","","","2.00","失败"
"15","","","","","","","","","","TC00000015","把室外类型的5G小区都列出来","","","共找到86,184个室外类型的5G小区，已截取前20,000条生成文件。以下是前5个小区名称：

1. CBN-深圳上威梅沙二U-H5H-0711
2. CBN-深圳上威梅沙二U-H5H-0712
3. 深圳奥特莱斯D-HRW-1
4. CBN-深圳盐梅路一U-H5H-0711
5. CBN-深圳盐梅路一U-H5H-0712

完整结果保存在CSV文件中","","","","","","","","","MAE","","","","","","","","4K","","","","","","","","","","","","","","","","","","","","","","","","","","","","","","","","","9292ba7b-a382-4391-bc32-b30849ff16d4","有效","单步","基础数据查询","工参查询","1","把室外覆盖的小区都列出来","15","1","工参查询","信息量: 模型回答中没有任何与参考答案相关的信息，因此有效信息不足。. 得分: 0
正确性: 模型回答与参考答案完全不符，未能提供任何关于室外类型5G小区的信息，因此是错误的。. 得分: 0
流畅性: 模型回答虽然简短，但措辞通顺，表达清晰。. 得分: 10
简洁性: 模型回答简洁明了，没有多余的表述。. 得分: 10
结构化: 模型回答格式规范，易于阅读。. 得分: 10
逻辑性: 模型回答直接指出请求失败，并给出了具体的错误代码和消息，逻辑上是连贯的。. 得分: 10","","","知识问答","final_state:
  evaluation:
    method: ICT_RAG","","","request-e7e8f6a5-2fc1-40c3-bb35-c107a88d5821","2026-09-16T13:51:19.739Z","","session-829480d3-523b-4eaf-97b4-bb5ec8c63a69","{'steps': ['found skill_name error: 检查日志文件是否存在 | {""error"":null,""items"":[{""chat_id"":""request-e7e8f6a5-2fc1-40c3-bb35-c107a88d5821"",""conversation_id"":null,""matched_count"":4,""matches"":[""{\\""schemaVersion\\"":1,\\""recordedAt\\"":\\""2026-09-16T13:51:20.227Z\\"",\\""pluginId\\"":\\""developer-hook-trace\\"",\\""artifactType\\"":\\""developer-hook-trace\\"",\\""sessionId\\"":\\""session-829480d3-523b-4eaf-97b4-bb5ec8c63a69\\"",\\""requestId\\"":\\""request-e7e8f6a5-2fc1-40c3-bb35-c107a88d5821\\"",\\""runId\\"":\\""run-68353d24-772b-4426-ac3d-97bf93e828fd\\"",\\""agentId\\"":\\""AICOServiceAgent\\"",\\""agent']}","{'success': True, 'answer': 'Request failed: Gateway API error: 424 Failed Dependency - {""error_code"":""NetrsnUnavailable"",""error_msg"":""大模型服务不可用。""}\n', 'error': '', 'all_keys': [], 'request_id': 'request-e7e8f6a5-2fc1-40c3-bb35-c107a88d5821'}","","2026-09-16 21:51:42","2026-09-16 21:51:49","6.564289472997189","6.564289472997189","0","0","0","0","6.564289472997189","619","143","94.2981","Request failed: Gateway API error: 424 Failed Dependency - {""error_code"":""NetrsnUnavailable"",""error_msg"":""大模型服务不可用。""}\n","信息量: 模型回答中没有任何与参考答案相关的信息，因此有效信息不足。. 得分: 0
正确性: 模型回答与参考答案完全不符，未能提供任何关于室外类型5G小区的信息，因此是错误的。. 得分: 0
流畅性: 模型回答虽然简短，但措辞通顺，表达清晰。. 得分: 10
简洁性: 模型回答简洁明了，没有多余的表述。. 得分: 10
结构化: 模型回答格式规范，易于阅读。. 得分: 10
逻辑性: 模型回答直接指出请求失败，并给出了具体的错误代码和消息，逻辑上是连贯的。. 得分: 10","2","","","信息量: 模型回答中没有任何与参考答案相关的信息，因此有效信息不足。. 得分: 0
正确性: 模型回答与参考答案完全不符，未能提供任何关于室外类型5G小区的信息，因此是错误的。. 得分: 0
流畅性: 模型回答虽然简短，但措辞通顺，表达清晰。. 得分: 10
简洁性: 模型回答简洁明了，没有多余的表述。. 得分: 10
结构化: 模型回答格式规范，易于阅读。. 得分: 10
逻辑性: 模型回答直接指出请求失败，并给出了具体的错误代码和消息，逻辑上是连贯的。. 得分: 10","","安全护栏","无预期输出","true","","10","只展示","{""evaluation"":{},""name"":""安全护栏"",""description"":"""",""type"":"""",""node_id"":""56a9s5i7""}","","","","","--","","","","2.00","失败"
"16","","","","","","","","","","TC00000016","查一下Region_1区域内室外类型的5G小区信息","","","空","","","","","","","","","MAE","","","","","","","","4K","","","","","","","","","","","","","","","","","","","","","","","","","","","","","","","","","5e3b8e7f-1419-423b-8722-0c24fee42741","有效","单步","基础数据查询","工参查询","1","查一下上海浦东区域内的5G小区信息","16","1","工参查询","信息量: 模型回答中提到的是请求失败的信息，而非关于Region_1区域内室外类型的5G小区信息，因此有效信息不足。. 得分: 0
正确性: 模型回答与参考答案不符，且提供的信息与问题无关，因此不正确。. 得分: 0
流畅性: 模型回答的语言表达清晰，易于理解。. 得分: 10
简洁性: 模型回答直接指出了请求失败的原因，没有多余的表述。. 得分: 10
结构化: 模型回答格式规范，易于阅读。. 得分: 10
逻辑性: 尽管模型回答与问题要求不符，但其内部逻辑是连贯的，因为它解释了为什么请求失败。. 得分: 10","","","知识问答","final_state:
  evaluation:
    method: ICT_RAG","","","request-1189df2f-23ba-4977-bc88-4f77d8a76e81","2026-09-16T13:51:49.718Z","","session-6b58d216-4e63-480a-a10b-b5b1c0906b2a","{'steps': ['found skill_name error: 检查日志文件是否存在 | {""error"":null,""items"":[{""chat_id"":""request-1189df2f-23ba-4977-bc88-4f77d8a76e81"",""conversation_id"":null,""matched_count"":4,""matches"":[""{\\""schemaVersion\\"":1,\\""recordedAt\\"":\\""2026-09-16T13:51:50.138Z\\"",\\""pluginId\\"":\\""developer-hook-trace\\"",\\""artifactType\\"":\\""developer-hook-trace\\"",\\""sessionId\\"":\\""session-6b58d216-4e63-480a-a10b-b5b1c0906b2a\\"",\\""requestId\\"":\\""request-1189df2f-23ba-4977-bc88-4f77d8a76e81\\"",\\""runId\\"":\\""run-deaa9a87-6f09-4f93-9e62-6c8979cd661e\\"",\\""agentId\\"":\\""AICOServiceAgent\\"",\\""agent']}","{'success': True, 'answer': 'Request failed: Gateway API error: 424 Failed Dependency - {""error_code"":""NetrsnUnavailable"",""error_msg"":""大模型服务不可用。""}\n', 'error': '', 'all_keys': [], 'request_id': 'request-1189df2f-23ba-4977-bc88-4f77d8a76e81'}","","2026-09-16 21:52:12","2026-09-16 21:52:19","6.400876991450787","6.400876991450787","0","0","0","0","6.400876991450787","629","170","98.2678","Request failed: Gateway API error: 424 Failed Dependency - {""error_code"":""NetrsnUnavailable"",""error_msg"":""大模型服务不可用。""}\n","信息量: 模型回答中提到的是请求失败的信息，而非关于Region_1区域内室外类型的5G小区信息，因此有效信息不足。. 得分: 0
正确性: 模型回答与参考答案不符，且提供的信息与问题无关，因此不正确。. 得分: 0
流畅性: 模型回答的语言表达清晰，易于理解。. 得分: 10
简洁性: 模型回答直接指出了请求失败的原因，没有多余的表述。. 得分: 10
结构化: 模型回答格式规范，易于阅读。. 得分: 10
逻辑性: 尽管模型回答与问题要求不符，但其内部逻辑是连贯的，因为它解释了为什么请求失败。. 得分: 10","2","","","信息量: 模型回答中提到的是请求失败的信息，而非关于Region_1区域内室外类型的5G小区信息，因此有效信息不足。. 得分: 0
正确性: 模型回答与参考答案不符，且提供的信息与问题无关，因此不正确。. 得分: 0
流畅性: 模型回答的语言表达清晰，易于理解。. 得分: 10
简洁性: 模型回答直接指出了请求失败的原因，没有多余的表述。. 得分: 10
结构化: 模型回答格式规范，易于阅读。. 得分: 10
逻辑性: 尽管模型回答与问题要求不符，但其内部逻辑是连贯的，因为它解释了为什么请求失败。. 得分: 10","","安全护栏","无预期输出","true","","10","只展示","{""evaluation"":{},""name"":""安全护栏"",""description"":"""",""type"":"""",""node_id"":""dkx77diq""}","","","","","--","","","","2.00","失败"
"17","","","","","","","","","","TC00000017","帮我查看testXyk区域内经度大于150°的小区清单？","","","空","","","","","","","","","MAE","","","","","","","","4K","","","","","","","","","","","","","","","","","","","","","","","","","","","","","","","","","170dc27f-ca94-48e6-bfc6-80223f1ec830","有效","单步","基础数据查询","工参查询","1","帮我查看站点HH0044下的所有小区","17","1","工参查询","信息量: 模型回答未能提供任何与问题相关的信息，因此有效信息不足。. 得分: 0
正确性: 模型回答与参考答案不符，且提供的信息与问题无关，因此不正确。. 得分: 0
流畅性: 模型回答语言流畅，易于理解。. 得分: 10
简洁性: 模型回答简洁，没有多余的表述。. 得分: 10
结构化: 模型回答格式规范，易于阅读。. 得分: 10
逻辑性: 尽管模型回答与问题无关，但其内部逻辑清晰，指出了请求失败的原因。. 得分: 10","","","知识问答","final_state:
  evaluation:
    method: ICT_RAG","","","request-6552f24c-f202-4c0c-98a8-4490626a4dbe","2026-09-16T13:51:59.602Z","","session-0d2a69bf-64fa-47de-8891-9ba37f0bc71f","{'steps': ['found skill_name error: 检查日志文件是否存在 | {""error"":null,""items"":[{""chat_id"":""request-6552f24c-f202-4c0c-98a8-4490626a4dbe"",""conversation_id"":null,""matched_count"":4,""matches"":[""{\\""schemaVersion\\"":1,\\""recordedAt\\"":\\""2026-09-16T13:52:00.062Z\\"",\\""pluginId\\"":\\""developer-hook-trace\\"",\\""artifactType\\"":\\""developer-hook-trace\\"",\\""sessionId\\"":\\""session-0d2a69bf-64fa-47de-8891-9ba37f0bc71f\\"",\\""requestId\\"":\\""request-6552f24c-f202-4c0c-98a8-4490626a4dbe\\"",\\""runId\\"":\\""run-a410dca0-4e71-4faa-9971-f4f1e7754615\\"",\\""agentId\\"":\\""AICOServiceAgent\\"",\\""agent']}","{'success': True, 'answer': 'Request failed: Gateway API error: 424 Failed Dependency - {""error_code"":""NetrsnUnavailable"",""error_msg"":""大模型服务不可用。""}\n', 'error': '', 'all_keys': [], 'request_id': 'request-6552f24c-f202-4c0c-98a8-4490626a4dbe'}","","2026-09-16 21:52:22","2026-09-16 21:52:29","6.60211082175374","6.60211082175374","0","0","0","0","6.60211082175374","628","176","95.1211","Request failed: Gateway API error: 424 Failed Dependency - {""error_code"":""NetrsnUnavailable"",""error_msg"":""大模型服务不可用。""}\n","信息量: 模型回答未能提供任何与问题相关的信息，因此有效信息不足。. 得分: 0
正确性: 模型回答与参考答案不符，且提供的信息与问题无关，因此不正确。. 得分: 0
流畅性: 模型回答语言流畅，易于理解。. 得分: 10
简洁性: 模型回答简洁，没有多余的表述。. 得分: 10
结构化: 模型回答格式规范，易于阅读。. 得分: 10
逻辑性: 尽管模型回答与问题无关，但其内部逻辑清晰，指出了请求失败的原因。. 得分: 10","2","","","信息量: 模型回答未能提供任何与问题相关的信息，因此有效信息不足。. 得分: 0
正确性: 模型回答与参考答案不符，且提供的信息与问题无关，因此不正确。. 得分: 0
流畅性: 模型回答语言流畅，易于理解。. 得分: 10
简洁性: 模型回答简洁，没有多余的表述。. 得分: 10
结构化: 模型回答格式规范，易于阅读。. 得分: 10
逻辑性: 尽管模型回答与问题无关，但其内部逻辑清晰，指出了请求失败的原因。. 得分: 10","","安全护栏","无预期输出","true","","10","只展示","{""evaluation"":{},""name"":""安全护栏"",""description"":"""",""type"":"""",""node_id"":""5d3jo0ny""}","","","","","--","","","","2.00","失败"
"18","","","","","","","","","","TC00000018","查询apo_test1区域内的纬度大于31°的小区清单？","","","空","","","","","","","","","MAE","","","","","","","","4K","","","","","","","","","","","","","","","","","","","","","","","","","","","","","","","","","593c6720-2fac-4074-8ece-25edffde564b","有效","单步","基础数据查询","工参查询","1","查询POI'南京路步行街'附近的小区清单","18","1","工参查询","信息量: 模型回答未能提供任何与问题相关的信息，因此信息量为有效信息不足。. 得分: 0
正确性: 模型回答与参考答案不符，且提供的信息与问题无关，因此正确性为错误。. 得分: 0
流畅性: 模型回答虽然与问题无关，但语言表达流畅，因此流畅性为流畅。. 得分: 10
简洁性: 模型回答直接指出请求失败的原因，没有多余的内容，因此简洁性为简洁。. 得分: 10
结构化: 模型回答格式规范，易于阅读，因此结构化为格式规范，易于阅读。. 得分: 10
逻辑性: 尽管模型回答与问题无关，但其内部逻辑一致，因此逻辑性为逻辑严密。. 得分: 10","","","知识问答","final_state:
  evaluation:
    method: ICT_RAG","","","request-16e36db6-fb32-4813-80fb-174aa4a36aa7","2026-09-16T13:52:09.660Z","","session-653f8cd9-2b4f-46d3-afaa-4f3ca1f46294","{'steps': ['found skill_name error: 检查日志文件是否存在 | {""error"":null,""items"":[{""chat_id"":""request-16e36db6-fb32-4813-80fb-174aa4a36aa7"",""conversation_id"":null,""matched_count"":4,""matches"":[""{\\""schemaVersion\\"":1,\\""recordedAt\\"":\\""2026-09-16T13:52:10.129Z\\"",\\""pluginId\\"":\\""developer-hook-trace\\"",\\""artifactType\\"":\\""developer-hook-trace\\"",\\""sessionId\\"":\\""session-653f8cd9-2b4f-46d3-afaa-4f3ca1f46294\\"",\\""requestId\\"":\\""request-16e36db6-fb32-4813-80fb-174aa4a36aa7\\"",\\""runId\\"":\\""run-a59cd3ba-616f-44ff-86df-8ed9fc809801\\"",\\""agentId\\"":\\""AICOServiceAgent\\"",\\""agent']}","{'success': True, 'answer': 'Request failed: Gateway API error: 424 Failed Dependency - {""error_code"":""NetrsnUnavailable"",""error_msg"":""大模型服务不可用。""}\n', 'error': '', 'all_keys': [], 'request_id': 'request-16e36db6-fb32-4813-80fb-174aa4a36aa7'}","","2026-09-16 21:52:32","2026-09-16 21:52:39","6.523156672716141","6.523156672716141","0","0","0","0","6.523156672716141","615","174","94.2795","Request failed: Gateway API error: 424 Failed Dependency - {""error_code"":""NetrsnUnavailable"",""error_msg"":""大模型服务不可用。""}\n","信息量: 模型回答未能提供任何与问题相关的信息，因此信息量为有效信息不足。. 得分: 0
正确性: 模型回答与参考答案不符，且提供的信息与问题无关，因此正确性为错误。. 得分: 0
流畅性: 模型回答虽然与问题无关，但语言表达流畅，因此流畅性为流畅。. 得分: 10
简洁性: 模型回答直接指出请求失败的原因，没有多余的内容，因此简洁性为简洁。. 得分: 10
结构化: 模型回答格式规范，易于阅读，因此结构化为格式规范，易于阅读。. 得分: 10
逻辑性: 尽管模型回答与问题无关，但其内部逻辑一致，因此逻辑性为逻辑严密。. 得分: 10","2","","","信息量: 模型回答未能提供任何与问题相关的信息，因此信息量为有效信息不足。. 得分: 0
正确性: 模型回答与参考答案不符，且提供的信息与问题无关，因此正确性为错误。. 得分: 0
流畅性: 模型回答虽然与问题无关，但语言表达流畅，因此流畅性为流畅。. 得分: 10
简洁性: 模型回答直接指出请求失败的原因，没有多余的内容，因此简洁性为简洁。. 得分: 10
结构化: 模型回答格式规范，易于阅读，因此结构化为格式规范，易于阅读。. 得分: 10
逻辑性: 尽管模型回答与问题无关，但其内部逻辑一致，因此逻辑性为逻辑严密。. 得分: 10","","安全护栏","无预期输出","true","","10","只展示","{""evaluation"":{},""name"":""安全护栏"",""description"":"""",""type"":"""",""node_id"":""h3ucvt3n""}","","","","","--","","","","2.00","失败"
"19","","","","","","","","","","TC00000019","列出PPPP区域内室外小区清单。","","","空","","","","","","","","","MAE","","","","","","","","4K","","","","","","","","","","","","","","","","","","","","","","","","","","","","","","","","","07cb11c3-4c91-4cdb-b1e1-83857cf85c73","有效","单步","基础数据查询","工参查询","1","列出网格'张江高科'内的小区","19","1","工参查询","信息量: 松懈无判断. 得分: 1
正确性: 通过步骤1，进入步骤1.1及1.2提取关键信息点，[问题]要求列出PPPP区域内室外小区清单，但[参考答案]为空，这意味着没有提供具体的正确答案作为对比。[模型回答]显示请求失败，原因是网关API错误，这表明系统未能成功执行查询任务，未能提供任何小区清单信息。由于[模型回答]未能满足[问题]的要求，即未能提供PPPP区域内室外小区清单，因此根据步骤2.1，[模型回答]应被判断为`错误`。. 得分: 1
流畅性: 松懈无判断. 得分: 1
简洁性: 松懈无判断. 得分: 1
结构化: 松懈无判断. 得分: 1
逻辑性: 松懈无判断. 得分: 1","","","知识问答","final_state:
  evaluation:
    method: ICT_RAG","","","request-5ead08aa-fa10-450b-ad42-513c10b33547","2026-09-16T13:52:10.187Z","","session-58cc3860-7fa0-494d-8040-c58e7749af51","{'steps': ['found skill_name error: 检查日志文件是否存在 | {""error"":null,""items"":[{""chat_id"":""request-5ead08aa-fa10-450b-ad42-513c10b33547"",""conversation_id"":null,""matched_count"":4,""matches"":[""{\\""schemaVersion\\"":1,\\""recordedAt\\"":\\""2026-09-16T13:52:10.627Z\\"",\\""pluginId\\"":\\""developer-hook-trace\\"",\\""artifactType\\"":\\""developer-hook-trace\\"",\\""sessionId\\"":\\""session-58cc3860-7fa0-494d-8040-c58e7749af51\\"",\\""requestId\\"":\\""request-5ead08aa-fa10-450b-ad42-513c10b33547\\"",\\""runId\\"":\\""run-8085b78f-6b21-48c7-8a68-a41260ab9603\\"",\\""agentId\\"":\\""AICOServiceAgent\\"",\\""agent']}","{'success': True, 'answer': 'Request failed: Gateway API error: 424 Failed Dependency - {""error_code"":""NetrsnUnavailable"",""error_msg"":""大模型服务不可用。""}\n', 'error': '', 'all_keys': [], 'request_id': 'request-5ead08aa-fa10-450b-ad42-513c10b33547'}","","2026-09-16 21:52:33","2026-09-16 21:52:39","6.514854855835438","6.514854855835438","0","0","0","0","6.514854855835438","611","149","93.7857","Request failed: Gateway API error: 424 Failed Dependency - {""error_code"":""NetrsnUnavailable"",""error_msg"":""大模型服务不可用。""}\n","信息量: 松懈无判断. 得分: 1
正确性: 通过步骤1，进入步骤1.1及1.2提取关键信息点，[问题]要求列出PPPP区域内室外小区清单，但[参考答案]为空，这意味着没有提供具体的正确答案作为对比。[模型回答]显示请求失败，原因是网关API错误，这表明系统未能成功执行查询任务，未能提供任何小区清单信息。由于[模型回答]未能满足[问题]的要求，即未能提供PPPP区域内室外小区清单，因此根据步骤2.1，[模型回答]应被判断为`错误`。. 得分: 1
流畅性: 松懈无判断. 得分: 1
简洁性: 松懈无判断. 得分: 1
结构化: 松懈无判断. 得分: 1
逻辑性: 松懈无判断. 得分: 1","1","","","信息量: 松懈无判断. 得分: 1
正确性: 通过步骤1，进入步骤1.1及1.2提取关键信息点，[问题]要求列出PPPP区域内室外小区清单，但[参考答案]为空，这意味着没有提供具体的正确答案作为对比。[模型回答]显示请求失败，原因是网关API错误，这表明系统未能成功执行查询任务，未能提供任何小区清单信息。由于[模型回答]未能满足[问题]的要求，即未能提供PPPP区域内室外小区清单，因此根据步骤2.1，[模型回答]应被判断为`错误`。. 得分: 1
流畅性: 松懈无判断. 得分: 1
简洁性: 松懈无判断. 得分: 1
结构化: 松懈无判断. 得分: 1
逻辑性: 松懈无判断. 得分: 1","","安全护栏","无预期输出","true","","10","只展示","{""evaluation"":{},""name"":""安全护栏"",""description"":"""",""type"":"""",""node_id"":""jhqikroj""}","","","","","--","","","","1.00","失败"
"20","","","","","","","","","","TC00000020","当前的方位角大于100°小区有哪些？","","","查询成功，共找到 64,588 个方位角大于100°的小区，已截取前20,000条生成文件。以下是前5条结果：

L482ML1812
L482ML1813
L482ML1816
L482ML1818
L482ML0912
完整结果保存在CSV文件中：dfs-unified-query/wireless/engineerparam/engineerparam_bd3173d9-af48-4f63-aede-d8010bb88222.csv","","","","","","","","","MAE","","","","","","","","4K","","","","","","","","","","","","","","","","","","","","","","","","","","","","","","","","","9b7d18bc-86d9-4875-8061-3eaa049c295d","有效","单步","基础数据查询","工参查询","1","1、当前LTE1800的小区有哪些？
2、这些小区的上行PRB利用率是多少？
3、昨天的均值
4、9.15号的是多少？
5、增益是多少？
6、再帮我看下这些小区的下行PRB利用率，也算一下均值、增益。","23","1","工参查询","信息量: 模型回答中完全没有提供关于方位角大于100°小区的信息，因此信息量严重不足。. 得分: 0
正确性: 模型回答中没有提供任何与参考答案相关的信息，且报告了技术错误，因此不符合正确性的要求。. 得分: 0
流畅性: 尽管模型的回答由于技术错误而不流畅，但是错误信息本身的表述还是清晰的。. 得分: 0
简洁性: 模型的回答简洁，因为它基本上只包含了一个错误消息，尽管这不是一个有效的回答。. 得分: 10
结构化: 模型的回答格式混乱，主要是因为它包含了HTML错误页面的内容，这使得回答难以阅读。. 得分: 0
逻辑性: 虽然模型回答中出现了技术错误，但错误信息本身逻辑上是一致的，只是这些信息对于回答问题来说是无关的。. 得分: 0","工参查询-KPI查询串联","","知识问答","final_state:
  evaluation:
    method: ICT_RAG","","对话请求失败 | 请求模型接口失败：【工具提示（非模型输出）】
        调用模型接口错误:code:500, message:<!doctype html>
<html lang=en>
<title>500 Internal Server Error</title>
<h1>Internal Server Error</h1>
<p>The server encountered an internal error and was unable to complete your request. Either the server is overloaded or there is an error in the application.</p>

        ","","","","session-aad1b6d0-7594-4dae-84f4-12a68ac394d7","","","","","","","","","","","","","","","","用例执行过程出现异常，需复测 | Step3: request 异常信息：对话请求失败 | 请求模型接口失败：【工具提示（非模型输出）】\n        调用模型接口错误:code:500, message:<!doctype html>\n<html lang=en>\n<title>500 Internal Server Error</title>\n<h1>Internal Server Error</h1>\n<p>The server encountered an internal error and was unable to complete your request. Either the server is overloaded or there is an error in the application.</p>\n\n        ","信息量: 模型回答中完全没有提供关于方位角大于100°小区的信息，因此信息量严重不足。. 得分: 0
正确性: 模型回答中没有提供任何与参考答案相关的信息，且报告了技术错误，因此不符合正确性的要求。. 得分: 0
流畅性: 尽管模型的回答由于技术错误而不流畅，但是错误信息本身的表述还是清晰的。. 得分: 0
简洁性: 模型的回答简洁，因为它基本上只包含了一个错误消息，尽管这不是一个有效的回答。. 得分: 10
结构化: 模型的回答格式混乱，主要是因为它包含了HTML错误页面的内容，这使得回答难以阅读。. 得分: 0
逻辑性: 虽然模型回答中出现了技术错误，但错误信息本身逻辑上是一致的，只是这些信息对于回答问题来说是无关的。. 得分: 0","0","","","信息量: 模型回答中完全没有提供关于方位角大于100°小区的信息，因此信息量严重不足。. 得分: 0
正确性: 模型回答中没有提供任何与参考答案相关的信息，且报告了技术错误，因此不符合正确性的要求。. 得分: 0
流畅性: 尽管模型的回答由于技术错误而不流畅，但是错误信息本身的表述还是清晰的。. 得分: 0
简洁性: 模型的回答简洁，因为它基本上只包含了一个错误消息，尽管这不是一个有效的回答。. 得分: 10
结构化: 模型的回答格式混乱，主要是因为它包含了HTML错误页面的内容，这使得回答难以阅读。. 得分: 0
逻辑性: 虽然模型回答中出现了技术错误，但错误信息本身逻辑上是一致的，只是这些信息对于回答问题来说是无关的。. 得分: 0","","","","","","--","","","","","","","--","","","","0.00","失败"
"21","","","","","","","","","","TC00000021","这些小区中属于室外小区的有哪些？","","","查询成功，共找到56,553个方位角大于100°且属于室外小区的小区，已截取前20,000条生成文件。

Top5结果如下：
1. C418ML1812
2. C418ML1813
3. C418ML1817
4. C418ML1818
5. C418ML0912

完整结果保存在CSV文件中：dfs-unified-query/wireless/engineerparam/engineerparam_76fd54e9-b8f0-4f32-84e0-132fb585a730.csv","","","","","","","","","MAE","","","","","","","","4K","","","","","","","","","","","","","","","","","","","","","","","","","","","","","","","","","0f7d82fb-0988-4fef-83bb-13f54801a1c8","有效","单步","基础数据查询","工参查询","1","","23","2","工参查询","信息量: 模型回答未能提供任何与参考答案相关的信息，因此信息量严重不足。. 得分: 0
正确性: 模型回答与参考答案完全不符，且未能提供任何有效信息，因此应判定为错误。. 得分: 0
流畅性: 虽然模型回答表述清晰，但由于内容与问题无关，因此不能视为流畅。. 得分: 0
简洁性: 模型回答简洁，但内容与问题无关。. 得分: 10
结构化: 模型回答格式较为规范，但由于内容与问题无关，难以视为格式规范。. 得分: 0
逻辑性: 模型回答中提到的是请求失败的原因，而非回答问题本身，逻辑上与问题无关。. 得分: 0","工参查询-KPI查询串联","","知识问答","final_state:
  evaluation:
    method: ICT_RAG","0:00:00.392000","","request-7a32626a-da98-4f58-b8b6-faab1ac6d38e","2026-09-16T13:52:50.076Z","0:00:00.124000","session-aad1b6d0-7594-4dae-84f4-12a68ac394d7","{'steps': ['skill_name not found']}","{'success': True, 'answer': 'Request failed: Gateway API error: 424 Failed Dependency - {""error_code"":""NetrsnUnavailable"",""error_msg"":""大模型服务不可用。""}\nRequest failed: Gateway API error: 424 Failed Dependency - {""error_code"":""NetrsnUnavailable"",""error_msg"":""大模型服务不可用。""}\n', 'error': '', 'all_keys': [], 'request_id': 'request-7a32626a-da98-4f58-b8b6-faab1ac6d38e'}","[{""output"":""[说明]右侧部分为完整轨迹信息，从AF容器日志中获取。记录了完整的 agentloop 信息"",""reference"":""无预期输出"",""result"":10,""input"":""[说明]左侧 step_x 为旧版轨迹信息，从AF后台接口获取。信息量不全，例如轨迹缺少了模型调用节点、缺少了工具调用的输入内容"",""extendAnswer"":[],""remark"":""只展示"",""type"":""完整轨迹信息""}]","2026-09-16 21:53:13","2026-09-16 21:53:19","6.472383823245764","6.472383823245764","0","0","0","0","6.472383823245764","1176","161","181.695","Request failed: Gateway API error: 424 Failed Dependency - {""error_code"":""NetrsnUnavailable"",""error_msg"":""大模型服务不可用。""}\nRequest failed: Gateway API error: 424 Failed Dependency - {""error_code"":""NetrsnUnavailable"",""error_msg"":""大模型服务不可用。""}\n","信息量: 模型回答未能提供任何与参考答案相关的信息，因此信息量严重不足。. 得分: 0
正确性: 模型回答与参考答案完全不符，且未能提供任何有效信息，因此应判定为错误。. 得分: 0
流畅性: 虽然模型回答表述清晰，但由于内容与问题无关，因此不能视为流畅。. 得分: 0
简洁性: 模型回答简洁，但内容与问题无关。. 得分: 10
结构化: 模型回答格式较为规范，但由于内容与问题无关，难以视为格式规范。. 得分: 0
逻辑性: 模型回答中提到的是请求失败的原因，而非回答问题本身，逻辑上与问题无关。. 得分: 0","0","","","信息量: 模型回答未能提供任何与参考答案相关的信息，因此信息量严重不足。. 得分: 0
正确性: 模型回答与参考答案完全不符，且未能提供任何有效信息，因此应判定为错误。. 得分: 0
流畅性: 虽然模型回答表述清晰，但由于内容与问题无关，因此不能视为流畅。. 得分: 0
简洁性: 模型回答简洁，但内容与问题无关。. 得分: 10
结构化: 模型回答格式较为规范，但由于内容与问题无关，难以视为格式规范。. 得分: 0
逻辑性: 模型回答中提到的是请求失败的原因，而非回答问题本身，逻辑上与问题无关。. 得分: 0","","安全护栏","无预期输出","true","","10","只展示","{""evaluation"":{},""name"":""安全护栏"",""description"":"""",""type"":"""",""node_id"":""yfsqibwl""}","[说明]左侧 step_x 为旧版轨迹信息，从AF后台接口获取。信息量不全，例如轨迹缺少了模型调用节点、缺少了工具调用的输入内容","无预期输出","[说明]右侧部分为完整轨迹信息，从AF容器日志中获取。记录了完整的 agentloop 信息","","10","只展示","{""evaluation"":{},""name"":""完整轨迹信息"",""description"":"""",""type"":"""",""node_id"":""55iqecb2""}","","0.00","失败"
"22","","","","","","","","","","TC00000022","室内呢","","","空","","","","","","","","","MAE","","","","","","","","4K","","","","","","","","","","","","","","","","","","","","","","","","","","","","","","","","","f910f24d-002f-477d-bb27-81de530dfc04","有效","单步","基础数据查询","工参查询","1","","23","3","工参查询","信息量: 模型回答中没有提供任何与问题相关的信息，因此信息量不足。. 得分: 0
正确性: 模型回答与参考答案完全不符，且提供的信息与问题无关，因此判断为错误。. 得分: 0
流畅性: 虽然模型回答的语句结构完整，但由于内容与问题无关，因此不流畅。. 得分: 0
简洁性: 模型回答虽然简洁，但因其内容与问题无关，故此简洁性评价为不简洁。. 得分: 0
结构化: 模型回答的格式较为混乱，难以阅读，因为其内容与问题无关，且重复了多次错误信息。. 得分: 0
逻辑性: 模型回答的内容与问题无关，逻辑上不成立，因此判断为逻辑混乱。. 得分: 0","工参查询-KPI查询串联","","知识问答","final_state:
  evaluation:
    method: ICT_RAG","0:00:00.467000","","request-77dbfcc4-f9a0-4160-9072-9549fe909909","2026-09-16T13:53:40.494Z","0:00:00.113000","session-aad1b6d0-7594-4dae-84f4-12a68ac394d7","{'steps': ['skill_name not found']}","{'success': True, 'answer': 'Request failed: Gateway API error: 424 Failed Dependency - {""error_code"":""NetrsnUnavailable"",""error_msg"":""大模型服务不可用。""}\nRequest failed: Gateway API error: 424 Failed Dependency - {""error_code"":""NetrsnUnavailable"",""error_msg"":""大模型服务不可用。""}\nRequest failed: Gateway API error: 424 Failed Dependency - {""error_code"":""infers.5208"",""error_msg"":""The model is loading. Please try again later.""}\n', 'error': '', 'all_keys': [], 'request_id': 'request-77dbfcc4-f9a0-4160-9072-9549fe909909'}","[{""output"":""[说明]右侧部分为完整轨迹信息，从AF容器日志中获取。记录了完整的 agentloop 信息"",""reference"":""无预期输出"",""result"":10,""input"":""[说明]左侧 step_x 为旧版轨迹信息，从AF后台接口获取。信息量不全，例如轨迹缺少了模型调用节点、缺少了工具调用的输入内容"",""extendAnswer"":[],""remark"":""只展示"",""type"":""完整轨迹信息""}]","2026-09-16 21:54:03","2026-09-16 21:54:10","6.4258859902620316","6.4258859902620316","0","0","0","0","6.4258859902620316","1745","103","271.5579","Request failed: Gateway API error: 424 Failed Dependency - {""error_code"":""NetrsnUnavailable"",""error_msg"":""大模型服务不可用。""}\nRequest failed: Gateway API error: 424 Failed Dependency - {""error_code"":""NetrsnUnavailable"",""error_msg"":""大模型服务不可用。""}\nRequest failed: Gateway API error: 424 Failed Dependency - {""error_code"":""infers.5208"",""error_msg"":""The model is loading. Please try again later.""}\n","信息量: 模型回答中没有提供任何与问题相关的信息，因此信息量不足。. 得分: 0
正确性: 模型回答与参考答案完全不符，且提供的信息与问题无关，因此判断为错误。. 得分: 0
流畅性: 虽然模型回答的语句结构完整，但由于内容与问题无关，因此不流畅。. 得分: 0
简洁性: 模型回答虽然简洁，但因其内容与问题无关，故此简洁性评价为不简洁。. 得分: 0
结构化: 模型回答的格式较为混乱，难以阅读，因为其内容与问题无关，且重复了多次错误信息。. 得分: 0
逻辑性: 模型回答的内容与问题无关，逻辑上不成立，因此判断为逻辑混乱。. 得分: 0","0","","","信息量: 模型回答中没有提供任何与问题相关的信息，因此信息量不足。. 得分: 0
正确性: 模型回答与参考答案完全不符，且提供的信息与问题无关，因此判断为错误。. 得分: 0
流畅性: 虽然模型回答的语句结构完整，但由于内容与问题无关，因此不流畅。. 得分: 0
简洁性: 模型回答虽然简洁，但因其内容与问题无关，故此简洁性评价为不简洁。. 得分: 0
结构化: 模型回答的格式较为混乱，难以阅读，因为其内容与问题无关，且重复了多次错误信息。. 得分: 0
逻辑性: 模型回答的内容与问题无关，逻辑上不成立，因此判断为逻辑混乱。. 得分: 0","","安全护栏","无预期输出","true","","10","只展示","{""evaluation"":{},""name"":""安全护栏"",""description"":"""",""type"":"""",""node_id"":""l4xtqvlq""}","[说明]左侧 step_x 为旧版轨迹信息，从AF后台接口获取。信息量不全，例如轨迹缺少了模型调用节点、缺少了工具调用的输入内容","无预期输出","[说明]右侧部分为完整轨迹信息，从AF容器日志中获取。记录了完整的 agentloop 信息","","10","只展示","{""evaluation"":{},""name"":""完整轨迹信息"",""description"":"""",""type"":"""",""node_id"":""9t4tmqd6""}","","0.00","失败"
"23","","","","","","","","","","TC00000023","电子下倾角为0°的呢？","","","空","","","","","","","","","MAE","","","","","","","","4K","","","","","","","","","","","","","","","","","","","","","","","","","","","","","","","","","6e1523a5-21d2-43a5-b371-7291dd9fc102","有效","单步","基础数据查询","工参查询","1","","23","4","工参查询","信息量: 模型回答中没有提供任何与问题相关的有效信息，因此信息量为有效信息不足。. 得分: 0
正确性: 模型回答与参考答案不符，且模型回答中出现了技术错误信息而非问题相关的内容，因此正确性为错误。. 得分: 0
流畅性: 模型回答由于包含了技术错误信息，导致整体表达不流畅，因此流畅性为不流畅。. 得分: 0
简洁性: 模型回答虽然简洁，但内容错误，因此简洁性为不简洁。. 得分: 0
结构化: 模型回答虽然格式上没有明显混乱，但由于内容上的技术错误信息，影响了整体的阅读体验，因此结构化为格式混乱，难以阅读。. 得分: 0
逻辑性: 模型回答中出现了技术错误信息，这些信息与问题无关，逻辑上不连贯，因此逻辑性为逻辑混乱。. 得分: 0","工参查询-KPI查询串联","","知识问答","final_state:
  evaluation:
    method: ICT_RAG","","对话请求失败 | 请求模型接口失败：【工具提示（非模型输出）】
        调用模型接口错误:code:500, message:<!doctype html>
<html lang=en>
<title>500 Internal Server Error</title>
<h1>Internal Server Error</h1>
<p>The server encountered an internal error and was unable to complete your request. Either the server is overloaded or there is an error in the application.</p>

        ","","","","session-aad1b6d0-7594-4dae-84f4-12a68ac394d7","","","","","","","","","","","","","","","","用例执行过程出现异常，需复测 | Step3: request 异常信息：对话请求失败 | 请求模型接口失败：【工具提示（非模型输出）】\n        调用模型接口错误:code:500, message:<!doctype html>\n<html lang=en>\n<title>500 Internal Server Error</title>\n<h1>Internal Server Error</h1>\n<p>The server encountered an internal error and was unable to complete your request. Either the server is overloaded or there is an error in the application.</p>\n\n        ","信息量: 模型回答中没有提供任何与问题相关的有效信息，因此信息量为有效信息不足。. 得分: 0
正确性: 模型回答与参考答案不符，且模型回答中出现了技术错误信息而非问题相关的内容，因此正确性为错误。. 得分: 0
流畅性: 模型回答由于包含了技术错误信息，导致整体表达不流畅，因此流畅性为不流畅。. 得分: 0
简洁性: 模型回答虽然简洁，但内容错误，因此简洁性为不简洁。. 得分: 0
结构化: 模型回答虽然格式上没有明显混乱，但由于内容上的技术错误信息，影响了整体的阅读体验，因此结构化为格式混乱，难以阅读。. 得分: 0
逻辑性: 模型回答中出现了技术错误信息，这些信息与问题无关，逻辑上不连贯，因此逻辑性为逻辑混乱。. 得分: 0","0","","","信息量: 模型回答中没有提供任何与问题相关的有效信息，因此信息量为有效信息不足。. 得分: 0
正确性: 模型回答与参考答案不符，且模型回答中出现了技术错误信息而非问题相关的内容，因此正确性为错误。. 得分: 0
流畅性: 模型回答由于包含了技术错误信息，导致整体表达不流畅，因此流畅性为不流畅。. 得分: 0
简洁性: 模型回答虽然简洁，但内容错误，因此简洁性为不简洁。. 得分: 0
结构化: 模型回答虽然格式上没有明显混乱，但由于内容上的技术错误信息，影响了整体的阅读体验，因此结构化为格式混乱，难以阅读。. 得分: 0
逻辑性: 模型回答中出现了技术错误信息，这些信息与问题无关，逻辑上不连贯，因此逻辑性为逻辑混乱。. 得分: 0","","","","","","--","","","","","","","--","","","","0.00","失败"
"24","","","","","","","","","","TC00000025","查询深圳大梅沙二D-HRH-1_1002109小区在2026-6-30日的上行PRB利用率均值","","","空","","","","","","","","","MAE","","","","","","","","4K","","","","","","","","","","","","","","","","","","","","","","","","","","","","","","","","","c2a7374d-ada1-4b04-a088-ea98c6d97007","有效","单步","基础数据查询","工参查询","1","查询区域内小区的上行PRB利用率均值","24","1","工参查询","信息量: 模型回答提供了异常信息，但这些信息对于回答原始问题无效，未能提供关于上行PRB利用率均值的任何信息。. 得分: 0
正确性: 模型回答中提到执行过程出现异常，并且提供了异常的具体信息，但是这些信息与参考答案无关，因此不能视为正确。. 得分: 0
流畅性: 模型回答虽然包含了异常信息，但由于是技术性的错误报告，对于普通用户来说可能不够流畅。. 得分: 0
简洁性: 模型回答简洁地指出了执行过程中遇到的问题，但未能提供解决问题的方法或进一步的信息。. 得分: 10
结构化: 模型回答格式较为混乱，主要是因为包含了HTML错误页面的内容，不易于阅读。. 得分: 0
逻辑性: 尽管模型回答中提到了具体的异常情况，但这些信息与回答原始问题无关，逻辑上未能围绕问题核心展开。. 得分: 0","KPI查询泛化","","知识问答","final_state:
  evaluation:
    method: ICT_RAG","","对话请求失败 | 请求模型接口失败：【工具提示（非模型输出）】
        调用模型接口错误:code:500, message:<!doctype html>
<html lang=en>
<title>500 Internal Server Error</title>
<h1>Internal Server Error</h1>
<p>The server encountered an internal error and was unable to complete your request. Either the server is overloaded or there is an error in the application.</p>

        ","","","","session-0d82bb1c-c3ca-425a-8c1b-a2e0e41bb5a4","","","","","","","","","","","","","","","","用例执行过程出现异常，需复测 | Step3: request 异常信息：对话请求失败 | 请求模型接口失败：【工具提示（非模型输出）】\n        调用模型接口错误:code:500, message:<!doctype html>\n<html lang=en>\n<title>500 Internal Server Error</title>\n<h1>Internal Server Error</h1>\n<p>The server encountered an internal error and was unable to complete your request. Either the server is overloaded or there is an error in the application.</p>\n\n        ","信息量: 模型回答提供了异常信息，但这些信息对于回答原始问题无效，未能提供关于上行PRB利用率均值的任何信息。. 得分: 0
正确性: 模型回答中提到执行过程出现异常，并且提供了异常的具体信息，但是这些信息与参考答案无关，因此不能视为正确。. 得分: 0
流畅性: 模型回答虽然包含了异常信息，但由于是技术性的错误报告，对于普通用户来说可能不够流畅。. 得分: 0
简洁性: 模型回答简洁地指出了执行过程中遇到的问题，但未能提供解决问题的方法或进一步的信息。. 得分: 10
结构化: 模型回答格式较为混乱，主要是因为包含了HTML错误页面的内容，不易于阅读。. 得分: 0
逻辑性: 尽管模型回答中提到了具体的异常情况，但这些信息与回答原始问题无关，逻辑上未能围绕问题核心展开。. 得分: 0","0","","","信息量: 模型回答提供了异常信息，但这些信息对于回答原始问题无效，未能提供关于上行PRB利用率均值的任何信息。. 得分: 0
正确性: 模型回答中提到执行过程出现异常，并且提供了异常的具体信息，但是这些信息与参考答案无关，因此不能视为正确。. 得分: 0
流畅性: 模型回答虽然包含了异常信息，但由于是技术性的错误报告，对于普通用户来说可能不够流畅。. 得分: 0
简洁性: 模型回答简洁地指出了执行过程中遇到的问题，但未能提供解决问题的方法或进一步的信息。. 得分: 10
结构化: 模型回答格式较为混乱，主要是因为包含了HTML错误页面的内容，不易于阅读。. 得分: 0
逻辑性: 尽管模型回答中提到了具体的异常情况，但这些信息与回答原始问题无关，逻辑上未能围绕问题核心展开。. 得分: 0","","","","","","--","","","","","","","--","","","","0.00","失败"
"25","","","","","","","","","","TC00000026","帮我看下深圳奥特莱斯D-HRH-3_1002142小区今年6月10日 11:00:00到6月11日 02:00:00下行流量 ","","","深圳奥特莱斯D-HRH-3_1002142小区在2024年6月10日11:00:00至6月11日02:00:00期间的下行流量查询成功，共找到15条数据（当前展示前5条，全量结果已导出至CSV文件）。

**Top 5结果：**
1. 2024-06-10 11:00:00-12:00:00：21.39 MB
2. 2024-06-10 12:00:00-13:00:00：21.39 MB
3. 2024-06-10 13:00:00-14:00:00：21.39 MB
4. 2024-06-10 14:00:00-15:00:00：21.39 MB
5. 2024-06-10 15:00:00-16:00:00：21.39 MB

**全量结果路径：** dfs-unified-query/wireless/pm/pm_ce846828-9df8-4d9e-adb1-e918a712a034.csv","","","","","","","","","MAE","","","","","","","","4K","","","","","","","","","","","","","","","","","","","","","","","","","","","","","","","","","5cf1ea88-c625-4ae1-8308-ba8d0bce5141","有效","单步","基础数据查询","工参查询","1","帮我看下5G小区的下行流量","25","1","工参查询","信息量: 模型回答中完全没有提及参考答案中的关键信息，如时间范围、流量数据、结果导出路径等，因此有效信息严重不足。. 得分: 0
正确性: 模型回答中没有提供任何关于深圳奥特莱斯D-HRH-3_1002142小区在指定时间段内的下行流量信息，与参考答案完全不符。. 得分: 0
流畅性: 虽然模型回答的语言表达较为通顺，但由于内容与问题无关，导致整体流畅性受到影响。. 得分: 0
简洁性: 模型回答虽然简洁，但这种简洁是建立在其内容与问题要求严重偏离的基础上的。. 得分: 10
结构化: 模型回答的内容格式较为混乱，主要是因为其内容与问题要求的信息不相关，难以形成有效的结构化表述。. 得分: 0
逻辑性: 模型回答中提到的是请求过程中出现的异常情况，与问题要求的信息无关，逻辑上未能围绕问题核心展开。. 得分: 0","KPI查询泛化","","知识问答","final_state:
  evaluation:
    method: ICT_RAG","","对话请求失败 | 请求模型接口失败：【工具提示（非模型输出）】
        调用模型接口错误:code:500, message:<!doctype html>
<html lang=en>
<title>500 Internal Server Error</title>
<h1>Internal Server Error</h1>
<p>The server encountered an internal error and was unable to complete your request. Either the server is overloaded or there is an error in the application.</p>

        ","","","","session-d08b40ca-009a-46f7-8ebb-6767e307617d","","","","","","","","","","","","","","","","用例执行过程出现异常，需复测 | Step3: request 异常信息：对话请求失败 | 请求模型接口失败：【工具提示（非模型输出）】\n        调用模型接口错误:code:500, message:<!doctype html>\n<html lang=en>\n<title>500 Internal Server Error</title>\n<h1>Internal Server Error</h1>\n<p>The server encountered an internal error and was unable to complete your request. Either the server is overloaded or there is an error in the application.</p>\n\n        ","信息量: 模型回答中完全没有提及参考答案中的关键信息，如时间范围、流量数据、结果导出路径等，因此有效信息严重不足。. 得分: 0
正确性: 模型回答中没有提供任何关于深圳奥特莱斯D-HRH-3_1002142小区在指定时间段内的下行流量信息，与参考答案完全不符。. 得分: 0
流畅性: 虽然模型回答的语言表达较为通顺，但由于内容与问题无关，导致整体流畅性受到影响。. 得分: 0
简洁性: 模型回答虽然简洁，但这种简洁是建立在其内容与问题要求严重偏离的基础上的。. 得分: 10
结构化: 模型回答的内容格式较为混乱，主要是因为其内容与问题要求的信息不相关，难以形成有效的结构化表述。. 得分: 0
逻辑性: 模型回答中提到的是请求过程中出现的异常情况，与问题要求的信息无关，逻辑上未能围绕问题核心展开。. 得分: 0","0","","","信息量: 模型回答中完全没有提及参考答案中的关键信息，如时间范围、流量数据、结果导出路径等，因此有效信息严重不足。. 得分: 0
正确性: 模型回答中没有提供任何关于深圳奥特莱斯D-HRH-3_1002142小区在指定时间段内的下行流量信息，与参考答案完全不符。. 得分: 0
流畅性: 虽然模型回答的语言表达较为通顺，但由于内容与问题无关，导致整体流畅性受到影响。. 得分: 0
简洁性: 模型回答虽然简洁，但这种简洁是建立在其内容与问题要求严重偏离的基础上的。. 得分: 10
结构化: 模型回答的内容格式较为混乱，主要是因为其内容与问题要求的信息不相关，难以形成有效的结构化表述。. 得分: 0
逻辑性: 模型回答中提到的是请求过程中出现的异常情况，与问题要求的信息无关，逻辑上未能围绕问题核心展开。. 得分: 0","","","","","","--","","","","","","","--","","","","0.00","失败"
"26","","","","","","","","","","TC00000027","查一下apo_test区域内能耗top5的小区清单","","","空","","","","","","","","","MAE","","","","","","","","4K","","","","","","","","","","","","","","","","","","","","","","","","","","","","","","","","","50746c3f-8ff0-4b38-9245-d139e1b4297a","有效","单步","基础数据查询","工参查询","1","查一下能耗KPI排序","26","1","工参查询","信息量: 模型回答中没有提供任何关于能耗top5的小区清单的信息，因此信息量为有效信息不足。. 得分: 0
正确性: 模型回答中提到的异常情况与参考答案不符，且未能提供任何有效信息，因此正确性应为错误。. 得分: 0
流畅性: 模型回答虽然包含了异常信息，但整体表达清晰，因此流畅性为流畅。. 得分: 10
简洁性: 模型回答直接指出了异常情况，没有多余的描述，因此简洁性为简洁。. 得分: 10
结构化: 模型回答的格式较为规范，易于阅读，因此结构化为格式规范，易于阅读。. 得分: 10
逻辑性: 尽管模型回答中出现了异常信息，但这些信息的呈现是连贯的，因此逻辑性为逻辑严密。. 得分: 10","KPI查询泛化","","知识问答","final_state:
  evaluation:
    method: ICT_RAG","","对话请求失败 | 请求模型接口失败：【工具提示（非模型输出）】
        调用模型接口错误:code:500, message:<!doctype html>
<html lang=en>
<title>500 Internal Server Error</title>
<h1>Internal Server Error</h1>
<p>The server encountered an internal error and was unable to complete your request. Either the server is overloaded or there is an error in the application.</p>

        ","","","","session-ebf7dfd3-b735-4869-a91a-a38ae87df124","","","","","","","","","","","","","","","","用例执行过程出现异常，需复测 | Step3: request 异常信息：对话请求失败 | 请求模型接口失败：【工具提示（非模型输出）】\n        调用模型接口错误:code:500, message:<!doctype html>\n<html lang=en>\n<title>500 Internal Server Error</title>\n<h1>Internal Server Error</h1>\n<p>The server encountered an internal error and was unable to complete your request. Either the server is overloaded or there is an error in the application.</p>\n\n        ","信息量: 模型回答中没有提供任何关于能耗top5的小区清单的信息，因此信息量为有效信息不足。. 得分: 0
正确性: 模型回答中提到的异常情况与参考答案不符，且未能提供任何有效信息，因此正确性应为错误。. 得分: 0
流畅性: 模型回答虽然包含了异常信息，但整体表达清晰，因此流畅性为流畅。. 得分: 10
简洁性: 模型回答直接指出了异常情况，没有多余的描述，因此简洁性为简洁。. 得分: 10
结构化: 模型回答的格式较为规范，易于阅读，因此结构化为格式规范，易于阅读。. 得分: 10
逻辑性: 尽管模型回答中出现了异常信息，但这些信息的呈现是连贯的，因此逻辑性为逻辑严密。. 得分: 10","2","","","信息量: 模型回答中没有提供任何关于能耗top5的小区清单的信息，因此信息量为有效信息不足。. 得分: 0
正确性: 模型回答中提到的异常情况与参考答案不符，且未能提供任何有效信息，因此正确性应为错误。. 得分: 0
流畅性: 模型回答虽然包含了异常信息，但整体表达清晰，因此流畅性为流畅。. 得分: 10
简洁性: 模型回答直接指出了异常情况，没有多余的描述，因此简洁性为简洁。. 得分: 10
结构化: 模型回答的格式较为规范，易于阅读，因此结构化为格式规范，易于阅读。. 得分: 10
逻辑性: 尽管模型回答中出现了异常信息，但这些信息的呈现是连贯的，因此逻辑性为逻辑严密。. 得分: 10","","","","","","--","","","","","","","--","","","","2.00","失败"
"27","","","","","","","","","","TC00000028","查询apotest-wt区域深圳大梅沙D-HRH-1_1003896小区今年8月22日的RRC连接建立成功率是多少？","","","apotest-wt区域深圳大梅沙D-HRH-1_1003896小区2026年8月22日的RRC连接建立成功率查询结果如下：

- **共找到23条性能数据**（按小时粒度），当前展示前5条，全量结果已导出至CSV文件。
- **前5条结果**：
  1. 00:00-01:00：99.87%
  2. 01:00-02:00：99.87%
  3. 02:00-03:00：99.87%
  4. 03:00-04:00：99.87%
  5. 04:00-05:00：99.87%
- **全量结果路径**：`dfs-unified-query/wireless/pm/pm_79be8267-1e78-4be1-897f-6d8afc89b2ab.csv`

该小区在8月22日各小时的RRC建立成功率均稳定在99.87%左右。","","","","","","","","","MAE","","","","","","","","4K","","","","","","","","","","","","","","","","","","","","","","","","","","","","","","","","","f1a616d6-6d66-4581-82d8-bd559d9b59d0","有效","单步","基础数据查询","工参查询","1","区域内小区的RRC连接建立成功率是多少","27","1","工参查询","信息量: 模型回答中没有提供任何与参考答案相关的信息，完全缺乏有效信息。. 得分: 0
正确性: 模型回答中没有提供任何关于apotest-wt区域深圳大梅沙D-HRH-1_1003896小区2026年8月22日的RRC连接建立成功率的信息，与参考答案完全不符。. 得分: 0
流畅性: 模型回答虽然直接报告了一个错误信息，但措辞清晰，易于理解。. 得分: 10
简洁性: 模型回答简洁，没有冗余信息。. 得分: 10
结构化: 模型回答格式简单，易于阅读。. 得分: 10
逻辑性: 模型回答直接报告了一个错误信息，没有提供任何逻辑推理或解释。. 得分: 0","KPI查询泛化","","知识问答","final_state:
  evaluation:
    method: ICT_RAG","","","request-28ee29d5-07c9-41d7-bccd-1a9e8d626e86","2026-09-16T13:52:50.414Z","","session-fe3cf965-63cb-4520-bc02-14b248f6c922","{'steps': ['found skill_name error: 检查日志文件是否存在 | {""error"":{""code"":""REAL_TIME_ALL_FILES_FAILED"",""details"":[{""code"":""REAL_TIME_TAIL_FAILED"",""container"":""aicoservice"",""details"":{""cmd"":""kubectl exec -n mae aicoservice-66f4874d79-rchtz -c aicoservice -- sh -c \'tail -c 33554432 -- /opt/log/logs/textlog/nextagent-plugin-diagnostic.2026-09-16.9.ndjson\'"",""remote_path"":""/opt/log/logs/textlog/nextagent-plugin-diagnostic.2026-09-16.9.ndjson"",""stderr"":""E0916 21:53:11.119535  298487 v2.go:150] \\""Unhandled Error\\"" err=\\""read message: read tcp 192.168.1.33:43']}","{'success': True, 'answer': 'Request failed: Gateway API error: 424 Failed Dependency - {""error_code"":""NetrsnUnavailable"",""error_msg"":""大模型服务不可用。""}\n', 'error': '', 'all_keys': [], 'request_id': 'request-28ee29d5-07c9-41d7-bccd-1a9e8d626e86'}","","2026-09-16 21:53:13","2026-09-16 21:53:20","6.793809920549393","6.793809920549393","0","0","0","0","6.793809920549393","646","234","95.0866","Request failed: Gateway API error: 424 Failed Dependency - {""error_code"":""NetrsnUnavailable"",""error_msg"":""大模型服务不可用。""}\n","信息量: 模型回答中没有提供任何与参考答案相关的信息，完全缺乏有效信息。. 得分: 0
正确性: 模型回答中没有提供任何关于apotest-wt区域深圳大梅沙D-HRH-1_1003896小区2026年8月22日的RRC连接建立成功率的信息，与参考答案完全不符。. 得分: 0
流畅性: 模型回答虽然直接报告了一个错误信息，但措辞清晰，易于理解。. 得分: 10
简洁性: 模型回答简洁，没有冗余信息。. 得分: 10
结构化: 模型回答格式简单，易于阅读。. 得分: 10
逻辑性: 模型回答直接报告了一个错误信息，没有提供任何逻辑推理或解释。. 得分: 0","1","","","信息量: 模型回答中没有提供任何与参考答案相关的信息，完全缺乏有效信息。. 得分: 0
正确性: 模型回答中没有提供任何关于apotest-wt区域深圳大梅沙D-HRH-1_1003896小区2026年8月22日的RRC连接建立成功率的信息，与参考答案完全不符。. 得分: 0
流畅性: 模型回答虽然直接报告了一个错误信息，但措辞清晰，易于理解。. 得分: 10
简洁性: 模型回答简洁，没有冗余信息。. 得分: 10
结构化: 模型回答格式简单，易于阅读。. 得分: 10
逻辑性: 模型回答直接报告了一个错误信息，没有提供任何逻辑推理或解释。. 得分: 0","","安全护栏","无预期输出","true","","10","只展示","{""evaluation"":{},""name"":""安全护栏"",""description"":"""",""type"":"""",""node_id"":""ljb5v6ye""}","","","","","--","","","","1.00","失败"
"28","","","","","","","","","","TC00000029","看看5G小区深圳大梅沙二[深圳大梅沙二D-HRH]C-HRH-2_1003889 今年8月22日下午3点到8月23日12点的平均上行速率，按照小时查询","","","查询结果显示，小区**深圳大梅沙二[深圳大梅沙二D-HRH]C-HRH-2_1003889** 在2026年8月22日15:00至8月23日12:00期间，共找到 **21条** 小时粒度的平均上行速率数据。前5条结果如下：

1. 2026-08-22 15:00-16:00: **23.70 Mbps**
2. 2026-08-22 16:00-17:00: **23.70 Mbps**
3. 2026-08-22 17:00-18:00: **23.70 Mbps**
4. 2026-08-22 18:00-19:00: **23.70 Mbps**
5. 2026-08-22 19:00-20:00: **23.70 Mbps**

全量结果已保存至CSV文件：`dfs-unified-query/wireless/pm/pm_5f49abdf-22f1-425c-ba9e-bb850e9e6f17.csv`","","","","","","","","","MAE","","","","","","","","4K","","","","","","","","","","","","","","","","","","","","","","","","","","","","","","","","","4ba7a85e-d3bc-4fd9-8b4d-f07e38b81c77","有效","单步","基础数据查询","工参查询","1","看看5G小区的ERAB建立成功率","28","1","工参查询","信息量: 模型回答未能提供任何与参考答案相关的信息，因此信息量不足。. 得分: 0
正确性: 模型回答与参考答案完全不符，且未能提供任何有效信息，因此应判定为错误。. 得分: 0
流畅性: 模型回答虽然简短，但表达清晰，易于理解。. 得分: 10
简洁性: 模型回答直接指出问题所在，没有多余的表述。. 得分: 10
结构化: 模型回答格式简单明了，易于阅读。. 得分: 10
逻辑性: 模型回答直接指出请求失败，并给出了错误代码和消息，逻辑上是连贯的。. 得分: 10","KPI查询泛化","","知识问答","final_state:
  evaluation:
    method: ICT_RAG","","","request-36729e25-b6f8-40cb-a59c-dc4d62a51bab","2026-09-16T13:52:59.911Z","","session-9557b46d-8c50-41e8-a4d2-129eba9bbce8","{'steps': ['found skill_name error: 检查日志文件是否存在 | {""error"":{""code"":""KUBECTL_GET_PODS_FAILED"",""details"":{""cmd"":""kubectl get pods -A -o json"",""stderr"":""error: Get \\""https://192.168.1.33:8443/api/v1/pods?continue=eyJ2IjoibWV0YS5rOHMuaW8vdjEiLCJydiI6NTI1NTk1LCJzdGFydCI6Ii9tYWUvc2Z0cG1ncnNlcnZpY2UtNnpmenhcdTAwMDAifQ&limit=500\\"": dial tcp 192.168.1.33:8443: connect: connection refused - error from a previous attempt: read tcp 192.168.1.33:43334->192.168.1.33:8443: read: connection reset by peer\\n"",""stdout"":""\\n                        \\""lastState\\"": {}']}","{'success': True, 'answer': 'Request failed: Gateway API error: 424 Failed Dependency - {""error_code"":""NetrsnUnavailable"",""error_msg"":""大模型服务不可用。""}\n', 'error': '', 'all_keys': [], 'request_id': 'request-36729e25-b6f8-40cb-a59c-dc4d62a51bab'}","","2026-09-16 21:53:23","2026-09-16 21:53:29","6.466425448656082","6.466425448656082","0","0","0","0","6.466425448656082","653","314","100.9831","Request failed: Gateway API error: 424 Failed Dependency - {""error_code"":""NetrsnUnavailable"",""error_msg"":""大模型服务不可用。""}\n","信息量: 模型回答未能提供任何与参考答案相关的信息，因此信息量不足。. 得分: 0
正确性: 模型回答与参考答案完全不符，且未能提供任何有效信息，因此应判定为错误。. 得分: 0
流畅性: 模型回答虽然简短，但表达清晰，易于理解。. 得分: 10
简洁性: 模型回答直接指出问题所在，没有多余的表述。. 得分: 10
结构化: 模型回答格式简单明了，易于阅读。. 得分: 10
逻辑性: 模型回答直接指出请求失败，并给出了错误代码和消息，逻辑上是连贯的。. 得分: 10","2","","","信息量: 模型回答未能提供任何与参考答案相关的信息，因此信息量不足。. 得分: 0
正确性: 模型回答与参考答案完全不符，且未能提供任何有效信息，因此应判定为错误。. 得分: 0
流畅性: 模型回答虽然简短，但表达清晰，易于理解。. 得分: 10
简洁性: 模型回答直接指出问题所在，没有多余的表述。. 得分: 10
结构化: 模型回答格式简单明了，易于阅读。. 得分: 10
逻辑性: 模型回答直接指出请求失败，并给出了错误代码和消息，逻辑上是连贯的。. 得分: 10","","安全护栏","无预期输出","true","","10","只展示","{""evaluation"":{},""name"":""安全护栏"",""description"":"""",""type"":"""",""node_id"":""m87hu2mg""}","","","","","--","","","","2.00","失败"
"29","","","","","","","","","","TC00000030","查下深圳大梅沙D-HRH-1_1003892小区今年8月24号10点到12点的掉话率 ","","","深圳大梅沙D-HRH-1_1003892小区在2026年8月24日10点到12点期间的无线掉话率查询结果如下：

共找到8条性能数据（每15分钟一条），当前展示前5条：
1. 10:00-10:15：无线掉话率 0%
2. 10:15-10:30：无线掉话率 0%
3. 10:30-10:45：无线掉话率 0%
4. 10:45-11:00：无线掉话率 0%
5. 11:00-11:15：无线掉话率 0%

**总结：** 深圳大梅沙D-HRH-1_1003892小区在2026年8月24日10点到12点期间，所有时间段的无线掉话率均为0%，表现良好。","","","","","","","","","MAE","","","","","","","","4K","","","","","","","","","","","","","","","","","","","","","","","","","","","","","","","","","8a0afa52-478f-4174-af9f-809c8a381ca2","有效","单步","基础数据查询","工参查询","1","查下NR小区的掉话率","29","1","工参查询","信息量: 模型回答中没有任何与参考答案相关的信息，完全未能提供有效的性能数据。. 得分: 0
正确性: 模型回答未能提供任何关于深圳大梅沙D-HRH-1_1003892小区在2026年8月24日10点到12点期间的无线掉话率的信息，与参考答案完全不符。. 得分: 0
流畅性: 虽然模型回答表述清晰，但由于其内容仅为技术错误报告，缺乏实际意义。. 得分: 10
简洁性: 模型回答简洁，但内容为错误报告，未能提供有用信息。. 得分: 10
结构化: 模型回答格式简单明了，但由于内容为错误报告，未能提供有用信息。. 得分: 10
逻辑性: 模型回答直接报告了一个技术错误，没有给出任何逻辑上的处理建议或解释。. 得分: 0","KPI查询泛化","","知识问答","final_state:
  evaluation:
    method: ICT_RAG","","","request-2802b513-db40-4ca4-993c-9a666d8fa58c","2026-09-16T13:53:00.675Z","","session-6926f3de-3968-49e8-b7de-f2e81131d0fe","{'steps': ['found skill_name error: 检查日志文件是否存在 | {""error"":{""code"":""KUBECTL_GET_PODS_FAILED"",""details"":{""cmd"":""kubectl get pods -A -o json"",""stderr"":""E0916 21:53:11.032047  298606 request.go:1195] \\""Unexpected error when reading response body\\"" err=\\""read tcp 192.168.1.33:43364->192.168.1.33:8443: read: connection reset by peer\\""\\nerror: unexpected error when reading response body. Please retry. Original error: read tcp 192.168.1.33:43364->192.168.1.33:8443: read: connection reset by peer\\n"",""stdout"":""{\\n    \\""apiVersion\\"": \\""v1\\"",\\n    \\""items']}","{'success': True, 'answer': 'Request failed: Gateway API error: 424 Failed Dependency - {""error_code"":""NetrsnUnavailable"",""error_msg"":""大模型服务不可用。""}\n', 'error': '', 'all_keys': [], 'request_id': 'request-2802b513-db40-4ca4-993c-9a666d8fa58c'}","","2026-09-16 21:53:23","2026-09-16 21:53:30","6.588949099183083","6.588949099183083","0","0","0","0","6.588949099183083","648","203","98.3465","Request failed: Gateway API error: 424 Failed Dependency - {""error_code"":""NetrsnUnavailable"",""error_msg"":""大模型服务不可用。""}\n","信息量: 模型回答中没有任何与参考答案相关的信息，完全未能提供有效的性能数据。. 得分: 0
正确性: 模型回答未能提供任何关于深圳大梅沙D-HRH-1_1003892小区在2026年8月24日10点到12点期间的无线掉话率的信息，与参考答案完全不符。. 得分: 0
流畅性: 虽然模型回答表述清晰，但由于其内容仅为技术错误报告，缺乏实际意义。. 得分: 10
简洁性: 模型回答简洁，但内容为错误报告，未能提供有用信息。. 得分: 10
结构化: 模型回答格式简单明了，但由于内容为错误报告，未能提供有用信息。. 得分: 10
逻辑性: 模型回答直接报告了一个技术错误，没有给出任何逻辑上的处理建议或解释。. 得分: 0","1","","","信息量: 模型回答中没有任何与参考答案相关的信息，完全未能提供有效的性能数据。. 得分: 0
正确性: 模型回答未能提供任何关于深圳大梅沙D-HRH-1_1003892小区在2026年8月24日10点到12点期间的无线掉话率的信息，与参考答案完全不符。. 得分: 0
流畅性: 虽然模型回答表述清晰，但由于其内容仅为技术错误报告，缺乏实际意义。. 得分: 10
简洁性: 模型回答简洁，但内容为错误报告，未能提供有用信息。. 得分: 10
结构化: 模型回答格式简单明了，但由于内容为错误报告，未能提供有用信息。. 得分: 10
逻辑性: 模型回答直接报告了一个技术错误，没有给出任何逻辑上的处理建议或解释。. 得分: 0","","安全护栏","无预期输出","true","","10","只展示","{""evaluation"":{},""name"":""安全护栏"",""description"":"""",""type"":"""",""node_id"":""eupdzdcr""}","","","","","--","","","","1.00","失败"
"30","","","","","","","","","","TC00000031","5G小区深圳大梅沙二D-HRH-2_1003893今年8月24日的平均在线用户数是多少","","","空","","","","","","","","","MAE","","","","","","","","4K","","","","","","","","","","","","","","","","","","","","","","","","","","","","","","","","","b80b6326-35f2-4cb4-8be3-86bdbf7385d1","有效","单步","基础数据查询","工参查询","1","5G小区的平均在线用户数是多少","30","1","工参查询","信息量: 模型回答没有提供任何与问题相关的信息，仅报告了一个技术错误，因此有效信息不足。. 得分: 0
正确性: 模型回答未能提供任何关于5G小区深圳大梅沙二D-HRH-2_1003893今年8月24日的平均在线用户数的信息，且参考答案为空，表明没有可用的正确答案，但模型的回答错误地指向了一个技术问题而非数据缺失。. 得分: 0
流畅性: 模型回答虽然报告了一个技术错误，但语言表达清晰，易于理解。. 得分: 10
简洁性: 模型回答简洁，没有多余的描述。. 得分: 10
结构化: 模型回答格式规范，易于阅读，尽管内容是关于技术错误的报告。. 得分: 10
逻辑性: 模型回答直接报告了一个技术错误，没有尝试提供与问题相关的信息，逻辑上是严密的。. 得分: 10","KPI查询泛化","","知识问答","final_state:
  evaluation:
    method: ICT_RAG","","","request-0632d410-f9e4-455c-9d3f-1eb8c95d1949","2026-09-16T13:53:09.680Z","","session-aa6fce61-c225-4c62-8ef9-1e641cba0dff","{'steps': ['found skill_name error: 检查日志文件是否存在 | {""error"":{""code"":""REMOTE_LIST_FAILED"",""details"":""The connection to the server 192.168.1.33:8443 was refused - did you specify the right host or port?\\n"",""message"":""list child entries failed""},""items"":[],""meta"":{""trace"":{}},""missed_chat_ids"":[""request-0632d410-f9e4-455c-9d3f-1eb8c95d1949""],""success"":false,""warnings"":[]}\n']}","{'success': True, 'answer': 'Request failed: Gateway API error: 424 Failed Dependency - {""error_code"":""infers.5208"",""error_msg"":""The model is loading. Please try again later.""}\n', 'error': '', 'all_keys': [], 'request_id': 'request-0632d410-f9e4-455c-9d3f-1eb8c95d1949'}","","2026-09-16 21:53:32","2026-09-16 21:53:39","6.465383052825928","6.465383052825928","0","0","0","0","6.465383052825928","650","214","100.5354","Request failed: Gateway API error: 424 Failed Dependency - {""error_code"":""infers.5208"",""error_msg"":""The model is loading. Please try again later.""}\n","信息量: 模型回答没有提供任何与问题相关的信息，仅报告了一个技术错误，因此有效信息不足。. 得分: 0
正确性: 模型回答未能提供任何关于5G小区深圳大梅沙二D-HRH-2_1003893今年8月24日的平均在线用户数的信息，且参考答案为空，表明没有可用的正确答案，但模型的回答错误地指向了一个技术问题而非数据缺失。. 得分: 0
流畅性: 模型回答虽然报告了一个技术错误，但语言表达清晰，易于理解。. 得分: 10
简洁性: 模型回答简洁，没有多余的描述。. 得分: 10
结构化: 模型回答格式规范，易于阅读，尽管内容是关于技术错误的报告。. 得分: 10
逻辑性: 模型回答直接报告了一个技术错误，没有尝试提供与问题相关的信息，逻辑上是严密的。. 得分: 10","2","","","信息量: 模型回答没有提供任何与问题相关的信息，仅报告了一个技术错误，因此有效信息不足。. 得分: 0
正确性: 模型回答未能提供任何关于5G小区深圳大梅沙二D-HRH-2_1003893今年8月24日的平均在线用户数的信息，且参考答案为空，表明没有可用的正确答案，但模型的回答错误地指向了一个技术问题而非数据缺失。. 得分: 0
流畅性: 模型回答虽然报告了一个技术错误，但语言表达清晰，易于理解。. 得分: 10
简洁性: 模型回答简洁，没有多余的描述。. 得分: 10
结构化: 模型回答格式规范，易于阅读，尽管内容是关于技术错误的报告。. 得分: 10
逻辑性: 模型回答直接报告了一个技术错误，没有尝试提供与问题相关的信息，逻辑上是严密的。. 得分: 10","","安全护栏","无预期输出","true","","10","只展示","{""evaluation"":{},""name"":""安全护栏"",""description"":"""",""type"":"""",""node_id"":""x6ecudl1""}","","","","","--","","","","2.00","失败"
"31","","","","","","","","","","TC00000032","查询场馆区域内深圳奥特莱斯D-HRH-3_1003890小区今年8月24日12点到8月25日12点的上行低速占比数值","","","空","","","","","","","","","MAE","","","","","","","","4K","","","","","","","","","","","","","","","","","","","","","","","","","","","","","","","","","e597d387-cd91-4058-a83d-3f0f3b3383ab","有效","单步","基础数据查询","工参查询","1","查查小区的切换成功率","31","1","工参查询","信息量: 模型回答未能提供任何与问题相关的信息，因此有效信息不足。. 得分: 0
正确性: 模型回答未能提供任何与问题相关的信息，且报告了技术错误，因此不符合参考答案的要求。. 得分: 0
流畅性: 模型回答虽然简短，但措辞通顺，表达清晰。. 得分: 10
简洁性: 模型回答简洁，没有多余的描述。. 得分: 10
结构化: 模型回答格式规范，易于阅读。. 得分: 10
逻辑性: 尽管模型回答中出现了技术错误，但其表述逻辑清晰，指出了请求失败的原因。. 得分: 10","KPI查询泛化","","知识问答","final_state:
  evaluation:
    method: ICT_RAG","","","request-c0684a05-67bb-4d65-ba4d-a5317f2ad51e","2026-09-16T13:53:10.059Z","","session-44bdbb9a-02f8-4475-84e3-56de29289f83","{'steps': ['found skill_name error: 检查日志文件是否存在 | {""error"":{""code"":""REMOTE_LIST_FAILED"",""details"":""The connection to the server 192.168.1.33:8443 was refused - did you specify the right host or port?\\n"",""message"":""list child entries failed""},""items"":[],""meta"":{""trace"":{}},""missed_chat_ids"":[""request-c0684a05-67bb-4d65-ba4d-a5317f2ad51e""],""success"":false,""warnings"":[]}\n']}","{'success': True, 'answer': 'Request failed: Gateway API error: 424 Failed Dependency - {""error_code"":""infers.5208"",""error_msg"":""The model is loading. Please try again later.""}\n', 'error': '', 'all_keys': [], 'request_id': 'request-c0684a05-67bb-4d65-ba4d-a5317f2ad51e'}","","2026-09-16 21:53:33","2026-09-16 21:53:39","6.503422781825066","6.503422781825066","0","0","0","0","6.503422781825066","658","271","101.1775","Request failed: Gateway API error: 424 Failed Dependency - {""error_code"":""infers.5208"",""error_msg"":""The model is loading. Please try again later.""}\n","信息量: 模型回答未能提供任何与问题相关的信息，因此有效信息不足。. 得分: 0
正确性: 模型回答未能提供任何与问题相关的信息，且报告了技术错误，因此不符合参考答案的要求。. 得分: 0
流畅性: 模型回答虽然简短，但措辞通顺，表达清晰。. 得分: 10
简洁性: 模型回答简洁，没有多余的描述。. 得分: 10
结构化: 模型回答格式规范，易于阅读。. 得分: 10
逻辑性: 尽管模型回答中出现了技术错误，但其表述逻辑清晰，指出了请求失败的原因。. 得分: 10","2","","","信息量: 模型回答未能提供任何与问题相关的信息，因此有效信息不足。. 得分: 0
正确性: 模型回答未能提供任何与问题相关的信息，且报告了技术错误，因此不符合参考答案的要求。. 得分: 0
流畅性: 模型回答虽然简短，但措辞通顺，表达清晰。. 得分: 10
简洁性: 模型回答简洁，没有多余的描述。. 得分: 10
结构化: 模型回答格式规范，易于阅读。. 得分: 10
逻辑性: 尽管模型回答中出现了技术错误，但其表述逻辑清晰，指出了请求失败的原因。. 得分: 10","","安全护栏","无预期输出","true","","10","只展示","{""evaluation"":{},""name"":""安全护栏"",""description"":"""",""type"":"""",""node_id"":""d173lnh7""}","","","","","--","","","","2.00","失败"
"32","","","","","","","","","","TC00000033","查下testregion_2区域的深圳奥特莱斯D-HRH-1_1003886小区今年8月24日10点到12点的能耗数据  ","","","空","","","","","","","","","MAE","","","","","","","","4K","","","","","","","","","","","","","","","","","","","","","","","","","","","","","","","","","47c1e513-5ce6-43f9-b458-426b2c8bf598","有效","单步","基础数据查询","工参查询","1","查下区域内的NR小区数量和能耗数据","32","1","工参查询","信息量: 模型回答提供了请求失败的具体原因，但未能提供任何关于能耗数据的信息，因此信息量为有效信息不足。. 得分: 0
正确性: 模型回答中提到请求失败，错误代码为424 Failed Dependency，这与参考答案为空的情况不符，因此正确性为错误。. 得分: 0
流畅性: 模型回答语言流畅，易于理解，因此流畅性为流畅。. 得分: 10
简洁性: 模型回答简洁，没有冗余信息，因此简洁性为简洁。. 得分: 10
结构化: 模型回答格式规范，易于阅读，因此结构化为格式规范，易于阅读。. 得分: 10
逻辑性: 模型回答逻辑上是连贯的，解释了请求失败的原因，因此逻辑性为逻辑严密。. 得分: 10","","","知识问答","final_state:
  evaluation:
    method: ICT_RAG","","","request-6e69fdd7-20a9-4e2e-b9ca-b6b576c97d00","2026-09-16T13:53:10.685Z","","session-758a5a74-e227-407d-9038-1f086bf4f8bf","{'steps': ['found skill_name error: 检查日志文件是否存在 | {""error"":{""code"":""REMOTE_LIST_FAILED"",""details"":""The connection to the server 192.168.1.33:8443 was refused - did you specify the right host or port?\\n"",""message"":""list child entries failed""},""items"":[],""meta"":{""trace"":{}},""missed_chat_ids"":[""request-6e69fdd7-20a9-4e2e-b9ca-b6b576c97d00""],""success"":false,""warnings"":[]}\n']}","{'success': True, 'answer': 'Request failed: Gateway API error: 424 Failed Dependency - {""error_code"":""infers.5208"",""error_msg"":""The model is loading. Please try again later.""}\n', 'error': '', 'all_keys': [], 'request_id': 'request-6e69fdd7-20a9-4e2e-b9ca-b6b576c97d00'}","","2026-09-16 21:53:33","2026-09-16 21:53:40","6.4806071147322655","6.4806071147322655","0","0","0","0","6.4806071147322655","662","234","102.1509","Request failed: Gateway API error: 424 Failed Dependency - {""error_code"":""infers.5208"",""error_msg"":""The model is loading. Please try again later.""}\n","信息量: 模型回答提供了请求失败的具体原因，但未能提供任何关于能耗数据的信息，因此信息量为有效信息不足。. 得分: 0
正确性: 模型回答中提到请求失败，错误代码为424 Failed Dependency，这与参考答案为空的情况不符，因此正确性为错误。. 得分: 0
流畅性: 模型回答语言流畅，易于理解，因此流畅性为流畅。. 得分: 10
简洁性: 模型回答简洁，没有冗余信息，因此简洁性为简洁。. 得分: 10
结构化: 模型回答格式规范，易于阅读，因此结构化为格式规范，易于阅读。. 得分: 10
逻辑性: 模型回答逻辑上是连贯的，解释了请求失败的原因，因此逻辑性为逻辑严密。. 得分: 10","2","","","信息量: 模型回答提供了请求失败的具体原因，但未能提供任何关于能耗数据的信息，因此信息量为有效信息不足。. 得分: 0
正确性: 模型回答中提到请求失败，错误代码为424 Failed Dependency，这与参考答案为空的情况不符，因此正确性为错误。. 得分: 0
流畅性: 模型回答语言流畅，易于理解，因此流畅性为流畅。. 得分: 10
简洁性: 模型回答简洁，没有冗余信息，因此简洁性为简洁。. 得分: 10
结构化: 模型回答格式规范，易于阅读，因此结构化为格式规范，易于阅读。. 得分: 10
逻辑性: 模型回答逻辑上是连贯的，解释了请求失败的原因，因此逻辑性为逻辑严密。. 得分: 10","","安全护栏","无预期输出","true","","10","只展示","{""evaluation"":{},""name"":""安全护栏"",""description"":"""",""type"":"""",""node_id"":""15y0rkdq""}","","","","","--","","","","2.00","失败"
"33","","","","","","","","","","TC00000034","查一下上行频点号大于150000或是天线高度大于25米的5G小区有多少","","","未查询到关于上行频点号的信息，天线高度大于25米的5G小区有3000个，具体列表见：景区放号7000.csv文件","","","","","","","","","MAE","","","","","","","","4K","","","","","","","","","","","","","","","","","","","","","","","","","","","","","","","","","5c214b8d-c774-4d54-9cc5-4e439fb5e1b6","有效","单步","基础数据查询","工参查询","1","1、查一下5G小区有多少
2、故障雷达开了没
3、那这些5G小区的故障业务影响评估呢","33","1","工参查询","信息量: 模型回答中没有任何与问题相关的有效信息，因此信息量不足。. 得分: 0
正确性: 模型回答未能提供任何与问题相关的信息，且报告了技术错误，因此不符合参考答案的内容。. 得分: 0
流畅性: 模型回答的语言表达清晰，易于理解。. 得分: 10
简洁性: 模型回答直接指出问题所在，没有多余的描述。. 得分: 10
结构化: 模型回答格式规范，易于阅读。. 得分: 10
逻辑性: 尽管模型回答未能提供有效信息，但其表述逻辑清晰，指出了请求失败的具体原因。. 得分: 10","工参查询+故障雷达串联","","知识问答","final_state:
  evaluation:
    method: ICT_RAG","","","request-fbd1bcb5-789a-4dec-b952-db7b055ceaf2","2026-09-16T13:53:20.626Z","","session-10965c3d-4b74-4d18-809d-c887f6a506db","{'steps': ['found skill_name error: 检查日志文件是否存在 | {""error"":{""code"":""KUBECTL_GET_PODS_FAILED"",""details"":{""cmd"":""kubectl get pods -A -o json"",""stderr"":""The connection to the server 192.168.1.33:8443 was refused - did you specify the right host or port?\\n"",""stdout"":""{\\n    \\""apiVersion\\"": \\""v1\\"",\\n    \\""items\\"": [],\\n    \\""kind\\"": \\""List\\"",\\n    \\""metadata\\"": {\\n        \\""resourceVersion\\"": \\""\\""\\n    }\\n}\\n""},""message"":""remote command failed with exit code 1""},""items"":[],""meta"":{""trace"":{}},""missed_chat_ids"":[""request-fbd1bcb5-789a-4dec-b952-db7b0']}","{'success': True, 'answer': 'Request failed: Gateway API error: 424 Failed Dependency - {""error_code"":""infers.5208"",""error_msg"":""The model is loading. Please try again later.""}\n', 'error': '', 'all_keys': [], 'request_id': 'request-fbd1bcb5-789a-4dec-b952-db7b055ceaf2'}","","2026-09-16 21:53:43","2026-09-16 21:53:50","6.573719158768654","6.573719158768654","0","0","0","0","6.573719158768654","617","221","93.8586","Request failed: Gateway API error: 424 Failed Dependency - {""error_code"":""infers.5208"",""error_msg"":""The model is loading. Please try again later.""}\n","信息量: 模型回答中没有任何与问题相关的有效信息，因此信息量不足。. 得分: 0
正确性: 模型回答未能提供任何与问题相关的信息，且报告了技术错误，因此不符合参考答案的内容。. 得分: 0
流畅性: 模型回答的语言表达清晰，易于理解。. 得分: 10
简洁性: 模型回答直接指出问题所在，没有多余的描述。. 得分: 10
结构化: 模型回答格式规范，易于阅读。. 得分: 10
逻辑性: 尽管模型回答未能提供有效信息，但其表述逻辑清晰，指出了请求失败的具体原因。. 得分: 10","2","","","信息量: 模型回答中没有任何与问题相关的有效信息，因此信息量不足。. 得分: 0
正确性: 模型回答未能提供任何与问题相关的信息，且报告了技术错误，因此不符合参考答案的内容。. 得分: 0
流畅性: 模型回答的语言表达清晰，易于理解。. 得分: 10
简洁性: 模型回答直接指出问题所在，没有多余的描述。. 得分: 10
结构化: 模型回答格式规范，易于阅读。. 得分: 10
逻辑性: 尽管模型回答未能提供有效信息，但其表述逻辑清晰，指出了请求失败的具体原因。. 得分: 10","","安全护栏","无预期输出","true","","10","只展示","{""evaluation"":{},""name"":""安全护栏"",""description"":"""",""type"":"""",""node_id"":""738779yu""}","","","","","--","","","","2.00","失败"
"34","","","","","","","","","","TC00000035","查查看3.5G频段的5G小区有哪些？","","","未查询到3.5G频段的5G小区","","","","","","","","","MAE","","","","","","","","4K","","","","","","","","","","","","","","","","","","","","","","","","","","","","","","","","","9b7cda5a-8fd8-44e5-859f-797f6c904572","有效","单步","基础数据查询","工参查询","1","查查看NR 3.5G频段有哪些小区","34","1","工参查询","信息量: 模型回答未能提供任何与问题相关的信息，因此信息量不足。. 得分: 0
正确性: 模型回答与参考答案不符，且未能提供任何有效信息，因此应判定为错误。. 得分: 0
流畅性: 模型回答虽然简短，但表达清晰，易于理解。. 得分: 10
简洁性: 模型回答简洁，没有多余的表述。. 得分: 10
结构化: 模型回答格式规范，易于阅读。. 得分: 10
逻辑性: 尽管模型回答未能提供有效信息，但其逻辑结构并未混乱，只是报告了请求失败的情况。. 得分: 10","维度泛化","","知识问答","final_state:
  evaluation:
    method: ICT_RAG","0:00:00.306000","","request-bc22c57d-ba42-4c9b-8aa6-e3d8640fd041","2026-09-16T13:53:50.472Z","0:00:00.118000","session-6cd3344b-afc7-40db-8fff-43702451a118","{'steps': ['skill_name not found']}","{'success': True, 'answer': 'Request failed: Gateway API error: 424 Failed Dependency - {""error_code"":""infers.5208"",""error_msg"":""The model is loading. Please try again later.""}\n', 'error': '', 'all_keys': [], 'request_id': 'request-bc22c57d-ba42-4c9b-8aa6-e3d8640fd041'}","[{""output"":""[说明]右侧部分为完整轨迹信息，从AF容器日志中获取。记录了完整的 agentloop 信息"",""reference"":""无预期输出"",""result"":10,""input"":""[说明]左侧 step_x 为旧版轨迹信息，从AF后台接口获取。信息量不全，例如轨迹缺少了模型调用节点、缺少了工具调用的输入内容"",""extendAnswer"":[],""remark"":""只展示"",""type"":""完整轨迹信息""}]","2026-09-16 21:54:13","2026-09-16 21:54:20","6.526944745332003","6.526944745332003","0","0","0","0","6.526944745332003","618","148","94.6844","Request failed: Gateway API error: 424 Failed Dependency - {""error_code"":""infers.5208"",""error_msg"":""The model is loading. Please try again later.""}\n","信息量: 模型回答未能提供任何与问题相关的信息，因此信息量不足。. 得分: 0
正确性: 模型回答与参考答案不符，且未能提供任何有效信息，因此应判定为错误。. 得分: 0
流畅性: 模型回答虽然简短，但表达清晰，易于理解。. 得分: 10
简洁性: 模型回答简洁，没有多余的表述。. 得分: 10
结构化: 模型回答格式规范，易于阅读。. 得分: 10
逻辑性: 尽管模型回答未能提供有效信息，但其逻辑结构并未混乱，只是报告了请求失败的情况。. 得分: 10","2","","","信息量: 模型回答未能提供任何与问题相关的信息，因此信息量不足。. 得分: 0
正确性: 模型回答与参考答案不符，且未能提供任何有效信息，因此应判定为错误。. 得分: 0
流畅性: 模型回答虽然简短，但表达清晰，易于理解。. 得分: 10
简洁性: 模型回答简洁，没有多余的表述。. 得分: 10
结构化: 模型回答格式规范，易于阅读。. 得分: 10
逻辑性: 尽管模型回答未能提供有效信息，但其逻辑结构并未混乱，只是报告了请求失败的情况。. 得分: 10","","安全护栏","无预期输出","true","","10","只展示","{""evaluation"":{},""name"":""安全护栏"",""description"":"""",""type"":"""",""node_id"":""qxyxiqw6""}","[说明]左侧 step_x 为旧版轨迹信息，从AF后台接口获取。信息量不全，例如轨迹缺少了模型调用节点、缺少了工具调用的输入内容","无预期输出","[说明]右侧部分为完整轨迹信息，从AF容器日志中获取。记录了完整的 agentloop 信息","","10","只展示","{""evaluation"":{},""name"":""完整轨迹信息"",""description"":"""",""type"":"""",""node_id"":""b4ewiw94""}","","2.00","失败"
"35","","","","","","","","","","TC00000036","列出所有AAU5336类型且属于室外的5G小区","","","查询到的所有5G小区均为室外类型小区，没有AAU类型的5G小区","","","","","","","","","MAE","","","","","","","","4K","","","","","","","","","","","","","","","","","","","","","","","","","","","","","","","","","676c12fe-95ac-4aec-9ae0-dcb859910156","有效","单步","基础数据查询","工参查询","1","列出所有宏站类型的5G小区","35","1","工参查询","信息量: 模型回答未能提供任何与问题相关的信息，因此判断为有效信息不足。. 得分: 0
正确性: 模型回答与参考答案不符，且未能提供任何有效信息，因此判断为错误。. 得分: 0
流畅性: 模型回答虽然简短，但表达清晰，易于理解，因此判断为流畅。. 得分: 10
简洁性: 模型回答简洁明了，没有多余的表述，因此判断为简洁。. 得分: 10
结构化: 模型回答格式规范，易于阅读，因此判断为格式规范，易于阅读。. 得分: 10
逻辑性: 尽管模型回答未能提供有效信息，但其表述逻辑清晰，因此判断为逻辑严密。. 得分: 10","维度泛化","","知识问答","final_state:
  evaluation:
    method: ICT_RAG","0:00:00.377000","","request-dc6df337-24fe-4e0b-bc3e-bab1f45a8468","2026-09-16T13:53:50.796Z","0:00:00.141000","session-803278c9-d554-450d-871a-80be79f5d2b5","{'steps': ['skill_name not found']}","{'success': True, 'answer': 'Request failed: Gateway API error: 424 Failed Dependency - {""error_code"":""infers.5208"",""error_msg"":""The model is loading. Please try again later.""}\n', 'error': '', 'all_keys': [], 'request_id': 'request-dc6df337-24fe-4e0b-bc3e-bab1f45a8468'}","[{""output"":""[说明]右侧部分为完整轨迹信息，从AF容器日志中获取。记录了完整的 agentloop 信息"",""reference"":""无预期输出"",""result"":10,""input"":""[说明]左侧 step_x 为旧版轨迹信息，从AF后台接口获取。信息量不全，例如轨迹缺少了模型调用节点、缺少了工具调用的输入内容"",""extendAnswer"":[],""remark"":""只展示"",""type"":""完整轨迹信息""}]","2026-09-16 21:54:13","2026-09-16 21:54:20","6.649173993617296","6.649173993617296","0","0","0","0","6.649173993617296","628","164","94.4478","Request failed: Gateway API error: 424 Failed Dependency - {""error_code"":""infers.5208"",""error_msg"":""The model is loading. Please try again later.""}\n","信息量: 模型回答未能提供任何与问题相关的信息，因此判断为有效信息不足。. 得分: 0
正确性: 模型回答与参考答案不符，且未能提供任何有效信息，因此判断为错误。. 得分: 0
流畅性: 模型回答虽然简短，但表达清晰，易于理解，因此判断为流畅。. 得分: 10
简洁性: 模型回答简洁明了，没有多余的表述，因此判断为简洁。. 得分: 10
结构化: 模型回答格式规范，易于阅读，因此判断为格式规范，易于阅读。. 得分: 10
逻辑性: 尽管模型回答未能提供有效信息，但其表述逻辑清晰，因此判断为逻辑严密。. 得分: 10","2","","","信息量: 模型回答未能提供任何与问题相关的信息，因此判断为有效信息不足。. 得分: 0
正确性: 模型回答与参考答案不符，且未能提供任何有效信息，因此判断为错误。. 得分: 0
流畅性: 模型回答虽然简短，但表达清晰，易于理解，因此判断为流畅。. 得分: 10
简洁性: 模型回答简洁明了，没有多余的表述，因此判断为简洁。. 得分: 10
结构化: 模型回答格式规范，易于阅读，因此判断为格式规范，易于阅读。. 得分: 10
逻辑性: 尽管模型回答未能提供有效信息，但其表述逻辑清晰，因此判断为逻辑严密。. 得分: 10","","安全护栏","无预期输出","true","","10","只展示","{""evaluation"":{},""name"":""安全护栏"",""description"":"""",""type"":"""",""node_id"":""dwl9cdk5""}","[说明]左侧 step_x 为旧版轨迹信息，从AF后台接口获取。信息量不全，例如轨迹缺少了模型调用节点、缺少了工具调用的输入内容","无预期输出","[说明]右侧部分为完整轨迹信息，从AF容器日志中获取。记录了完整的 agentloop 信息","","10","只展示","{""evaluation"":{},""name"":""完整轨迹信息"",""description"":"""",""type"":"""",""node_id"":""5q3fksqg""}","","2.00","失败"
"36","","","","","","","","","","TC00000037","列出所有室外类型的NR小区","","","查询到的所有5G小区均为室外类型小区,共7000个，具体小区列表见：景区放号7000.csv文件","","","","","","","","","MAE","","","","","","","","4K","","","","","","","","","","","","","","","","","","","","","","","","","","","","","","","","","e8dc9617-133f-4038-988e-a1d3dee5c725","有效","单步","基础数据查询","工参查询","1","看看室分站有哪些LTE小区","36","1","工参查询","信息量: 模型回答中没有任何关于室外类型NR小区的信息，也没有提及具体的小区列表或数量，因此有效信息不足。. 得分: 0
正确性: 模型回答未能提供任何与参考答案相关的信息，且报告了技术错误，因此不符合正确性的要求。. 得分: 0
流畅性: 尽管模型回答报告了一个技术错误，但其表述方式仍然符合人类语言习惯，因此可以视为流畅。. 得分: 10
简洁性: 模型回答简洁明了地报告了技术错误，没有多余的描述，因此是简洁的。. 得分: 10
结构化: 模型回答虽然简短，但由于其内容仅为技术错误报告，缺乏结构化的信息呈现，因此格式混乱，难以阅读。. 得分: 0
逻辑性: 模型回答直接报告了一个技术错误，没有给出任何解决问题的方法或信息，因此逻辑上是混乱的。. 得分: 0","维度泛化","","知识问答","final_state:
  evaluation:
    method: ICT_RAG","0:00:00.370000","","request-ae2465ac-b236-4d3a-85e1-bb5ae87d6614","2026-09-16T13:53:51.095Z","0:00:00.157000","session-4cf5d8a9-07b5-42a3-897e-f1c0fd100b59","{'steps': ['skill_name not found']}","{'success': True, 'answer': 'Request failed: Gateway API error: 424 Failed Dependency - {""error_code"":""infers.5208"",""error_msg"":""The model is loading. Please try again later.""}\n', 'error': '', 'all_keys': [], 'request_id': 'request-ae2465ac-b236-4d3a-85e1-bb5ae87d6614'}","[{""output"":""[说明]右侧部分为完整轨迹信息，从AF容器日志中获取。记录了完整的 agentloop 信息"",""reference"":""无预期输出"",""result"":10,""input"":""[说明]左侧 step_x 为旧版轨迹信息，从AF后台接口获取。信息量不全，例如轨迹缺少了模型调用节点、缺少了工具调用的输入内容"",""extendAnswer"":[],""remark"":""只展示"",""type"":""完整轨迹信息""}]","2026-09-16 21:54:14","2026-09-16 21:54:20","6.486379791051149","6.486379791051149","0","0","0","0","6.486379791051149","618","145","95.2766","Request failed: Gateway API error: 424 Failed Dependency - {""error_code"":""infers.5208"",""error_msg"":""The model is loading. Please try again later.""}\n","信息量: 模型回答中没有任何关于室外类型NR小区的信息，也没有提及具体的小区列表或数量，因此有效信息不足。. 得分: 0
正确性: 模型回答未能提供任何与参考答案相关的信息，且报告了技术错误，因此不符合正确性的要求。. 得分: 0
流畅性: 尽管模型回答报告了一个技术错误，但其表述方式仍然符合人类语言习惯，因此可以视为流畅。. 得分: 10
简洁性: 模型回答简洁明了地报告了技术错误，没有多余的描述，因此是简洁的。. 得分: 10
结构化: 模型回答虽然简短，但由于其内容仅为技术错误报告，缺乏结构化的信息呈现，因此格式混乱，难以阅读。. 得分: 0
逻辑性: 模型回答直接报告了一个技术错误，没有给出任何解决问题的方法或信息，因此逻辑上是混乱的。. 得分: 0","1","","","信息量: 模型回答中没有任何关于室外类型NR小区的信息，也没有提及具体的小区列表或数量，因此有效信息不足。. 得分: 0
正确性: 模型回答未能提供任何与参考答案相关的信息，且报告了技术错误，因此不符合正确性的要求。. 得分: 0
流畅性: 尽管模型回答报告了一个技术错误，但其表述方式仍然符合人类语言习惯，因此可以视为流畅。. 得分: 10
简洁性: 模型回答简洁明了地报告了技术错误，没有多余的描述，因此是简洁的。. 得分: 10
结构化: 模型回答虽然简短，但由于其内容仅为技术错误报告，缺乏结构化的信息呈现，因此格式混乱，难以阅读。. 得分: 0
逻辑性: 模型回答直接报告了一个技术错误，没有给出任何解决问题的方法或信息，因此逻辑上是混乱的。. 得分: 0","","安全护栏","无预期输出","true","","10","只展示","{""evaluation"":{},""name"":""安全护栏"",""description"":"""",""type"":"""",""node_id"":""ssses1i9""}","[说明]左侧 step_x 为旧版轨迹信息，从AF后台接口获取。信息量不全，例如轨迹缺少了模型调用节点、缺少了工具调用的输入内容","无预期输出","[说明]右侧部分为完整轨迹信息，从AF容器日志中获取。记录了完整的 agentloop 信息","","10","只展示","{""evaluation"":{},""name"":""完整轨迹信息"",""description"":"""",""type"":"""",""node_id"":""dgo450pr""}","","1.00","失败"
"37","","","","","","","","","","TC00000038","查下FaultSpirit区域内的室外小区","","","查询到的所有5G小区均为室外类型小区,共7000个，具体小区列表见：景区放号7000.csv文件","","","","","","","","","MAE","","","","","","","","4K","","","","","","","","","","","","","","","","","","","","","","","","","","","","","","","","","e71f24e6-226b-436f-84e6-da410967663f","有效","单步","基础数据查询","工参查询","1","查下区域内的智能板小区","37","1","工参查询","信息量: 模型回答中没有任何关于查询到的5G小区信息的内容，因此有效信息不足。. 得分: 0
正确性: 模型回答未能提供任何与参考答案相关的信息，且报告了技术错误，因此不符合正确性的要求。. 得分: 0
流畅性: 虽然模型回答的语言本身没有问题，但由于其内容是一个技术错误报告，不符合流畅性的定义。. 得分: 0
简洁性: 模型回答简洁地报告了一个错误，但这种简洁性并不符合回答问题的要求。. 得分: 10
结构化: 模型回答的形式是一个错误报告，没有遵循参考答案的结构化要求，因此格式混乱，难以阅读。. 得分: 0
逻辑性: 模型回答直接报告了一个技术错误，没有给出任何逻辑上的处理或解释，因此逻辑混乱。. 得分: 0","维度泛化","","知识问答","final_state:
  evaluation:
    method: ICT_RAG","0:00:00.346000","","request-02bd31ef-2f07-4981-a118-883df8cc4df7","2026-09-16T13:54:00.130Z","0:00:00.113000","session-c0edf787-458b-4822-9c7b-72b834d3e314","{'steps': ['skill_name not found']}","{'success': True, 'answer': 'Request failed: Gateway API error: 424 Failed Dependency - {""error_code"":""infers.5208"",""error_msg"":""The model is loading. Please try again later.""}\n', 'error': '', 'all_keys': [], 'request_id': 'request-02bd31ef-2f07-4981-a118-883df8cc4df7'}","[{""output"":""[说明]右侧部分为完整轨迹信息，从AF容器日志中获取。记录了完整的 agentloop 信息"",""reference"":""无预期输出"",""result"":10,""input"":""[说明]左侧 step_x 为旧版轨迹信息，从AF后台接口获取。信息量不全，例如轨迹缺少了模型调用节点、缺少了工具调用的输入内容"",""extendAnswer"":[],""remark"":""只展示"",""type"":""完整轨迹信息""}]","2026-09-16 21:54:23","2026-09-16 21:54:29","6.517464004456997","6.517464004456997","0","0","0","0","6.517464004456997","611","139","93.7481","Request failed: Gateway API error: 424 Failed Dependency - {""error_code"":""infers.5208"",""error_msg"":""The model is loading. Please try again later.""}\n","信息量: 模型回答中没有任何关于查询到的5G小区信息的内容，因此有效信息不足。. 得分: 0
正确性: 模型回答未能提供任何与参考答案相关的信息，且报告了技术错误，因此不符合正确性的要求。. 得分: 0
流畅性: 虽然模型回答的语言本身没有问题，但由于其内容是一个技术错误报告，不符合流畅性的定义。. 得分: 0
简洁性: 模型回答简洁地报告了一个错误，但这种简洁性并不符合回答问题的要求。. 得分: 10
结构化: 模型回答的形式是一个错误报告，没有遵循参考答案的结构化要求，因此格式混乱，难以阅读。. 得分: 0
逻辑性: 模型回答直接报告了一个技术错误，没有给出任何逻辑上的处理或解释，因此逻辑混乱。. 得分: 0","0","","","信息量: 模型回答中没有任何关于查询到的5G小区信息的内容，因此有效信息不足。. 得分: 0
正确性: 模型回答未能提供任何与参考答案相关的信息，且报告了技术错误，因此不符合正确性的要求。. 得分: 0
流畅性: 虽然模型回答的语言本身没有问题，但由于其内容是一个技术错误报告，不符合流畅性的定义。. 得分: 0
简洁性: 模型回答简洁地报告了一个错误，但这种简洁性并不符合回答问题的要求。. 得分: 10
结构化: 模型回答的形式是一个错误报告，没有遵循参考答案的结构化要求，因此格式混乱，难以阅读。. 得分: 0
逻辑性: 模型回答直接报告了一个技术错误，没有给出任何逻辑上的处理或解释，因此逻辑混乱。. 得分: 0","","安全护栏","无预期输出","true","","10","只展示","{""evaluation"":{},""name"":""安全护栏"",""description"":"""",""type"":"""",""node_id"":""u0zngq1o""}","[说明]左侧 step_x 为旧版轨迹信息，从AF后台接口获取。信息量不全，例如轨迹缺少了模型调用节点、缺少了工具调用的输入内容","无预期输出","[说明]右侧部分为完整轨迹信息，从AF容器日志中获取。记录了完整的 agentloop 信息","","10","只展示","{""evaluation"":{},""name"":""完整轨迹信息"",""description"":"""",""type"":"""",""node_id"":""oxgzw3g5""}","","0.00","失败"
"38","","","","","","","","","","TC00000039","5G AAU5336类型和5G室外类型小区分别有多少","","","查询到的所有5G小区均为室外类型小区，没有AAU类型的5G小区","","","","","","","","","MAE","","","","","","","","4K","","","","","","","","","","","","","","","","","","","","","","","","","","","","","","","","","98af7f12-4749-4dd3-b5d9-6ff160e1a468","有效","单步","基础数据查询","工参查询","1","5G TDD小区和5G FDD小区分别有多少","38","1","工参查询","信息量: 模型回答未提供任何与问题相关的信息，因此有效信息不足。. 得分: 0
正确性: 模型回答未提供任何与问题相关的信息，且报告了技术错误，因此不正确。. 得分: 0
流畅性: 模型回答虽然报告了技术错误，但语言表达清晰，因此流畅。. 得分: 10
简洁性: 模型回答简洁，直接报告了技术错误。. 得分: 10
结构化: 模型回答格式规范，易于阅读，尽管内容是技术错误信息。. 得分: 10
逻辑性: 模型回答直接报告了技术错误，没有提供任何逻辑推理，因此逻辑混乱。. 得分: 0","维度泛化","","知识问答","final_state:
  evaluation:
    method: ICT_RAG","0:00:00.355000","","request-f2567e46-e51f-4991-8084-bb22f6567943","2026-09-16T13:54:00.539Z","0:00:00.109000","session-ded81afa-e592-4bdf-8d6f-5cd3d9cf29ba","{'steps': ['skill_name not found']}","{'success': True, 'answer': 'Request failed: Gateway API error: 424 Failed Dependency - {""error_code"":""NetrsnCircuitBreaker"",""error_msg"":""大模型服务触发熔断。""}\n', 'error': '', 'all_keys': [], 'request_id': 'request-f2567e46-e51f-4991-8084-bb22f6567943'}","[{""output"":""[说明]右侧部分为完整轨迹信息，从AF容器日志中获取。记录了完整的 agentloop 信息"",""reference"":""无预期输出"",""result"":10,""input"":""[说明]左侧 step_x 为旧版轨迹信息，从AF后台接口获取。信息量不全，例如轨迹缺少了模型调用节点、缺少了工具调用的输入内容"",""extendAnswer"":[],""remark"":""只展示"",""type"":""完整轨迹信息""}]","2026-09-16 21:54:23","2026-09-16 21:54:30","6.549586709588766","6.549586709588766","0","0","0","0","6.549586709588766","622","163","94.9678","Request failed: Gateway API error: 424 Failed Dependency - {""error_code"":""NetrsnCircuitBreaker"",""error_msg"":""大模型服务触发熔断。""}\n","信息量: 模型回答未提供任何与问题相关的信息，因此有效信息不足。. 得分: 0
正确性: 模型回答未提供任何与问题相关的信息，且报告了技术错误，因此不正确。. 得分: 0
流畅性: 模型回答虽然报告了技术错误，但语言表达清晰，因此流畅。. 得分: 10
简洁性: 模型回答简洁，直接报告了技术错误。. 得分: 10
结构化: 模型回答格式规范，易于阅读，尽管内容是技术错误信息。. 得分: 10
逻辑性: 模型回答直接报告了技术错误，没有提供任何逻辑推理，因此逻辑混乱。. 得分: 0","1","","","信息量: 模型回答未提供任何与问题相关的信息，因此有效信息不足。. 得分: 0
正确性: 模型回答未提供任何与问题相关的信息，且报告了技术错误，因此不正确。. 得分: 0
流畅性: 模型回答虽然报告了技术错误，但语言表达清晰，因此流畅。. 得分: 10
简洁性: 模型回答简洁，直接报告了技术错误。. 得分: 10
结构化: 模型回答格式规范，易于阅读，尽管内容是技术错误信息。. 得分: 10
逻辑性: 模型回答直接报告了技术错误，没有提供任何逻辑推理，因此逻辑混乱。. 得分: 0","","安全护栏","无预期输出","true","","10","只展示","{""evaluation"":{},""name"":""安全护栏"",""description"":"""",""type"":"""",""node_id"":""sevrwfty""}","[说明]左侧 step_x 为旧版轨迹信息，从AF后台接口获取。信息量不全，例如轨迹缺少了模型调用节点、缺少了工具调用的输入内容","无预期输出","[说明]右侧部分为完整轨迹信息，从AF容器日志中获取。记录了完整的 agentloop 信息","","10","只展示","{""evaluation"":{},""name"":""完整轨迹信息"",""description"":"""",""type"":"""",""node_id"":""b9q48m22""}","","1.00","失败"
"39","","","","","","","","","","TC00000040","查一下哪些经度大于50°并且小与120°的小区是subscribe_test1区域内的？","","","查询到的所有小区的经度都大于120°，没有精度大于50°并且小与120°的小区","","","","","","","","","MAE","","","","","","","","4K","","","","","","","","","","","","","","","","","","","","","","","","","","","","","","","","","74931666-0e2c-47ef-bdcb-b5db5068881b","有效","单步","基础数据查询","工参查询","1","查一下哪些小区是高铁场景的","39","1","工参查询","信息量: 模型回答未提供任何与问题相关的信息，因此判断为有效信息不足。. 得分: 0
正确性: 模型回答与参考答案不符，且未提供任何有效信息，因此判断为错误。. 得分: 0
流畅性: 模型回答虽然简短，但措辞通顺，表达清晰，因此判断为流畅。. 得分: 10
简洁性: 模型回答直接报告了错误信息，没有多余的描述，因此判断为简洁。. 得分: 10
结构化: 模型回答格式规范，易于阅读，因此判断为格式规范，易于阅读。. 得分: 10
逻辑性: 模型回答直接报告了请求失败的信息，没有提供任何额外的推理或解释，逻辑上是严密的。. 得分: 10","维度泛化","","知识问答","final_state:
  evaluation:
    method: ICT_RAG","0:00:00.317000","","request-4c796dd4-3327-4e57-9b58-65fbc8a18b9b","2026-09-16T13:54:01.115Z","0:00:00.111000","session-10a50bfc-35cb-4352-ae97-cd17b739dfce","{'steps': ['skill_name not found']}","{'success': True, 'answer': 'Request failed: Gateway API error: 424 Failed Dependency - {""error_code"":""NetrsnCircuitBreaker"",""error_msg"":""大模型服务触发熔断。""}\n', 'error': '', 'all_keys': [], 'request_id': 'request-4c796dd4-3327-4e57-9b58-65fbc8a18b9b'}","[{""output"":""[说明]右侧部分为完整轨迹信息，从AF容器日志中获取。记录了完整的 agentloop 信息"",""reference"":""无预期输出"",""result"":10,""input"":""[说明]左侧 step_x 为旧版轨迹信息，从AF后台接口获取。信息量不全，例如轨迹缺少了模型调用节点、缺少了工具调用的输入内容"",""extendAnswer"":[],""remark"":""只展示"",""type"":""完整轨迹信息""}]","2026-09-16 21:54:24","2026-09-16 21:54:30","6.522162761539221","6.522162761539221","0","0","0","0","6.522162761539221","642","207","98.4336","Request failed: Gateway API error: 424 Failed Dependency - {""error_code"":""NetrsnCircuitBreaker"",""error_msg"":""大模型服务触发熔断。""}\n","信息量: 模型回答未提供任何与问题相关的信息，因此判断为有效信息不足。. 得分: 0
正确性: 模型回答与参考答案不符，且未提供任何有效信息，因此判断为错误。. 得分: 0
流畅性: 模型回答虽然简短，但措辞通顺，表达清晰，因此判断为流畅。. 得分: 10
简洁性: 模型回答直接报告了错误信息，没有多余的描述，因此判断为简洁。. 得分: 10
结构化: 模型回答格式规范，易于阅读，因此判断为格式规范，易于阅读。. 得分: 10
逻辑性: 模型回答直接报告了请求失败的信息，没有提供任何额外的推理或解释，逻辑上是严密的。. 得分: 10","2","","","信息量: 模型回答未提供任何与问题相关的信息，因此判断为有效信息不足。. 得分: 0
正确性: 模型回答与参考答案不符，且未提供任何有效信息，因此判断为错误。. 得分: 0
流畅性: 模型回答虽然简短，但措辞通顺，表达清晰，因此判断为流畅。. 得分: 10
简洁性: 模型回答直接报告了错误信息，没有多余的描述，因此判断为简洁。. 得分: 10
结构化: 模型回答格式规范，易于阅读，因此判断为格式规范，易于阅读。. 得分: 10
逻辑性: 模型回答直接报告了请求失败的信息，没有提供任何额外的推理或解释，逻辑上是严密的。. 得分: 10","","安全护栏","无预期输出","true","","10","只展示","{""evaluation"":{},""name"":""安全护栏"",""description"":"""",""type"":"""",""node_id"":""388o6av5""}","[说明]左侧 step_x 为旧版轨迹信息，从AF后台接口获取。信息量不全，例如轨迹缺少了模型调用节点、缺少了工具调用的输入内容","无预期输出","[说明]右侧部分为完整轨迹信息，从AF容器日志中获取。记录了完整的 agentloop 信息","","10","只展示","{""evaluation"":{},""name"":""完整轨迹信息"",""description"":"""",""type"":"""",""node_id"":""284kmb37""}","","2.00","失败"
"40","","","","","","","","","","TC00000041","列出 2.1G频段的5G小区。

","","","未查询到2.1G频段的5G小区","","","","","","","","","MAE","","","","","","","","4K","","","","","","","","","","","","","","","","","","","","","","","","","","","","","","","","","6432483c-bc0c-438b-a0db-d0bf30ca26c3","有效","单步","基础数据查询","工参查询","1","列出NR 2.1G频段的小区","40","1","工参查询","信息量: 模型回答未能提供任何关于2.1G频段5G小区的信息，有效信息不足。. 得分: 0
正确性: 模型回答与参考答案不符，且提供的信息与问题无关，因此判断为错误。. 得分: 0
流畅性: 模型回答的语言表达清晰，易于理解。. 得分: 10
简洁性: 模型回答直接指出了请求失败的原因，没有多余的表述。. 得分: 10
结构化: 模型回答格式规范，易于阅读。. 得分: 10
逻辑性: 尽管模型回答与问题无关，但其内部逻辑是连贯的，因为它解释了为什么请求失败。. 得分: 10","维度泛化","","知识问答","final_state:
  evaluation:
    method: ICT_RAG","0:00:00.470000","","request-2b9462b2-fd37-4473-96f5-451f159abe6e","2026-09-16T13:54:11.052Z","0:00:00.149000","session-05008448-1046-49b6-a706-9da7382e8d77","{'steps': ['skill_name not found']}","{'success': True, 'answer': 'Request failed: Gateway API error: 424 Failed Dependency - {""error_code"":""NetrsnCircuitBreaker"",""error_msg"":""大模型服务触发熔断。""}\n', 'error': '', 'all_keys': [], 'request_id': 'request-2b9462b2-fd37-4473-96f5-451f159abe6e'}","[{""output"":""[说明]右侧部分为完整轨迹信息，从AF容器日志中获取。记录了完整的 agentloop 信息"",""reference"":""无预期输出"",""result"":10,""input"":""[说明]左侧 step_x 为旧版轨迹信息，从AF后台接口获取。信息量不全，例如轨迹缺少了模型调用节点、缺少了工具调用的输入内容"",""extendAnswer"":[],""remark"":""只展示"",""type"":""完整轨迹信息""}]","2026-09-16 21:54:34","2026-09-16 21:54:40","6.525954440236092","6.525954440236092","0","0","0","0","6.525954440236092","633","138","96.9973","Request failed: Gateway API error: 424 Failed Dependency - {""error_code"":""NetrsnCircuitBreaker"",""error_msg"":""大模型服务触发熔断。""}\n","信息量: 模型回答未能提供任何关于2.1G频段5G小区的信息，有效信息不足。. 得分: 0
正确性: 模型回答与参考答案不符，且提供的信息与问题无关，因此判断为错误。. 得分: 0
流畅性: 模型回答的语言表达清晰，易于理解。. 得分: 10
简洁性: 模型回答直接指出了请求失败的原因，没有多余的表述。. 得分: 10
结构化: 模型回答格式规范，易于阅读。. 得分: 10
逻辑性: 尽管模型回答与问题无关，但其内部逻辑是连贯的，因为它解释了为什么请求失败。. 得分: 10","2","","","信息量: 模型回答未能提供任何关于2.1G频段5G小区的信息，有效信息不足。. 得分: 0
正确性: 模型回答与参考答案不符，且提供的信息与问题无关，因此判断为错误。. 得分: 0
流畅性: 模型回答的语言表达清晰，易于理解。. 得分: 10
简洁性: 模型回答直接指出了请求失败的原因，没有多余的表述。. 得分: 10
结构化: 模型回答格式规范，易于阅读。. 得分: 10
逻辑性: 尽管模型回答与问题无关，但其内部逻辑是连贯的，因为它解释了为什么请求失败。. 得分: 10","","安全护栏","无预期输出","true","","10","只展示","{""evaluation"":{},""name"":""安全护栏"",""description"":"""",""type"":"""",""node_id"":""g2oqbizb""}","[说明]左侧 step_x 为旧版轨迹信息，从AF后台接口获取。信息量不全，例如轨迹缺少了模型调用节点、缺少了工具调用的输入内容","无预期输出","[说明]右侧部分为完整轨迹信息，从AF容器日志中获取。记录了完整的 agentloop 信息","","10","只展示","{""evaluation"":{},""name"":""完整轨迹信息"",""description"":"""",""type"":"""",""node_id"":""l9a2lsxt""}","","2.00","失败"
"41","","","","","","","","","","TC00000042","深圳大梅沙二D-HRH-1_1003877小区应用场景以及经纬度信息是什么？","","","经度为121.427516，纬度为31.489779，应用场景信息未查询到","","","","","","","","","MAE","","","","","","","","4K","","","","","","","","","","","","","","","","","","","","","","","","","","","","","","","","","d34e5e12-eabe-40e1-8ebe-07be42a16818","有效","单步","基础数据查询","工参查询","1","区域内LTE900小区有哪些","41","1","工参查询","信息量: 模型回答中没有提供任何与参考答案相关的信息，因此信息量为有效信息不足。. 得分: 0
正确性: 模型回答中没有提供任何与参考答案相关的信息，且模型回答的内容是关于调用接口错误的信息，与问题无关，因此正确性为错误。. 得分: 0
流畅性: 模型回答的内容虽然与问题无关，但其表达是通顺的，因此流畅性为流畅。. 得分: 10
简洁性: 模型回答的内容直接指出了调用接口错误，没有多余的描述，因此简洁性为简洁。. 得分: 10
结构化: 模型回答的内容虽然是一段HTML代码，但格式上是规范的，因此结构化为格式规范，易于阅读。. 得分: 10
逻辑性: 模型回答的内容是关于调用接口错误的信息，虽然与问题无关，但其内部逻辑是清晰的，因此逻辑性为逻辑严密。. 得分: 10","维度泛化","","知识问答","final_state:
  evaluation:
    method: ICT_RAG","","","","","","","","","","","","","","","","","","","","","","用例执行过程出现异常，需复测 | Step2: session 异常信息：请求模型接口失败：【工具提示（非模型输出）】\n        调用模型接口错误:code:503, message:<!DOCTYPE html>\n<html xmlns:eview=""ignored"">\n\n<head>\n  <title></title>\n  <meta http-equiv=""Content-Type"" content=""text/html; charset=utf-8"" />\n  <meta http-equiv=""X-UA-Compatible"" content=""IE=edge,chrome=1"" />\n  \n  <link href=""/erservice/errors/main.css"" type=""text/css"" rel=""stylesheet"">\n</head>\n\n<body>\n  <div id=""pcsContainer"">\n  </div>\n  \n</body>\n<script type=""text/javascript"">\n    var error = '503';\n</script>\n<script src=""/erservice/errors/main.js""></script>\n</html>\n\n        ","信息量: 模型回答中没有提供任何与参考答案相关的信息，因此信息量为有效信息不足。. 得分: 0
正确性: 模型回答中没有提供任何与参考答案相关的信息，且模型回答的内容是关于调用接口错误的信息，与问题无关，因此正确性为错误。. 得分: 0
流畅性: 模型回答的内容虽然与问题无关，但其表达是通顺的，因此流畅性为流畅。. 得分: 10
简洁性: 模型回答的内容直接指出了调用接口错误，没有多余的描述，因此简洁性为简洁。. 得分: 10
结构化: 模型回答的内容虽然是一段HTML代码，但格式上是规范的，因此结构化为格式规范，易于阅读。. 得分: 10
逻辑性: 模型回答的内容是关于调用接口错误的信息，虽然与问题无关，但其内部逻辑是清晰的，因此逻辑性为逻辑严密。. 得分: 10","2","","","信息量: 模型回答中没有提供任何与参考答案相关的信息，因此信息量为有效信息不足。. 得分: 0
正确性: 模型回答中没有提供任何与参考答案相关的信息，且模型回答的内容是关于调用接口错误的信息，与问题无关，因此正确性为错误。. 得分: 0
流畅性: 模型回答的内容虽然与问题无关，但其表达是通顺的，因此流畅性为流畅。. 得分: 10
简洁性: 模型回答的内容直接指出了调用接口错误，没有多余的描述，因此简洁性为简洁。. 得分: 10
结构化: 模型回答的内容虽然是一段HTML代码，但格式上是规范的，因此结构化为格式规范，易于阅读。. 得分: 10
逻辑性: 模型回答的内容是关于调用接口错误的信息，虽然与问题无关，但其内部逻辑是清晰的，因此逻辑性为逻辑严密。. 得分: 10","","","","","","--","","","","","","","--","","","","2.00","失败"
"42","","","","","","","","","","TC00000043","查下5G室外小区的频段分布情况","","","未查询到5G室外小区的频段信息","","","","","","","","","MAE","","","","","","","","4K","","","","","","","","","","","","","","","","","","","","","","","","","","","","","","","","","80fa90f3-9a9b-4f86-8bc4-6e113a33766d","有效","单步","基础数据查询","工参查询","1","5G小区的频段分布情况","42","1","工参查询","信息量: 松懈无判断. 得分: 1
正确性: 通过步骤1，进入步骤1.1及1.2提取关键信息点，[问题]询问的是5G室外小区的频段分布情况。[参考答案]表明未查询到相关信息。[模型回答]显示的是一个技术错误信息，表明请求模型接口失败，返回了一个HTTP 503错误页面，这表示服务不可用或暂时无法处理请求。根据步骤2，[模型回答]未能提供与[问题]相关的任何有效信息，也没有与[参考答案]相匹配的内容，因此不符合问题的真实意图。进入步骤3，由于[模型回答]完全未能提供与问题相关的信息，关键信息一致率为0%，远低于60%的标准，因此应判断为`错误`。. 得分: 1
流畅性: 松懈无判断. 得分: 1
简洁性: 松懈无判断. 得分: 1
结构化: 松懈无判断. 得分: 1
逻辑性: 松懈无判断. 得分: 1","维度泛化","","知识问答","final_state:
  evaluation:
    method: ICT_RAG","","","","","","","","","","","","","","","","","","","","","","用例执行过程出现异常，需复测 | Step2: session 异常信息：请求模型接口失败：【工具提示（非模型输出）】\n        调用模型接口错误:code:503, message:<!DOCTYPE html>\n<html xmlns:eview=""ignored"">\n\n<head>\n  <title></title>\n  <meta http-equiv=""Content-Type"" content=""text/html; charset=utf-8"" />\n  <meta http-equiv=""X-UA-Compatible"" content=""IE=edge,chrome=1"" />\n  \n  <link href=""/erservice/errors/main.css"" type=""text/css"" rel=""stylesheet"">\n</head>\n\n<body>\n  <div id=""pcsContainer"">\n  </div>\n  \n</body>\n<script type=""text/javascript"">\n    var error = '503';\n</script>\n<script src=""/erservice/errors/main.js""></script>\n</html>\n\n        ","信息量: 松懈无判断. 得分: 1
正确性: 通过步骤1，进入步骤1.1及1.2提取关键信息点，[问题]询问的是5G室外小区的频段分布情况。[参考答案]表明未查询到相关信息。[模型回答]显示的是一个技术错误信息，表明请求模型接口失败，返回了一个HTTP 503错误页面，这表示服务不可用或暂时无法处理请求。根据步骤2，[模型回答]未能提供与[问题]相关的任何有效信息，也没有与[参考答案]相匹配的内容，因此不符合问题的真实意图。进入步骤3，由于[模型回答]完全未能提供与问题相关的信息，关键信息一致率为0%，远低于60%的标准，因此应判断为`错误`。. 得分: 1
流畅性: 松懈无判断. 得分: 1
简洁性: 松懈无判断. 得分: 1
结构化: 松懈无判断. 得分: 1
逻辑性: 松懈无判断. 得分: 1","1","","","信息量: 松懈无判断. 得分: 1
正确性: 通过步骤1，进入步骤1.1及1.2提取关键信息点，[问题]询问的是5G室外小区的频段分布情况。[参考答案]表明未查询到相关信息。[模型回答]显示的是一个技术错误信息，表明请求模型接口失败，返回了一个HTTP 503错误页面，这表示服务不可用或暂时无法处理请求。根据步骤2，[模型回答]未能提供与[问题]相关的任何有效信息，也没有与[参考答案]相匹配的内容，因此不符合问题的真实意图。进入步骤3，由于[模型回答]完全未能提供与问题相关的信息，关键信息一致率为0%，远低于60%的标准，因此应判断为`错误`。. 得分: 1
流畅性: 松懈无判断. 得分: 1
简洁性: 松懈无判断. 得分: 1
结构化: 松懈无判断. 得分: 1
逻辑性: 松懈无判断. 得分: 1","","","","","","--","","","","","","","--","","","","1.00","失败"
"43","","","","","","","","","","TC00000044","查下AAU5336类型小区7月30号8点到12:00:00的上行PRB利用率，每15分钟查询一次","","","空","","","","","","","","","MAE","","","","","","","","4K","","","","","","","","","","","","","","","","","","","","","","","","","","","","","","","","","f036b220-d8e4-45a7-88d4-734be464a014","有效","单步","基础数据查询","工参查询","1","1、查下区域内5G小区的上行PRB利用率排名
2、跟昨天的对比一下
3、增益最高的是哪些小区","43","1","工参查询","信息量: 模型回答中提供的信息主要是关于执行过程中遇到的技术问题，而不是关于查询AAU5336类型小区7月30号8点到12:00:00的上行PRB利用率的具体数据，因此有效信息不足。. 得分: 0
正确性: 模型回答中提到执行过程出现异常，并且提供了具体的异常信息，但是这些信息与查询AAU5336类型小区7月30号8点到12:00:00的上行PRB利用率无关，因此不符合参考答案的要求，故判断为错误。. 得分: 0
流畅性: 模型回答虽然包含了详细的异常信息，但由于这些信息与问题无关，导致整体回答显得不流畅。. 得分: 0
简洁性: 模型回答包含了不必要的技术细节和HTML代码，显得不够简洁。. 得分: 0
结构化: 模型回答中包含了HTML代码片段，这使得回答格式混乱，难以阅读。. 得分: 0
逻辑性: 尽管模型回答中提到了执行过程中的异常情况，但这些信息与问题本身无关，未能围绕问题提供有效的解决方案或信息，逻辑上存在偏差。. 得分: 0","KPI+对比+增益三步","","知识问答","final_state:
  evaluation:
    method: ICT_RAG","","","","","","","","","","","","","","","","","","","","","","用例执行过程出现异常，需复测 | Step2: session 异常信息：请求模型接口失败：【工具提示（非模型输出）】\n        调用模型接口错误:code:503, message:<!DOCTYPE html>\n<html xmlns:eview=""ignored"">\n\n<head>\n  <title></title>\n  <meta http-equiv=""Content-Type"" content=""text/html; charset=utf-8"" />\n  <meta http-equiv=""X-UA-Compatible"" content=""IE=edge,chrome=1"" />\n  \n  <link href=""/erservice/errors/main.css"" type=""text/css"" rel=""stylesheet"">\n</head>\n\n<body>\n  <div id=""pcsContainer"">\n  </div>\n  \n</body>\n<script type=""text/javascript"">\n    var error = '503';\n</script>\n<script src=""/erservice/errors/main.js""></script>\n</html>\n\n        ","信息量: 模型回答中提供的信息主要是关于执行过程中遇到的技术问题，而不是关于查询AAU5336类型小区7月30号8点到12:00:00的上行PRB利用率的具体数据，因此有效信息不足。. 得分: 0
正确性: 模型回答中提到执行过程出现异常，并且提供了具体的异常信息，但是这些信息与查询AAU5336类型小区7月30号8点到12:00:00的上行PRB利用率无关，因此不符合参考答案的要求，故判断为错误。. 得分: 0
流畅性: 模型回答虽然包含了详细的异常信息，但由于这些信息与问题无关，导致整体回答显得不流畅。. 得分: 0
简洁性: 模型回答包含了不必要的技术细节和HTML代码，显得不够简洁。. 得分: 0
结构化: 模型回答中包含了HTML代码片段，这使得回答格式混乱，难以阅读。. 得分: 0
逻辑性: 尽管模型回答中提到了执行过程中的异常情况，但这些信息与问题本身无关，未能围绕问题提供有效的解决方案或信息，逻辑上存在偏差。. 得分: 0","0","","","信息量: 模型回答中提供的信息主要是关于执行过程中遇到的技术问题，而不是关于查询AAU5336类型小区7月30号8点到12:00:00的上行PRB利用率的具体数据，因此有效信息不足。. 得分: 0
正确性: 模型回答中提到执行过程出现异常，并且提供了具体的异常信息，但是这些信息与查询AAU5336类型小区7月30号8点到12:00:00的上行PRB利用率无关，因此不符合参考答案的要求，故判断为错误。. 得分: 0
流畅性: 模型回答虽然包含了详细的异常信息，但由于这些信息与问题无关，导致整体回答显得不流畅。. 得分: 0
简洁性: 模型回答包含了不必要的技术细节和HTML代码，显得不够简洁。. 得分: 0
结构化: 模型回答中包含了HTML代码片段，这使得回答格式混乱，难以阅读。. 得分: 0
逻辑性: 尽管模型回答中提到了执行过程中的异常情况，但这些信息与问题本身无关，未能围绕问题提供有效的解决方案或信息，逻辑上存在偏差。. 得分: 0","","","","","","--","","","","","","","--","","","","0.00","失败"
"44","","","","","","","","","","TC00000045","昨天的呢？","","","空","","","","","","","","","MAE","","","","","","","","4K","","","","","","","","","","","","","","","","","","","","","","","","","","","","","","","","","96ccad50-db83-4005-ab76-f8abf014fb86","有效","单步","基础数据查询","工参查询","1","","43","2","工参查询","信息量: 模型回答中没有提供与问题相关的信息，因此判断为有效信息不足。. 得分: 0
正确性: 模型回答与参考答案不符，且提供的信息与问题无关，因此判断为错误。. 得分: 0
流畅性: 模型回答虽然格式上是一段完整的文本，但由于内容与问题无关，影响了整体的流畅性，因此判断为不流畅。. 得分: 0
简洁性: 模型回答虽然内容不多，但由于与问题无关，因此判断为不简洁。. 得分: 0
结构化: 模型回答虽然有一定的格式，但由于内容与问题无关，导致整体结构混乱，因此判断为格式混乱，难以阅读。. 得分: 0
逻辑性: 模型回答虽然逻辑上没有明显错误，但由于内容与问题无关，因此判断为逻辑混乱。. 得分: 0","KPI+对比+增益三步","","知识问答","final_state:
  evaluation:
    method: ICT_RAG","","","","","","","","","","","","","","","","","","","","","","用例执行过程出现异常，需复测 | Step2: session 异常信息：请求模型接口失败：【工具提示（非模型输出）】\n        调用模型接口错误:code:503, message:<!DOCTYPE html>\n<html xmlns:eview=""ignored"">\n\n<head>\n  <title></title>\n  <meta http-equiv=""Content-Type"" content=""text/html; charset=utf-8"" />\n  <meta http-equiv=""X-UA-Compatible"" content=""IE=edge,chrome=1"" />\n  \n  <link href=""/erservice/errors/main.css"" type=""text/css"" rel=""stylesheet"">\n</head>\n\n<body>\n  <div id=""pcsContainer"">\n  </div>\n  \n</body>\n<script type=""text/javascript"">\n    var error = '503';\n</script>\n<script src=""/erservice/errors/main.js""></script>\n</html>\n\n        ","信息量: 模型回答中没有提供与问题相关的信息，因此判断为有效信息不足。. 得分: 0
正确性: 模型回答与参考答案不符，且提供的信息与问题无关，因此判断为错误。. 得分: 0
流畅性: 模型回答虽然格式上是一段完整的文本，但由于内容与问题无关，影响了整体的流畅性，因此判断为不流畅。. 得分: 0
简洁性: 模型回答虽然内容不多，但由于与问题无关，因此判断为不简洁。. 得分: 0
结构化: 模型回答虽然有一定的格式，但由于内容与问题无关，导致整体结构混乱，因此判断为格式混乱，难以阅读。. 得分: 0
逻辑性: 模型回答虽然逻辑上没有明显错误，但由于内容与问题无关，因此判断为逻辑混乱。. 得分: 0","0","","","信息量: 模型回答中没有提供与问题相关的信息，因此判断为有效信息不足。. 得分: 0
正确性: 模型回答与参考答案不符，且提供的信息与问题无关，因此判断为错误。. 得分: 0
流畅性: 模型回答虽然格式上是一段完整的文本，但由于内容与问题无关，影响了整体的流畅性，因此判断为不流畅。. 得分: 0
简洁性: 模型回答虽然内容不多，但由于与问题无关，因此判断为不简洁。. 得分: 0
结构化: 模型回答虽然有一定的格式，但由于内容与问题无关，导致整体结构混乱，因此判断为格式混乱，难以阅读。. 得分: 0
逻辑性: 模型回答虽然逻辑上没有明显错误，但由于内容与问题无关，因此判断为逻辑混乱。. 得分: 0","","","","","","--","","","","","","","--","","","","0.00","失败"
"45","","","","","","","","","","TC00000046","查一下AAU5245的NR小区的方向角和天线高度","","","空","","","","","","","","","MAE","","","","","","","","4K","","","","","","","","","","","","","","","","","","","","","","","","","","","","","","","","","ae2c836e-d6b7-4fcf-a982-eedc747195cf","有效","单步","基础数据查询","工参查询","1","查一下LTE2100小区的工参","44","1","工参查询","信息量: 模型回答中没有提供任何关于AAU5245的NR小区的方向角和天线高度的信息，因此信息量不足。. 得分: 0
正确性: 模型回答与参考答案不符，且提供的信息与问题无关，因此判断为错误。. 得分: 0
流畅性: 模型回答由于包含了HTML代码片段，导致整体阅读不流畅。. 得分: 0
简洁性: 模型回答中虽然信息量少，但由于包含大量无关的HTML代码，显得不简洁。. 得分: 0
结构化: 模型回答中包含了大量HTML代码，格式混乱，难以阅读。. 得分: 0
逻辑性: 尽管模型回答中出现了异常信息，但这些信息与问题本身无关，因此逻辑性混乱。. 得分: 0","工参维度泛化","","知识问答","final_state:
  evaluation:
    method: ICT_RAG","","","","","","","","","","","","","","","","","","","","","","用例执行过程出现异常，需复测 | Step2: session 异常信息：请求模型接口失败：【工具提示（非模型输出）】\n        调用模型接口错误:code:503, message:<!DOCTYPE html>\n<html xmlns:eview=""ignored"">\n\n<head>\n  <title></title>\n  <meta http-equiv=""Content-Type"" content=""text/html; charset=utf-8"" />\n  <meta http-equiv=""X-UA-Compatible"" content=""IE=edge,chrome=1"" />\n  \n  <link href=""/erservice/errors/main.css"" type=""text/css"" rel=""stylesheet"">\n</head>\n\n<body>\n  <div id=""pcsContainer"">\n  </div>\n  \n</body>\n<script type=""text/javascript"">\n    var error = '503';\n</script>\n<script src=""/erservice/errors/main.js""></script>\n</html>\n\n        ","信息量: 模型回答中没有提供任何关于AAU5245的NR小区的方向角和天线高度的信息，因此信息量不足。. 得分: 0
正确性: 模型回答与参考答案不符，且提供的信息与问题无关，因此判断为错误。. 得分: 0
流畅性: 模型回答由于包含了HTML代码片段，导致整体阅读不流畅。. 得分: 0
简洁性: 模型回答中虽然信息量少，但由于包含大量无关的HTML代码，显得不简洁。. 得分: 0
结构化: 模型回答中包含了大量HTML代码，格式混乱，难以阅读。. 得分: 0
逻辑性: 尽管模型回答中出现了异常信息，但这些信息与问题本身无关，因此逻辑性混乱。. 得分: 0","0","","","信息量: 模型回答中没有提供任何关于AAU5245的NR小区的方向角和天线高度的信息，因此信息量不足。. 得分: 0
正确性: 模型回答与参考答案不符，且提供的信息与问题无关，因此判断为错误。. 得分: 0
流畅性: 模型回答由于包含了HTML代码片段，导致整体阅读不流畅。. 得分: 0
简洁性: 模型回答中虽然信息量少，但由于包含大量无关的HTML代码，显得不简洁。. 得分: 0
结构化: 模型回答中包含了大量HTML代码，格式混乱，难以阅读。. 得分: 0
逻辑性: 尽管模型回答中出现了异常信息，但这些信息与问题本身无关，因此逻辑性混乱。. 得分: 0","","","","","","--","","","","","","","--","","","","0.00","失败"
"46","","","","","","","","","","TC00000047","查看深圳奥特莱斯D-HRH-1_1003874小区的频段信息","","","未查询到深圳奥特莱斯D-HRH-1_1003874小区的频段信息","","","","","","","","","MAE","","","","","","","","4K","","","","","","","","","","","","","","","","","","","","","","","","","","","","","","","","","e0c9d5fb-3801-48cb-91ac-9fae65f602c7","有效","单步","基础数据查询","工参查询","1","看看UMTS小区有哪些","45","1","工参查询","信息量: 模型回答中没有提供关于深圳奥特莱斯D-HRH-1_1003874小区的频段信息的任何有效信息，反而提供了技术错误的详细描述，这与问题无关。. 得分: 0
正确性: 模型回答与参考答案不符，且提供了无关的错误信息，而非直接回答问题。. 得分: 0
流畅性: 模型回答虽然包含了大量技术错误信息，但这些信息的呈现方式较为混乱，不易于普通用户理解。. 得分: 0
简洁性: 模型回答包含了不必要的技术错误详情，这些信息对于回答原始问题并无帮助，显得不够简洁。. 得分: 0
结构化: 模型回答中包含了HTML代码片段，这使得整体回答格式混乱，难以阅读。. 得分: 0
逻辑性: 尽管模型回答中出现了技术错误的信息，但这些信息与问题本身无关，因此逻辑上并不相关。. 得分: 0","工参维度泛化","","知识问答","final_state:
  evaluation:
    method: ICT_RAG","","","","","","","","","","","","","","","","","","","","","","用例执行过程出现异常，需复测 | Step2: session 异常信息：请求模型接口失败：【工具提示（非模型输出）】\n        调用模型接口错误:code:503, message:<!DOCTYPE html>\n<html xmlns:eview=""ignored"">\n\n<head>\n  <title></title>\n  <meta http-equiv=""Content-Type"" content=""text/html; charset=utf-8"" />\n  <meta http-equiv=""X-UA-Compatible"" content=""IE=edge,chrome=1"" />\n  \n  <link href=""/erservice/errors/main.css"" type=""text/css"" rel=""stylesheet"">\n</head>\n\n<body>\n  <div id=""pcsContainer"">\n  </div>\n  \n</body>\n<script type=""text/javascript"">\n    var error = '503';\n</script>\n<script src=""/erservice/errors/main.js""></script>\n</html>\n\n        ","信息量: 模型回答中没有提供关于深圳奥特莱斯D-HRH-1_1003874小区的频段信息的任何有效信息，反而提供了技术错误的详细描述，这与问题无关。. 得分: 0
正确性: 模型回答与参考答案不符，且提供了无关的错误信息，而非直接回答问题。. 得分: 0
流畅性: 模型回答虽然包含了大量技术错误信息，但这些信息的呈现方式较为混乱，不易于普通用户理解。. 得分: 0
简洁性: 模型回答包含了不必要的技术错误详情，这些信息对于回答原始问题并无帮助，显得不够简洁。. 得分: 0
结构化: 模型回答中包含了HTML代码片段，这使得整体回答格式混乱，难以阅读。. 得分: 0
逻辑性: 尽管模型回答中出现了技术错误的信息，但这些信息与问题本身无关，因此逻辑上并不相关。. 得分: 0","0","","","信息量: 模型回答中没有提供关于深圳奥特莱斯D-HRH-1_1003874小区的频段信息的任何有效信息，反而提供了技术错误的详细描述，这与问题无关。. 得分: 0
正确性: 模型回答与参考答案不符，且提供了无关的错误信息，而非直接回答问题。. 得分: 0
流畅性: 模型回答虽然包含了大量技术错误信息，但这些信息的呈现方式较为混乱，不易于普通用户理解。. 得分: 0
简洁性: 模型回答包含了不必要的技术错误详情，这些信息对于回答原始问题并无帮助，显得不够简洁。. 得分: 0
结构化: 模型回答中包含了HTML代码片段，这使得整体回答格式混乱，难以阅读。. 得分: 0
逻辑性: 尽管模型回答中出现了技术错误的信息，但这些信息与问题本身无关，因此逻辑上并不相关。. 得分: 0","","","","","","--","","","","","","","--","","","","0.00","失败"
"47","","","","","","","","","","TC00000048","查看深圳大梅沙二[深圳大梅沙二D-HRH]C-HRH-1_1003877小区的经纬度信息","","","深圳大梅沙二[深圳大梅沙二D-HRH]C-HRH-1_1003877小区的经度为121.427516，纬度为31.489779。","","","","","","","","","MAE","","","","","","","","4K","","","","","","","","","","","","","","","","","","","","","","","","","","","","","","","","","93221cfd-aa9d-48bc-94f9-ac83358565e5","有效","单步","基础数据查询","工参查询","1","区域内GSM小区的频点信息","46","1","工参查询","信息量: 模型回答中完全没有提供关于经纬度的有效信息，与参考答案的要求相去甚远。. 得分: 0
正确性: 模型回答中没有提供任何关于深圳大梅沙二小区经纬度的信息，与参考答案完全不符。. 得分: 0
流畅性: 模型回答中包含了HTML代码片段，这些内容不符合人类语言习惯，表达不流畅。. 得分: 0
简洁性: 模型回答中虽然简洁，但由于包含了大量无关的HTML代码，实际上并不简洁。. 得分: 0
结构化: 模型回答中包含了HTML代码片段，格式混乱，难以阅读。. 得分: 0
逻辑性: 模型回答中出现了HTML错误页面的内容，这与问题无关，逻辑上混乱。. 得分: 0","工参维度泛化","","知识问答","final_state:
  evaluation:
    method: ICT_RAG","","","","","","","","","","","","","","","","","","","","","","用例执行过程出现异常，需复测 | Step2: session 异常信息：请求模型接口失败：【工具提示（非模型输出）】\n        调用模型接口错误:code:503, message:<!DOCTYPE html>\n<html xmlns:eview=""ignored"">\n\n<head>\n  <title></title>\n  <meta http-equiv=""Content-Type"" content=""text/html; charset=utf-8"" />\n  <meta http-equiv=""X-UA-Compatible"" content=""IE=edge,chrome=1"" />\n  \n  <link href=""/erservice/errors/main.css"" type=""text/css"" rel=""stylesheet"">\n</head>\n\n<body>\n  <div id=""pcsContainer"">\n  </div>\n  \n</body>\n<script type=""text/javascript"">\n    var error = '503';\n</script>\n<script src=""/erservice/errors/main.js""></script>\n</html>\n\n        ","信息量: 模型回答中完全没有提供关于经纬度的有效信息，与参考答案的要求相去甚远。. 得分: 0
正确性: 模型回答中没有提供任何关于深圳大梅沙二小区经纬度的信息，与参考答案完全不符。. 得分: 0
流畅性: 模型回答中包含了HTML代码片段，这些内容不符合人类语言习惯，表达不流畅。. 得分: 0
简洁性: 模型回答中虽然简洁，但由于包含了大量无关的HTML代码，实际上并不简洁。. 得分: 0
结构化: 模型回答中包含了HTML代码片段，格式混乱，难以阅读。. 得分: 0
逻辑性: 模型回答中出现了HTML错误页面的内容，这与问题无关，逻辑上混乱。. 得分: 0","0","","","信息量: 模型回答中完全没有提供关于经纬度的有效信息，与参考答案的要求相去甚远。. 得分: 0
正确性: 模型回答中没有提供任何关于深圳大梅沙二小区经纬度的信息，与参考答案完全不符。. 得分: 0
流畅性: 模型回答中包含了HTML代码片段，这些内容不符合人类语言习惯，表达不流畅。. 得分: 0
简洁性: 模型回答中虽然简洁，但由于包含了大量无关的HTML代码，实际上并不简洁。. 得分: 0
结构化: 模型回答中包含了HTML代码片段，格式混乱，难以阅读。. 得分: 0
逻辑性: 模型回答中出现了HTML错误页面的内容，这与问题无关，逻辑上混乱。. 得分: 0","","","","","","--","","","","","","","--","","","","0.00","失败"
"48","","","","","","","","","","TC00000049","查一下深圳梅沙梅沙海滨二（微小M）[深圳盐葵下角D-HRH]D-HRH-1_1003867小区的方位角和机械下倾角","","","方位角是60°，机械下倾角是2°","","","","","","","","","MAE","","","","","","","","4K","","","","","","","","","","","","","","","","","","","","","","","","","","","","","","","","","38b216c1-0e47-4ace-a4b1-fa25e5d98316","有效","单步","基础数据查询","工参查询","1","查下小区的方位角和下倾角","47","1","工参查询","信息量: 模型回答中完全没有提供关于方位角和机械下倾角的具体信息，因此有效信息不足。. 得分: 0
正确性: 模型回答中没有提供任何关于方位角和机械下倾角的信息，与参考答案完全不符。. 得分: 0
流畅性: 模型回答由于包含了HTML错误页面的内容，显得非常不流畅。. 得分: 0
简洁性: 模型回答虽然简洁，但由于其内容与问题无关，因此简洁性不适用于此情况。. 得分: 0
结构化: 模型回答中包含了大量HTML代码，格式混乱，难以阅读。. 得分: 0
逻辑性: 尽管模型回答中出现了异常信息，但这些信息与问题无关，逻辑上未能围绕问题展开。. 得分: 0","工参维度泛化","","知识问答","final_state:
  evaluation:
    method: ICT_RAG","","","","","","","","","","","","","","","","","","","","","","用例执行过程出现异常，需复测 | Step2: session 异常信息：请求模型接口失败：【工具提示（非模型输出）】\n        调用模型接口错误:code:503, message:<!DOCTYPE html>\n<html xmlns:eview=""ignored"">\n\n<head>\n  <title></title>\n  <meta http-equiv=""Content-Type"" content=""text/html; charset=utf-8"" />\n  <meta http-equiv=""X-UA-Compatible"" content=""IE=edge,chrome=1"" />\n  \n  <link href=""/erservice/errors/main.css"" type=""text/css"" rel=""stylesheet"">\n</head>\n\n<body>\n  <div id=""pcsContainer"">\n  </div>\n  \n</body>\n<script type=""text/javascript"">\n    var error = '503';\n</script>\n<script src=""/erservice/errors/main.js""></script>\n</html>\n\n        ","信息量: 模型回答中完全没有提供关于方位角和机械下倾角的具体信息，因此有效信息不足。. 得分: 0
正确性: 模型回答中没有提供任何关于方位角和机械下倾角的信息，与参考答案完全不符。. 得分: 0
流畅性: 模型回答由于包含了HTML错误页面的内容，显得非常不流畅。. 得分: 0
简洁性: 模型回答虽然简洁，但由于其内容与问题无关，因此简洁性不适用于此情况。. 得分: 0
结构化: 模型回答中包含了大量HTML代码，格式混乱，难以阅读。. 得分: 0
逻辑性: 尽管模型回答中出现了异常信息，但这些信息与问题无关，逻辑上未能围绕问题展开。. 得分: 0","0","","","信息量: 模型回答中完全没有提供关于方位角和机械下倾角的具体信息，因此有效信息不足。. 得分: 0
正确性: 模型回答中没有提供任何关于方位角和机械下倾角的信息，与参考答案完全不符。. 得分: 0
流畅性: 模型回答由于包含了HTML错误页面的内容，显得非常不流畅。. 得分: 0
简洁性: 模型回答虽然简洁，但由于其内容与问题无关，因此简洁性不适用于此情况。. 得分: 0
结构化: 模型回答中包含了大量HTML代码，格式混乱，难以阅读。. 得分: 0
逻辑性: 尽管模型回答中出现了异常信息，但这些信息与问题无关，逻辑上未能围绕问题展开。. 得分: 0","","","","","","--","","","","","","","--","","","","0.00","失败"
"49","","","","","","","","","","TC00000050","5G小区深圳大梅沙D-HRH-2_1003864在2026-08-23日8点到12点的上行平均干扰电平是多少？","","","5G小区深圳大梅沙D-HRH-2_1003864在2026-08-23日8点到12点的上行平均干扰电平查询成功，共找到16条数据（每15分钟一条），前5条结果如下：
- 08:00-08:15: -113 dBm
- 08:15-08:30: -114 dBm
- 08:30-08:45: -111 dBm
- 08:45-09:00: -113 dBm
- 09:00-09:15: -113 dBm

全量结果已保存至CSV文件：dfs-unified-query/wireless/pm/pm_feb821a1-fbab-4d39-a46b-5d61ea588c43.csv","","","","","","","","","MAE","","","","","","","","4K","","","","","","","","","","","","","","","","","","","","","","","","","","","","","","","","","37c3390a-864e-474f-bc3d-4b53dfcd51ae","有效","单步","基础数据查询","工参查询","1","5G小区的发射功率是多少","48","1","工参查询","信息量: 模型回答中没有提供任何与问题相关的信息，因此有效信息不足。. 得分: 0
正确性: 模型回答中没有提供任何关于5G小区深圳大梅沙D-HRH-2_1003864在2026-08-23日8点到12点的上行平均干扰电平的信息，与参考答案完全不符，因此是错误的。. 得分: 0
流畅性: 模型回答虽然包含了一些HTML代码，但这些内容与问题无关，且不构成流畅的回答。. 得分: 0
简洁性: 模型回答虽然简洁，但未能提供任何有效信息，因此在简洁性上不加分。. 得分: 10
结构化: 模型回答中包含了一些HTML代码，格式混乱，难以阅读。. 得分: 0
逻辑性: 模型回答中提到的异常信息与问题无关，且没有提供解决问题的步骤或解释，逻辑混乱。. 得分: 0","工参维度泛化","","知识问答","final_state:
  evaluation:
    method: ICT_RAG","","","","","","","","","","","","","","","","","","","","","","用例执行过程出现异常，需复测 | Step2: session 异常信息：请求模型接口失败：【工具提示（非模型输出）】\n        调用模型接口错误:code:503, message:<!DOCTYPE html>\n<html xmlns:eview=""ignored"">\n\n<head>\n  <title></title>\n  <meta http-equiv=""Content-Type"" content=""text/html; charset=utf-8"" />\n  <meta http-equiv=""X-UA-Compatible"" content=""IE=edge,chrome=1"" />\n  \n  <link href=""/erservice/errors/main.css"" type=""text/css"" rel=""stylesheet"">\n</head>\n\n<body>\n  <div id=""pcsContainer"">\n  </div>\n  \n</body>\n<script type=""text/javascript"">\n    var error = '503';\n</script>\n<script src=""/erservice/errors/main.js""></script>\n</html>\n\n        ","信息量: 模型回答中没有提供任何与问题相关的信息，因此有效信息不足。. 得分: 0
正确性: 模型回答中没有提供任何关于5G小区深圳大梅沙D-HRH-2_1003864在2026-08-23日8点到12点的上行平均干扰电平的信息，与参考答案完全不符，因此是错误的。. 得分: 0
流畅性: 模型回答虽然包含了一些HTML代码，但这些内容与问题无关，且不构成流畅的回答。. 得分: 0
简洁性: 模型回答虽然简洁，但未能提供任何有效信息，因此在简洁性上不加分。. 得分: 10
结构化: 模型回答中包含了一些HTML代码，格式混乱，难以阅读。. 得分: 0
逻辑性: 模型回答中提到的异常信息与问题无关，且没有提供解决问题的步骤或解释，逻辑混乱。. 得分: 0","0","","","信息量: 模型回答中没有提供任何与问题相关的信息，因此有效信息不足。. 得分: 0
正确性: 模型回答中没有提供任何关于5G小区深圳大梅沙D-HRH-2_1003864在2026-08-23日8点到12点的上行平均干扰电平的信息，与参考答案完全不符，因此是错误的。. 得分: 0
流畅性: 模型回答虽然包含了一些HTML代码，但这些内容与问题无关，且不构成流畅的回答。. 得分: 0
简洁性: 模型回答虽然简洁，但未能提供任何有效信息，因此在简洁性上不加分。. 得分: 10
结构化: 模型回答中包含了一些HTML代码，格式混乱，难以阅读。. 得分: 0
逻辑性: 模型回答中提到的异常信息与问题无关，且没有提供解决问题的步骤或解释，逻辑混乱。. 得分: 0","","","","","","--","","","","","","","--","","","","0.00","失败"
"50","","","","","","","","","","TC00000051","查看apo_mock区域内深圳大梅沙D-HRH_1003868基站的经纬度","","","深圳大梅沙D-HRH_1003868基站经度是121.339662°，维度是31.489779°","","","","","","","","","MAE","","","","","","","","4K","","","","","","","","","","","","","","","","","","","","","","","","","","","","","","","","","2212629f-8a59-4ed6-9a36-d1e3d5e0c66c","有效","单步","基础数据查询","工参查询","1","查看区域内所有基站的经纬度","49","1","工参查询","信息量: 模型回答中没有提供任何关于基站经纬度的信息，完全不符合参考答案的要求，因此信息量严重不足。. 得分: 0
正确性: 模型回答与参考答案完全不符，且未提供任何有效信息，因此应判定为错误。. 得分: 0
流畅性: 模型回答虽然包含了HTML错误页面的内容，但这部分内容本身是流畅的，只是内容与问题无关。. 得分: 10
简洁性: 模型回答虽然简洁，但未能提供任何有效信息。. 得分: 10
结构化: 模型回答中包含了HTML代码，这使得整体格式混乱，难以阅读。. 得分: 0
逻辑性: 尽管模型回答中出现了异常信息，但这些信息本身是连贯的，只是与问题无关，因此逻辑性仍可视为严密。. 得分: 10","工参维度泛化","","知识问答","final_state:
  evaluation:
    method: ICT_RAG","","","","","","","","","","","","","","","","","","","","","","用例执行过程出现异常，需复测 | Step2: session 异常信息：请求模型接口失败：【工具提示（非模型输出）】\n        调用模型接口错误:code:503, message:<!DOCTYPE html>\n<html xmlns:eview=""ignored"">\n\n<head>\n  <title></title>\n  <meta http-equiv=""Content-Type"" content=""text/html; charset=utf-8"" />\n  <meta http-equiv=""X-UA-Compatible"" content=""IE=edge,chrome=1"" />\n  \n  <link href=""/erservice/errors/main.css"" type=""text/css"" rel=""stylesheet"">\n</head>\n\n<body>\n  <div id=""pcsContainer"">\n  </div>\n  \n</body>\n<script type=""text/javascript"">\n    var error = '503';\n</script>\n<script src=""/erservice/errors/main.js""></script>\n</html>\n\n        ","信息量: 模型回答中没有提供任何关于基站经纬度的信息，完全不符合参考答案的要求，因此信息量严重不足。. 得分: 0
正确性: 模型回答与参考答案完全不符，且未提供任何有效信息，因此应判定为错误。. 得分: 0
流畅性: 模型回答虽然包含了HTML错误页面的内容，但这部分内容本身是流畅的，只是内容与问题无关。. 得分: 10
简洁性: 模型回答虽然简洁，但未能提供任何有效信息。. 得分: 10
结构化: 模型回答中包含了HTML代码，这使得整体格式混乱，难以阅读。. 得分: 0
逻辑性: 尽管模型回答中出现了异常信息，但这些信息本身是连贯的，只是与问题无关，因此逻辑性仍可视为严密。. 得分: 10","2","","","信息量: 模型回答中没有提供任何关于基站经纬度的信息，完全不符合参考答案的要求，因此信息量严重不足。. 得分: 0
正确性: 模型回答与参考答案完全不符，且未提供任何有效信息，因此应判定为错误。. 得分: 0
流畅性: 模型回答虽然包含了HTML错误页面的内容，但这部分内容本身是流畅的，只是内容与问题无关。. 得分: 10
简洁性: 模型回答虽然简洁，但未能提供任何有效信息。. 得分: 10
结构化: 模型回答中包含了HTML代码，这使得整体格式混乱，难以阅读。. 得分: 0
逻辑性: 尽管模型回答中出现了异常信息，但这些信息本身是连贯的，只是与问题无关，因此逻辑性仍可视为严密。. 得分: 10","","","","","","--","","","","","","","--","","","","2.00","失败"
"51","","","","","","","","","","TC00000052","看看有哪些NR小区天线高度大于90？","","","查询成功，共找到 **105个** 天线高度大于90的NR小区。以下是前5个小区名称：

1. 南京-鼓楼-金轮新天地-H5H-4902
2. 南京-鼓楼-金轮新天地60M保障-H5H-2601
3. 南京-鼓楼-金轮新天地60M保障-H5H-2602
4. 南京-鼓楼-金轮新天地60M保障-H5H-2603
5. 南京-鼓楼-金轮新天地-H5H-2601

完整结果已保存至文件：`dfs-unified-query/wireless/engineerparam/engineerparam_4bb146df-5301-4710-98bd-45df0931362c.csv`","","","","","","","","","MAE","","","","","","","","4K","","","","","","","","","","","","","","","","","","","","","","","","","","","","","","","","","3b904842-e981-44bd-b501-0cc46c83d0ce","有效","单步","基础数据查询","工参查询","1","看看有哪些小区支持Massive MIMO","50","1","工参查询","信息量: 模型回答中完全没有提供关于哪些NR小区天线高度大于90的具体信息，因此信息量严重不足。. 得分: 0
正确性: 模型回答中没有提供任何与参考答案相关的信息，且报告了技术错误，因此不符合正确性的要求。. 得分: 0
流畅性: 模型回答虽然包含了HTML错误页面的内容，但这部分内容并不影响其语言的流畅性，只是与问题无关。. 得分: 10
简洁性: 模型回答虽然简洁，但未能提供任何有用信息，因此简洁性在此不适用。. 得分: 10
结构化: 模型回答中包含了HTML代码，这使得整体回答格式混乱，难以阅读。. 得分: 0
逻辑性: 尽管模型回答中出现了技术错误，但错误信息本身逻辑上是一致的，只是这些信息对于回答问题来说是无关的。. 得分: 10","工参维度泛化","","知识问答","final_state:
  evaluation:
    method: ICT_RAG","","","","","","","","","","","","","","","","","","","","","","用例执行过程出现异常，需复测 | Step2: session 异常信息：请求模型接口失败：【工具提示（非模型输出）】\n        调用模型接口错误:code:503, message:<!DOCTYPE html>\n<html xmlns:eview=""ignored"">\n\n<head>\n  <title></title>\n  <meta http-equiv=""Content-Type"" content=""text/html; charset=utf-8"" />\n  <meta http-equiv=""X-UA-Compatible"" content=""IE=edge,chrome=1"" />\n  \n  <link href=""/erservice/errors/main.css"" type=""text/css"" rel=""stylesheet"">\n</head>\n\n<body>\n  <div id=""pcsContainer"">\n  </div>\n  \n</body>\n<script type=""text/javascript"">\n    var error = '503';\n</script>\n<script src=""/erservice/errors/main.js""></script>\n</html>\n\n        ","信息量: 模型回答中完全没有提供关于哪些NR小区天线高度大于90的具体信息，因此信息量严重不足。. 得分: 0
正确性: 模型回答中没有提供任何与参考答案相关的信息，且报告了技术错误，因此不符合正确性的要求。. 得分: 0
流畅性: 模型回答虽然包含了HTML错误页面的内容，但这部分内容并不影响其语言的流畅性，只是与问题无关。. 得分: 10
简洁性: 模型回答虽然简洁，但未能提供任何有用信息，因此简洁性在此不适用。. 得分: 10
结构化: 模型回答中包含了HTML代码，这使得整体回答格式混乱，难以阅读。. 得分: 0
逻辑性: 尽管模型回答中出现了技术错误，但错误信息本身逻辑上是一致的，只是这些信息对于回答问题来说是无关的。. 得分: 10","2","","","信息量: 模型回答中完全没有提供关于哪些NR小区天线高度大于90的具体信息，因此信息量严重不足。. 得分: 0
正确性: 模型回答中没有提供任何与参考答案相关的信息，且报告了技术错误，因此不符合正确性的要求。. 得分: 0
流畅性: 模型回答虽然包含了HTML错误页面的内容，但这部分内容并不影响其语言的流畅性，只是与问题无关。. 得分: 10
简洁性: 模型回答虽然简洁，但未能提供任何有用信息，因此简洁性在此不适用。. 得分: 10
结构化: 模型回答中包含了HTML代码，这使得整体回答格式混乱，难以阅读。. 得分: 0
逻辑性: 尽管模型回答中出现了技术错误，但错误信息本身逻辑上是一致的，只是这些信息对于回答问题来说是无关的。. 得分: 10","","","","","","--","","","","","","","--","","","","2.00","失败"
"52","","","","","","","","","","TC00000053","看看apo_test区域内有哪些室外5G小区？","","","在apo_test区域内共找到 **102个** 覆盖类型为室外的5G小区，详细清单已保存至文件：`dfs-unified-query/wireless/engineerparam/engineerparam_f0e46480-577c-4e68-8b20-e9f06028c393.csv`。

Top5小区名称如下：
1. 南宁江南区污水处理厂5G-H5H-2619
2. 南宁江南区新屋小学-拉远5G-H5H-2641
3. 南宁江南区保利皇嘉酒店-拉远5G-H5H-2641
4. 南宁江南区富德新村五一中路68号A区4排微站5G-H5H-2649
5. 南宁江南区青溪府5栋109号1楼传输机房BBU07@合浦路-H5H-2641","","","","","","","","","MAE","","","","","","","","4K","","","","","","","","","","","","","","","","","","","","","","","","","","","","","","","","","cff08141-3b6d-496a-bf17-f14b9ddf563a","有效","单步","基础数据查询","工参查询","1","1、看看南京路附近有哪些5G小区
2、这些小区的流量怎么样
3、最近7天的日均流量
4、能耗呢
5、对比下上周的数据","51","1","工参查询","信息量: 模型回答中没有任何与参考答案相关的信息，因此信息量严重不足。. 得分: 0
正确性: 模型回答与参考答案完全不符，且未提供任何有效信息，因此应判定为错误。. 得分: 0
流畅性: 模型回答中包含了HTML代码片段，不符合自然语言的表达习惯，因此不流畅。. 得分: 0
简洁性: 模型回答虽然简短，但由于包含大量无关信息，因此不简洁。. 得分: 0
结构化: 模型回答中包含了HTML代码片段，格式混乱，难以阅读。. 得分: 0
逻辑性: 模型回答中出现了HTML错误页面的内容，逻辑上完全不相关，因此逻辑混乱。. 得分: 0","POI查询+KPI串联","","知识问答","final_state:
  evaluation:
    method: ICT_RAG","","","","","","","","","","","","","","","","","","","","","","用例执行过程出现异常，需复测 | Step2: session 异常信息：请求模型接口失败：【工具提示（非模型输出）】\n        调用模型接口错误:code:503, message:<!DOCTYPE html>\n<html xmlns:eview=""ignored"">\n\n<head>\n  <title></title>\n  <meta http-equiv=""Content-Type"" content=""text/html; charset=utf-8"" />\n  <meta http-equiv=""X-UA-Compatible"" content=""IE=edge,chrome=1"" />\n  \n  <link href=""/erservice/errors/main.css"" type=""text/css"" rel=""stylesheet"">\n</head>\n\n<body>\n  <div id=""pcsContainer"">\n  </div>\n  \n</body>\n<script type=""text/javascript"">\n    var error = '503';\n</script>\n<script src=""/erservice/errors/main.js""></script>\n</html>\n\n        ","信息量: 模型回答中没有任何与参考答案相关的信息，因此信息量严重不足。. 得分: 0
正确性: 模型回答与参考答案完全不符，且未提供任何有效信息，因此应判定为错误。. 得分: 0
流畅性: 模型回答中包含了HTML代码片段，不符合自然语言的表达习惯，因此不流畅。. 得分: 0
简洁性: 模型回答虽然简短，但由于包含大量无关信息，因此不简洁。. 得分: 0
结构化: 模型回答中包含了HTML代码片段，格式混乱，难以阅读。. 得分: 0
逻辑性: 模型回答中出现了HTML错误页面的内容，逻辑上完全不相关，因此逻辑混乱。. 得分: 0","0","","","信息量: 模型回答中没有任何与参考答案相关的信息，因此信息量严重不足。. 得分: 0
正确性: 模型回答与参考答案完全不符，且未提供任何有效信息，因此应判定为错误。. 得分: 0
流畅性: 模型回答中包含了HTML代码片段，不符合自然语言的表达习惯，因此不流畅。. 得分: 0
简洁性: 模型回答虽然简短，但由于包含大量无关信息，因此不简洁。. 得分: 0
结构化: 模型回答中包含了HTML代码片段，格式混乱，难以阅读。. 得分: 0
逻辑性: 模型回答中出现了HTML错误页面的内容，逻辑上完全不相关，因此逻辑混乱。. 得分: 0","","","","","","--","","","","","","","--","","","","0.00","失败"
"53","","","","","","","","","","TC00000054","这些小区今年6月份平均下行PRB利用率咋样？","","","空","","","","","","","","","MAE","","","","","","","","4K","","","","","","","","","","","","","","","","","","","","","","","","","","","","","","","","","65708b73-f7c9-49c0-9c4b-efebb0eb9acb","有效","单步","基础数据查询","工参查询","1","","51","2","工参查询","信息量: 松懈无判断. 得分: 1
正确性: 通过步骤1，进入步骤1.1及1.2提取关键信息点，[问题]询问的是关于某些小区在今年6月份的平均下行PRB利用率的情况。[参考答案]为空，这意味着没有提供具体的参考信息来验证[模型回答]的准确性。[模型回答]显示的是一个技术错误信息，表明在尝试获取相关信息时发生了异常，导致无法提供实际的回答。由于[模型回答]未能提供与[问题]相关的任何实质性内容，而是返回了一个错误页面，这显然不符合问题的要求。因此，根据步骤2.1，[模型回答]应被判断为`错误`。. 得分: 1
流畅性: 松懈无判断. 得分: 1
简洁性: 松懈无判断. 得分: 1
结构化: 松懈无判断. 得分: 1
逻辑性: 松懈无判断. 得分: 1","POI查询+KPI串联","","知识问答","final_state:
  evaluation:
    method: ICT_RAG","","","","","","","","","","","","","","","","","","","","","","用例执行过程出现异常，需复测 | Step2: session 异常信息：请求模型接口失败：【工具提示（非模型输出）】\n        调用模型接口错误:code:503, message:<!DOCTYPE html>\n<html xmlns:eview=""ignored"">\n\n<head>\n  <title></title>\n  <meta http-equiv=""Content-Type"" content=""text/html; charset=utf-8"" />\n  <meta http-equiv=""X-UA-Compatible"" content=""IE=edge,chrome=1"" />\n  \n  <link href=""/erservice/errors/main.css"" type=""text/css"" rel=""stylesheet"">\n</head>\n\n<body>\n  <div id=""pcsContainer"">\n  </div>\n  \n</body>\n<script type=""text/javascript"">\n    var error = '503';\n</script>\n<script src=""/erservice/errors/main.js""></script>\n</html>\n\n        ","信息量: 松懈无判断. 得分: 1
正确性: 通过步骤1，进入步骤1.1及1.2提取关键信息点，[问题]询问的是关于某些小区在今年6月份的平均下行PRB利用率的情况。[参考答案]为空，这意味着没有提供具体的参考信息来验证[模型回答]的准确性。[模型回答]显示的是一个技术错误信息，表明在尝试获取相关信息时发生了异常，导致无法提供实际的回答。由于[模型回答]未能提供与[问题]相关的任何实质性内容，而是返回了一个错误页面，这显然不符合问题的要求。因此，根据步骤2.1，[模型回答]应被判断为`错误`。. 得分: 1
流畅性: 松懈无判断. 得分: 1
简洁性: 松懈无判断. 得分: 1
结构化: 松懈无判断. 得分: 1
逻辑性: 松懈无判断. 得分: 1","1","","","信息量: 松懈无判断. 得分: 1
正确性: 通过步骤1，进入步骤1.1及1.2提取关键信息点，[问题]询问的是关于某些小区在今年6月份的平均下行PRB利用率的情况。[参考答案]为空，这意味着没有提供具体的参考信息来验证[模型回答]的准确性。[模型回答]显示的是一个技术错误信息，表明在尝试获取相关信息时发生了异常，导致无法提供实际的回答。由于[模型回答]未能提供与[问题]相关的任何实质性内容，而是返回了一个错误页面，这显然不符合问题的要求。因此，根据步骤2.1，[模型回答]应被判断为`错误`。. 得分: 1
流畅性: 松懈无判断. 得分: 1
简洁性: 松懈无判断. 得分: 1
结构化: 松懈无判断. 得分: 1
逻辑性: 松懈无判断. 得分: 1","","","","","","--","","","","","","","--","","","","1.00","失败"
"54","","","","","","","","","","TC00000055","8月份第一周的呢","","","空","","","","","","","","","MAE","","","","","","","","4K","","","","","","","","","","","","","","","","","","","","","","","","","","","","","","","","","c62f254b-d166-467e-8d65-e8c1a5d56e53","有效","单步","基础数据查询","工参查询","1","","51","3","工参查询","信息量: 模型回答中没有提供任何与问题相关的信息，因此信息量不足。. 得分: 0
正确性: 模型回答与参考答案完全不符，且提供的信息与问题无关，因此应判定为错误。. 得分: 0
流畅性: 虽然模型回答的语言结构没有明显错误，但由于内容与问题无关，因此不流畅。. 得分: 0
简洁性: 模型回答虽然简洁，但因其内容与问题无关，故此评价不适用。. 得分: 0
结构化: 模型回答的内容格式混乱，难以阅读，尤其是HTML代码的插入使得回答不易理解。. 得分: 0
逻辑性: 模型回答的内容与问题无关，逻辑上不成立，因此逻辑混乱。. 得分: 0","POI查询+KPI串联","","知识问答","final_state:
  evaluation:
    method: ICT_RAG","","","","","","","","","","","","","","","","","","","","","","用例执行过程出现异常，需复测 | Step2: session 异常信息：请求模型接口失败：【工具提示（非模型输出）】\n        调用模型接口错误:code:503, message:<!DOCTYPE html>\n<html xmlns:eview=""ignored"">\n\n<head>\n  <title></title>\n  <meta http-equiv=""Content-Type"" content=""text/html; charset=utf-8"" />\n  <meta http-equiv=""X-UA-Compatible"" content=""IE=edge,chrome=1"" />\n  \n  <link href=""/erservice/errors/main.css"" type=""text/css"" rel=""stylesheet"">\n</head>\n\n<body>\n  <div id=""pcsContainer"">\n  </div>\n  \n</body>\n<script type=""text/javascript"">\n    var error = '503';\n</script>\n<script src=""/erservice/errors/main.js""></script>\n</html>\n\n        ","信息量: 模型回答中没有提供任何与问题相关的信息，因此信息量不足。. 得分: 0
正确性: 模型回答与参考答案完全不符，且提供的信息与问题无关，因此应判定为错误。. 得分: 0
流畅性: 虽然模型回答的语言结构没有明显错误，但由于内容与问题无关，因此不流畅。. 得分: 0
简洁性: 模型回答虽然简洁，但因其内容与问题无关，故此评价不适用。. 得分: 0
结构化: 模型回答的内容格式混乱，难以阅读，尤其是HTML代码的插入使得回答不易理解。. 得分: 0
逻辑性: 模型回答的内容与问题无关，逻辑上不成立，因此逻辑混乱。. 得分: 0","0","","","信息量: 模型回答中没有提供任何与问题相关的信息，因此信息量不足。. 得分: 0
正确性: 模型回答与参考答案完全不符，且提供的信息与问题无关，因此应判定为错误。. 得分: 0
流畅性: 虽然模型回答的语言结构没有明显错误，但由于内容与问题无关，因此不流畅。. 得分: 0
简洁性: 模型回答虽然简洁，但因其内容与问题无关，故此评价不适用。. 得分: 0
结构化: 模型回答的内容格式混乱，难以阅读，尤其是HTML代码的插入使得回答不易理解。. 得分: 0
逻辑性: 模型回答的内容与问题无关，逻辑上不成立，因此逻辑混乱。. 得分: 0","","","","","","--","","","","","","","--","","","","0.00","失败"
"55","","","","","","","","","","TC00000056","能耗数据呢？","","","空","","","","","","","","","MAE","","","","","","","","4K","","","","","","","","","","","","","","","","","","","","","","","","","","","","","","","","","d4084458-9d68-4c0c-a16e-15d2b0872b41","有效","单步","基础数据查询","工参查询","1","","51","4","工参查询","信息量: 松懈无判断. 得分: 1
正确性: 通过步骤1，进入步骤1.1及1.2提取关键信息点。[问题]询问的是关于能耗数据的信息，但[参考答案]为空，这意味着没有提供任何标准答案来进行比较。[模型回答]显示的是一个技术错误信息，表明在尝试获取能耗数据时发生了异常，而不是对能耗数据的直接回答。由于[参考答案]为空，我们无法直接根据提供的[参考答案]来判断[模型回答]的正确性。但是，根据问题的真实意图，即询问能耗数据，[模型回答]未能提供相关信息，而是返回了一个错误页面的内容，这显然不符合问题的要求。因此，根据问题的真实意图，[模型回答]应被视为不正确的。. 得分: 1
流畅性: 松懈无判断. 得分: 1
简洁性: 松懈无判断. 得分: 1
结构化: 松懈无判断. 得分: 1
逻辑性: 松懈无判断. 得分: 1","POI查询+KPI串联","","知识问答","final_state:
  evaluation:
    method: ICT_RAG","","","","","","","","","","","","","","","","","","","","","","用例执行过程出现异常，需复测 | Step2: session 异常信息：请求模型接口失败：【工具提示（非模型输出）】\n        调用模型接口错误:code:503, message:<!DOCTYPE html>\n<html xmlns:eview=""ignored"">\n\n<head>\n  <title></title>\n  <meta http-equiv=""Content-Type"" content=""text/html; charset=utf-8"" />\n  <meta http-equiv=""X-UA-Compatible"" content=""IE=edge,chrome=1"" />\n  \n  <link href=""/erservice/errors/main.css"" type=""text/css"" rel=""stylesheet"">\n</head>\n\n<body>\n  <div id=""pcsContainer"">\n  </div>\n  \n</body>\n<script type=""text/javascript"">\n    var error = '503';\n</script>\n<script src=""/erservice/errors/main.js""></script>\n</html>\n\n        ","信息量: 松懈无判断. 得分: 1
正确性: 通过步骤1，进入步骤1.1及1.2提取关键信息点。[问题]询问的是关于能耗数据的信息，但[参考答案]为空，这意味着没有提供任何标准答案来进行比较。[模型回答]显示的是一个技术错误信息，表明在尝试获取能耗数据时发生了异常，而不是对能耗数据的直接回答。由于[参考答案]为空，我们无法直接根据提供的[参考答案]来判断[模型回答]的正确性。但是，根据问题的真实意图，即询问能耗数据，[模型回答]未能提供相关信息，而是返回了一个错误页面的内容，这显然不符合问题的要求。因此，根据问题的真实意图，[模型回答]应被视为不正确的。. 得分: 1
流畅性: 松懈无判断. 得分: 1
简洁性: 松懈无判断. 得分: 1
结构化: 松懈无判断. 得分: 1
逻辑性: 松懈无判断. 得分: 1","1","","","信息量: 松懈无判断. 得分: 1
正确性: 通过步骤1，进入步骤1.1及1.2提取关键信息点。[问题]询问的是关于能耗数据的信息，但[参考答案]为空，这意味着没有提供任何标准答案来进行比较。[模型回答]显示的是一个技术错误信息，表明在尝试获取能耗数据时发生了异常，而不是对能耗数据的直接回答。由于[参考答案]为空，我们无法直接根据提供的[参考答案]来判断[模型回答]的正确性。但是，根据问题的真实意图，即询问能耗数据，[模型回答]未能提供相关信息，而是返回了一个错误页面的内容，这显然不符合问题的要求。因此，根据问题的真实意图，[模型回答]应被视为不正确的。. 得分: 1
流畅性: 松懈无判断. 得分: 1
简洁性: 松懈无判断. 得分: 1
结构化: 松懈无判断. 得分: 1
逻辑性: 松懈无判断. 得分: 1","","","","","","--","","","","","","","--","","","","1.00","失败"
"56","","","","","","","","","","TC00000057","第二周的数据呢？","","","空","","","","","","","","","MAE","","","","","","","","4K","","","","","","","","","","","","","","","","","","","","","","","","","","","","","","","","","16838024-6995-4994-9991-a553063ba8b5","有效","单步","基础数据查询","工参查询","1","","51","5","工参查询","信息量: 松懈无判断. 得分: 10
正确性: 通过步骤1，进入步骤1.1及1.2提取关键信息点，[问题]询问的是第二周的数据，但[参考答案]为空，这意味着没有提供任何关于第二周数据的具体信息作为参考。[模型回答]提到了用例执行过程中出现异常，需要复测，并且显示了一个HTTP 503错误页面的内容，这表明模型在尝试获取第二周数据时遇到了服务不可用的问题。由于[参考答案]为空，无法直接比较[模型回答]与[参考答案]之间的信息一致性。但是，根据问题的真实意图，即询问第二周的数据，[模型回答]虽然没有直接提供数据，但指出了无法获取数据的原因，这在一定程度上回应了问题。因此，根据步骤2.1，尽管[模型回答]未能提供具体的第二周数据，但它解释了为何无法提供这些数据，这可以视为一种合理的回答。. 得分: 10
流畅性: 松懈无判断. 得分: 10
简洁性: 松懈无判断. 得分: 10
结构化: 松懈无判断. 得分: 10
逻辑性: 松懈无判断. 得分: 10","POI查询+KPI串联","","知识问答","final_state:
  evaluation:
    method: ICT_RAG","","","","","","","","","","","","","","","","","","","","","","用例执行过程出现异常，需复测 | Step2: session 异常信息：请求模型接口失败：【工具提示（非模型输出）】\n        调用模型接口错误:code:503, message:<!DOCTYPE html>\n<html xmlns:eview=""ignored"">\n\n<head>\n  <title></title>\n  <meta http-equiv=""Content-Type"" content=""text/html; charset=utf-8"" />\n  <meta http-equiv=""X-UA-Compatible"" content=""IE=edge,chrome=1"" />\n  \n  <link href=""/erservice/errors/main.css"" type=""text/css"" rel=""stylesheet"">\n</head>\n\n<body>\n  <div id=""pcsContainer"">\n  </div>\n  \n</body>\n<script type=""text/javascript"">\n    var error = '503';\n</script>\n<script src=""/erservice/errors/main.js""></script>\n</html>\n\n        ","信息量: 松懈无判断. 得分: 10
正确性: 通过步骤1，进入步骤1.1及1.2提取关键信息点，[问题]询问的是第二周的数据，但[参考答案]为空，这意味着没有提供任何关于第二周数据的具体信息作为参考。[模型回答]提到了用例执行过程中出现异常，需要复测，并且显示了一个HTTP 503错误页面的内容，这表明模型在尝试获取第二周数据时遇到了服务不可用的问题。由于[参考答案]为空，无法直接比较[模型回答]与[参考答案]之间的信息一致性。但是，根据问题的真实意图，即询问第二周的数据，[模型回答]虽然没有直接提供数据，但指出了无法获取数据的原因，这在一定程度上回应了问题。因此，根据步骤2.1，尽管[模型回答]未能提供具体的第二周数据，但它解释了为何无法提供这些数据，这可以视为一种合理的回答。. 得分: 10
流畅性: 松懈无判断. 得分: 10
简洁性: 松懈无判断. 得分: 10
结构化: 松懈无判断. 得分: 10
逻辑性: 松懈无判断. 得分: 10","10","","","信息量: 松懈无判断. 得分: 10
正确性: 通过步骤1，进入步骤1.1及1.2提取关键信息点，[问题]询问的是第二周的数据，但[参考答案]为空，这意味着没有提供任何关于第二周数据的具体信息作为参考。[模型回答]提到了用例执行过程中出现异常，需要复测，并且显示了一个HTTP 503错误页面的内容，这表明模型在尝试获取第二周数据时遇到了服务不可用的问题。由于[参考答案]为空，无法直接比较[模型回答]与[参考答案]之间的信息一致性。但是，根据问题的真实意图，即询问第二周的数据，[模型回答]虽然没有直接提供数据，但指出了无法获取数据的原因，这在一定程度上回应了问题。因此，根据步骤2.1，尽管[模型回答]未能提供具体的第二周数据，但它解释了为何无法提供这些数据，这可以视为一种合理的回答。. 得分: 10
流畅性: 松懈无判断. 得分: 10
简洁性: 松懈无判断. 得分: 10
结构化: 松懈无判断. 得分: 10
逻辑性: 松懈无判断. 得分: 10","","","","","","--","","","","","","","--","","","","10.00","通过"
"57","","","","","","","","","","TC00000058","查询apo_mock区域内的5G小区2026-8-24 10:00到13:00的下行低速占比","","","空","","","","","","","","","MAE","","","","","","","","4K","","","","","","","","","","","","","","","","","","","","","","","","","","","","","","","","","32863e51-12c2-4421-a560-3b1b79b9fe1a","有效","多步","基础数据查询","工参查询","1","","52","1","工参查询","信息量: 模型回答主要描述了执行过程中遇到的问题，但未能提供与参考答案相关的有效信息。. 得分: 0
正确性: 模型回答中提到的异常情况与参考答案不符，且未能提供有效的解决方案或信息。. 得分: 0
流畅性: 模型回答虽然描述了遇到的问题，但由于包含了HTML错误页面的内容，影响了整体的流畅性。. 得分: 0
简洁性: 模型回答虽然简洁，但由于包含了不必要的HTML错误页面内容，影响了简洁性。. 得分: 0
结构化: 模型回答中包含了HTML错误页面的内容，使得整体结构显得混乱，不易于阅读。. 得分: 0
逻辑性: 尽管模型回答描述了遇到的具体问题，但未能给出解决问题的方法或进一步的指导，逻辑上不够严密。. 得分: 0","KPI查询泛化","","知识问答","final_state:
  evaluation:
    method: ICT_RAG","","","","","","","","","","","","","","","","","","","","","","用例执行过程出现异常，需复测 | Step2: session 异常信息：请求模型接口失败：【工具提示（非模型输出）】\n        调用模型接口错误:code:503, message:<!DOCTYPE html>\n<html xmlns:eview=""ignored"">\n\n<head>\n  <title></title>\n  <meta http-equiv=""Content-Type"" content=""text/html; charset=utf-8"" />\n  <meta http-equiv=""X-UA-Compatible"" content=""IE=edge,chrome=1"" />\n  \n  <link href=""/erservice/errors/main.css"" type=""text/css"" rel=""stylesheet"">\n</head>\n\n<body>\n  <div id=""pcsContainer"">\n  </div>\n  \n</body>\n<script type=""text/javascript"">\n    var error = '503';\n</script>\n<script src=""/erservice/errors/main.js""></script>\n</html>\n\n        ","信息量: 模型回答主要描述了执行过程中遇到的问题，但未能提供与参考答案相关的有效信息。. 得分: 0
正确性: 模型回答中提到的异常情况与参考答案不符，且未能提供有效的解决方案或信息。. 得分: 0
流畅性: 模型回答虽然描述了遇到的问题，但由于包含了HTML错误页面的内容，影响了整体的流畅性。. 得分: 0
简洁性: 模型回答虽然简洁，但由于包含了不必要的HTML错误页面内容，影响了简洁性。. 得分: 0
结构化: 模型回答中包含了HTML错误页面的内容，使得整体结构显得混乱，不易于阅读。. 得分: 0
逻辑性: 尽管模型回答描述了遇到的具体问题，但未能给出解决问题的方法或进一步的指导，逻辑上不够严密。. 得分: 0","0","","","信息量: 模型回答主要描述了执行过程中遇到的问题，但未能提供与参考答案相关的有效信息。. 得分: 0
正确性: 模型回答中提到的异常情况与参考答案不符，且未能提供有效的解决方案或信息。. 得分: 0
流畅性: 模型回答虽然描述了遇到的问题，但由于包含了HTML错误页面的内容，影响了整体的流畅性。. 得分: 0
简洁性: 模型回答虽然简洁，但由于包含了不必要的HTML错误页面内容，影响了简洁性。. 得分: 0
结构化: 模型回答中包含了HTML错误页面的内容，使得整体结构显得混乱，不易于阅读。. 得分: 0
逻辑性: 尽管模型回答描述了遇到的具体问题，但未能给出解决问题的方法或进一步的指导，逻辑上不够严密。. 得分: 0","","","","","","--","","","","","","","--","","","","0.00","失败"
"58","","","","","","","","","","TC00000059","查询111区域内室外5G小区2026-8-21 21:00到22:00的最大用户数","","","空","","","","","","","","","MAE","","","","","","","","4K","","","","","","","","","","","","","","","","","","","","","","","","","","","","","","","","","cc11b297-ce0c-432b-a6fd-c85ee3d4f323","有效","单步","基础数据查询","工参查询","1","","53","1","工参查询","信息量: 模型回答主要描述了执行过程中遇到的技术问题，而非回答原始问题所需的信息，因此有效信息不足。. 得分: 0
正确性: 模型回答中提到的问题与参考答案无关，且未能提供任何有效信息来回答原始问题，因此应视为错误。. 得分: 0
流畅性: 模型回答虽然描述了一个技术问题，但语言表达清晰，易于理解。. 得分: 10
简洁性: 模型回答直接指出了遇到的问题，没有多余的描述，较为简洁。. 得分: 10
结构化: 模型回答虽然包含了HTML代码片段，但整体上仍然保持了一定的格式，易于阅读。. 得分: 10
逻辑性: 尽管模型回答描述了一个技术问题，但这一描述本身是连贯的，逻辑上没有明显错误。. 得分: 10","KPI查询泛化","","知识问答","final_state:
  evaluation:
    method: ICT_RAG","","","","","","","","","","","","","","","","","","","","","","用例执行过程出现异常，需复测 | Step2: session 异常信息：请求模型接口失败：【工具提示（非模型输出）】\n        调用模型接口错误:code:503, message:<!DOCTYPE html>\n<html xmlns:eview=""ignored"">\n\n<head>\n  <title></title>\n  <meta http-equiv=""Content-Type"" content=""text/html; charset=utf-8"" />\n  <meta http-equiv=""X-UA-Compatible"" content=""IE=edge,chrome=1"" />\n  \n  <link href=""/erservice/errors/main.css"" type=""text/css"" rel=""stylesheet"">\n</head>\n\n<body>\n  <div id=""pcsContainer"">\n  </div>\n  \n</body>\n<script type=""text/javascript"">\n    var error = '503';\n</script>\n<script src=""/erservice/errors/main.js""></script>\n</html>\n\n        ","信息量: 模型回答主要描述了执行过程中遇到的技术问题，而非回答原始问题所需的信息，因此有效信息不足。. 得分: 0
正确性: 模型回答中提到的问题与参考答案无关，且未能提供任何有效信息来回答原始问题，因此应视为错误。. 得分: 0
流畅性: 模型回答虽然描述了一个技术问题，但语言表达清晰，易于理解。. 得分: 10
简洁性: 模型回答直接指出了遇到的问题，没有多余的描述，较为简洁。. 得分: 10
结构化: 模型回答虽然包含了HTML代码片段，但整体上仍然保持了一定的格式，易于阅读。. 得分: 10
逻辑性: 尽管模型回答描述了一个技术问题，但这一描述本身是连贯的，逻辑上没有明显错误。. 得分: 10","2","","","信息量: 模型回答主要描述了执行过程中遇到的技术问题，而非回答原始问题所需的信息，因此有效信息不足。. 得分: 0
正确性: 模型回答中提到的问题与参考答案无关，且未能提供任何有效信息来回答原始问题，因此应视为错误。. 得分: 0
流畅性: 模型回答虽然描述了一个技术问题，但语言表达清晰，易于理解。. 得分: 10
简洁性: 模型回答直接指出了遇到的问题，没有多余的描述，较为简洁。. 得分: 10
结构化: 模型回答虽然包含了HTML代码片段，但整体上仍然保持了一定的格式，易于阅读。. 得分: 10
逻辑性: 尽管模型回答描述了一个技术问题，但这一描述本身是连贯的，逻辑上没有明显错误。. 得分: 10","","","","","","--","","","","","","","--","","","","2.00","失败"
"59","","","","","","","","","","TC00000060","查询5G小区深圳奥特莱斯D-HRH-1_1002114今年7月份的上行PRB利用率平均值","","","5G小区深圳奥特莱斯D-HRH-1_1002114在2026年7月份的上行PRB利用率平均值为12.01%（基于30天数据计算，全量结果已保存至CSV文件：dfs-unified-query/wireless/pm/pm_6b3e9eb1-b905-4c42-b335-018b0edad8f9.csv）。","","","","","","","","","MAE","","","","","","","","4K","","","","","","","","","","","","","","","","","","","","","","","","","","","","","","","","","944f84fc-dbba-44b6-b43c-268f78ecfcb6","有效","单步","基础数据查询","工参查询","1","","54","1","工参查询","信息量: 模型回答中没有提供任何与问题相关的信息，只有关于调用模型接口错误的描述，因此有效信息不足。. 得分: 0
正确性: 模型回答中没有提供任何关于5G小区深圳奥特莱斯D-HRH-1_1002114在2026年7月份的上行PRB利用率平均值的信息，与参考答案完全不符，因此是错误的。. 得分: 0
流畅性: 模型回答虽然包含了HTML错误页面的内容，但这部分内容是由于调用错误而产生的，从回答的角度来看，这部分内容影响了整体的流畅性。. 得分: 0
简洁性: 模型回答虽然简洁，但由于包含了不必要的HTML错误页面内容，影响了简洁性。. 得分: 0
结构化: 模型回答中包含了HTML代码，这使得整个回答格式混乱，难以阅读。. 得分: 0
逻辑性: 尽管模型回答中出现了错误信息，但这些信息本身是连贯的，反映了调用过程中遇到的问题，因此逻辑上是严密的。. 得分: 10","KPI查询泛化","","知识问答","final_state:
  evaluation:
    method: ICT_RAG","","","","","","","","","","","","","","","","","","","","","","用例执行过程出现异常，需复测 | Step2: session 异常信息：请求模型接口失败：【工具提示（非模型输出）】\n        调用模型接口错误:code:503, message:<!DOCTYPE html>\n<html xmlns:eview=""ignored"">\n\n<head>\n  <title></title>\n  <meta http-equiv=""Content-Type"" content=""text/html; charset=utf-8"" />\n  <meta http-equiv=""X-UA-Compatible"" content=""IE=edge,chrome=1"" />\n  \n  <link href=""/erservice/errors/main.css"" type=""text/css"" rel=""stylesheet"">\n</head>\n\n<body>\n  <div id=""pcsContainer"">\n  </div>\n  \n</body>\n<script type=""text/javascript"">\n    var error = '503';\n</script>\n<script src=""/erservice/errors/main.js""></script>\n</html>\n\n        ","信息量: 模型回答中没有提供任何与问题相关的信息，只有关于调用模型接口错误的描述，因此有效信息不足。. 得分: 0
正确性: 模型回答中没有提供任何关于5G小区深圳奥特莱斯D-HRH-1_1002114在2026年7月份的上行PRB利用率平均值的信息，与参考答案完全不符，因此是错误的。. 得分: 0
流畅性: 模型回答虽然包含了HTML错误页面的内容，但这部分内容是由于调用错误而产生的，从回答的角度来看，这部分内容影响了整体的流畅性。. 得分: 0
简洁性: 模型回答虽然简洁，但由于包含了不必要的HTML错误页面内容，影响了简洁性。. 得分: 0
结构化: 模型回答中包含了HTML代码，这使得整个回答格式混乱，难以阅读。. 得分: 0
逻辑性: 尽管模型回答中出现了错误信息，但这些信息本身是连贯的，反映了调用过程中遇到的问题，因此逻辑上是严密的。. 得分: 10","1","","","信息量: 模型回答中没有提供任何与问题相关的信息，只有关于调用模型接口错误的描述，因此有效信息不足。. 得分: 0
正确性: 模型回答中没有提供任何关于5G小区深圳奥特莱斯D-HRH-1_1002114在2026年7月份的上行PRB利用率平均值的信息，与参考答案完全不符，因此是错误的。. 得分: 0
流畅性: 模型回答虽然包含了HTML错误页面的内容，但这部分内容是由于调用错误而产生的，从回答的角度来看，这部分内容影响了整体的流畅性。. 得分: 0
简洁性: 模型回答虽然简洁，但由于包含了不必要的HTML错误页面内容，影响了简洁性。. 得分: 0
结构化: 模型回答中包含了HTML代码，这使得整个回答格式混乱，难以阅读。. 得分: 0
逻辑性: 尽管模型回答中出现了错误信息，但这些信息本身是连贯的，反映了调用过程中遇到的问题，因此逻辑上是严密的。. 得分: 10","","","","","","--","","","","","","","--","","","","1.00","失败"
"60","","","","","","","","","","TC00000061","查询5G小区深圳奥特莱斯D-HRH-1_1002130的今年8月1日到8月7日的上行PRB利用率","","","查询结果显示，5G小区深圳奥特莱斯D-HRH-1_1002130在2026年8月1日至8月7日期间共找到167条上行PRB利用率数据（小时粒度），当前展示前5条结果，全量结果已保存至CSV文件。

**Top 5结果：**
1. 2026-08-01 00:00:00 - 01:00:00：12.01%
2. 2026-08-01 01:00:00 - 02:00:00：12.01%
3. 2026-08-01 02:00:00 - 03:00:00：12.01%
4. 2026-08-01 03:00:00 - 04:00:00：12.01%
5. 2026-08-01 04:00:00 - 05:00:00：12.01%

**全量结果路径：** dfs-unified-query/wireless/pm/pm_2ac6c662-5da0-4968-b84a-77e4725d3924.csv","","","","","","","","","MAE","","","","","","","","4K","","","","","","","","","","","","","","","","","","","","","","","","","","","","","","","","","2a4a5d13-a6f0-4af0-b8cf-761ace8ee2fa","有效","单步","基础数据查询","工参查询","1","","55","1","工参查询","信息量: 模型回答未能提供任何与参考答案相关的信息，因此信息量严重不足。. 得分: 0
正确性: 模型回答与参考答案完全不符，且未提供任何有效信息，因此应判定为错误。. 得分: 0
流畅性: 模型回答中包含了大量HTML代码，不符合人类语言习惯，不流畅。. 得分: 0
简洁性: 模型回答中包含了不必要的HTML代码，不简洁。. 得分: 0
结构化: 模型回答中包含了大量的HTML代码，格式混乱，难以阅读。. 得分: 0
逻辑性: 模型回答中出现了HTML错误页面的内容，这与问题无关，逻辑混乱。. 得分: 0","KPI查询泛化","","知识问答","final_state:
  evaluation:
    method: ICT_RAG","","","","","","","","","","","","","","","","","","","","","","用例执行过程出现异常，需复测 | Step2: session 异常信息：请求模型接口失败：【工具提示（非模型输出）】\n        调用模型接口错误:code:503, message:<!DOCTYPE html>\n<html xmlns:eview=""ignored"">\n\n<head>\n  <title></title>\n  <meta http-equiv=""Content-Type"" content=""text/html; charset=utf-8"" />\n  <meta http-equiv=""X-UA-Compatible"" content=""IE=edge,chrome=1"" />\n  \n  <link href=""/erservice/errors/main.css"" type=""text/css"" rel=""stylesheet"">\n</head>\n\n<body>\n  <div id=""pcsContainer"">\n  </div>\n  \n</body>\n<script type=""text/javascript"">\n    var error = '503';\n</script>\n<script src=""/erservice/errors/main.js""></script>\n</html>\n\n        ","信息量: 模型回答未能提供任何与参考答案相关的信息，因此信息量严重不足。. 得分: 0
正确性: 模型回答与参考答案完全不符，且未提供任何有效信息，因此应判定为错误。. 得分: 0
流畅性: 模型回答中包含了大量HTML代码，不符合人类语言习惯，不流畅。. 得分: 0
简洁性: 模型回答中包含了不必要的HTML代码，不简洁。. 得分: 0
结构化: 模型回答中包含了大量的HTML代码，格式混乱，难以阅读。. 得分: 0
逻辑性: 模型回答中出现了HTML错误页面的内容，这与问题无关，逻辑混乱。. 得分: 0","0","","","信息量: 模型回答未能提供任何与参考答案相关的信息，因此信息量严重不足。. 得分: 0
正确性: 模型回答与参考答案完全不符，且未提供任何有效信息，因此应判定为错误。. 得分: 0
流畅性: 模型回答中包含了大量HTML代码，不符合人类语言习惯，不流畅。. 得分: 0
简洁性: 模型回答中包含了不必要的HTML代码，不简洁。. 得分: 0
结构化: 模型回答中包含了大量的HTML代码，格式混乱，难以阅读。. 得分: 0
逻辑性: 模型回答中出现了HTML错误页面的内容，这与问题无关，逻辑混乱。. 得分: 0","","","","","","--","","","","","","","--","","","","0.00","失败"
"61","","","","","","","","","","TC00000062","查询5G小区今年7月1日平均上行速率最高的小区当日的上行PRB利用率是多少？","","","空","","","","","","","","","MAE","","","","","","","","4K","","","","","","","","","","","","","","","","","","","","","","","","","","","","","","","","","06d27715-d00d-4f15-89e7-af3ff2da0478","有效","多步","基础数据查询","工参查询","1","","56","1","工参查询","信息量: 模型回答主要描述了执行过程中遇到的问题，未能提供关于7月1日平均上行速率最高的5G小区当日的上行PRB利用率的具体信息，因此信息量不足。. 得分: 0
正确性: 模型回答中提到执行过程出现异常，并且给出了具体的异常信息，这与参考答案为空的情况不符，因此判断为错误。. 得分: 0
流畅性: 模型回答虽然包含了技术性的错误信息，但这些信息表述清晰，易于理解，因此流畅性良好。. 得分: 10
简洁性: 模型回答直接指出了执行过程中的异常情况，没有多余的描述，简洁明了。. 得分: 10
结构化: 模型回答虽然包含了HTML代码片段，但这部分是作为错误信息的一部分呈现的，整体上仍然保持了一定的格式规范，易于阅读。. 得分: 10
逻辑性: 尽管模型回答中提到了具体的技术问题，但这些问题的描述与问题本身的要求无关，逻辑上未能围绕问题核心展开，因此逻辑性不强。. 得分: 0","KPI查询泛化","","知识问答","final_state:
  evaluation:
    method: ICT_RAG","","","","","","","","","","","","","","","","","","","","","","用例执行过程出现异常，需复测 | Step2: session 异常信息：请求模型接口失败：【工具提示（非模型输出）】\n        调用模型接口错误:code:503, message:<!DOCTYPE html>\n<html xmlns:eview=""ignored"">\n\n<head>\n  <title></title>\n  <meta http-equiv=""Content-Type"" content=""text/html; charset=utf-8"" />\n  <meta http-equiv=""X-UA-Compatible"" content=""IE=edge,chrome=1"" />\n  \n  <link href=""/erservice/errors/main.css"" type=""text/css"" rel=""stylesheet"">\n</head>\n\n<body>\n  <div id=""pcsContainer"">\n  </div>\n  \n</body>\n<script type=""text/javascript"">\n    var error = '503';\n</script>\n<script src=""/erservice/errors/main.js""></script>\n</html>\n\n        ","信息量: 模型回答主要描述了执行过程中遇到的问题，未能提供关于7月1日平均上行速率最高的5G小区当日的上行PRB利用率的具体信息，因此信息量不足。. 得分: 0
正确性: 模型回答中提到执行过程出现异常，并且给出了具体的异常信息，这与参考答案为空的情况不符，因此判断为错误。. 得分: 0
流畅性: 模型回答虽然包含了技术性的错误信息，但这些信息表述清晰，易于理解，因此流畅性良好。. 得分: 10
简洁性: 模型回答直接指出了执行过程中的异常情况，没有多余的描述，简洁明了。. 得分: 10
结构化: 模型回答虽然包含了HTML代码片段，但这部分是作为错误信息的一部分呈现的，整体上仍然保持了一定的格式规范，易于阅读。. 得分: 10
逻辑性: 尽管模型回答中提到了具体的技术问题，但这些问题的描述与问题本身的要求无关，逻辑上未能围绕问题核心展开，因此逻辑性不强。. 得分: 0","1","","","信息量: 模型回答主要描述了执行过程中遇到的问题，未能提供关于7月1日平均上行速率最高的5G小区当日的上行PRB利用率的具体信息，因此信息量不足。. 得分: 0
正确性: 模型回答中提到执行过程出现异常，并且给出了具体的异常信息，这与参考答案为空的情况不符，因此判断为错误。. 得分: 0
流畅性: 模型回答虽然包含了技术性的错误信息，但这些信息表述清晰，易于理解，因此流畅性良好。. 得分: 10
简洁性: 模型回答直接指出了执行过程中的异常情况，没有多余的描述，简洁明了。. 得分: 10
结构化: 模型回答虽然包含了HTML代码片段，但这部分是作为错误信息的一部分呈现的，整体上仍然保持了一定的格式规范，易于阅读。. 得分: 10
逻辑性: 尽管模型回答中提到了具体的技术问题，但这些问题的描述与问题本身的要求无关，逻辑上未能围绕问题核心展开，因此逻辑性不强。. 得分: 0","","","","","","--","","","","","","","--","","","","1.00","失败"
"62","","","","","","","","","","TC00000063","查询5G室外小区深圳大梅沙二D-HRH-1_1002137今年8月份第一周前三天的RRC建立成功率","","","空","","","","","","","","","MAE","","","","","","","","4K","","","","","","","","","","","","","","","","","","","","","","","","","","","","","","","","","f0a66210-a45c-485d-8949-a9caf4308914","有效","单步","基础数据查询","工参查询","1","","57","1","工参查询","信息量: 模型回答中没有提供任何与问题相关的有效信息，只有异常报告，因此信息量不足。. 得分: 0
正确性: 模型回答中提到的异常信息与参考答案无关，且未能提供任何关于查询5G室外小区深圳大梅沙二D-HRH-1_1002137今年8月份第一周前三天的RRC建立成功率的信息，因此判断为错误。. 得分: 0
流畅性: 模型回答虽然包含了异常信息，但由于这些信息与问题无关，导致整体表达不流畅。. 得分: 0
简洁性: 模型回答中虽然简洁地指出了异常，但这些信息对于解决问题无帮助，因此不简洁。. 得分: 0
结构化: 模型回答中包含了HTML代码片段，这使得回答格式混乱，难以阅读。. 得分: 0
逻辑性: 尽管模型回答中出现了异常信息，但这些信息与问题本身无关，因此逻辑性混乱。. 得分: 0","KPI查询泛化","","知识问答","final_state:
  evaluation:
    method: ICT_RAG","","","","","","","","","","","","","","","","","","","","","","用例执行过程出现异常，需复测 | Step2: session 异常信息：请求模型接口失败：【工具提示（非模型输出）】\n        调用模型接口错误:code:503, message:<!DOCTYPE html>\n<html xmlns:eview=""ignored"">\n\n<head>\n  <title></title>\n  <meta http-equiv=""Content-Type"" content=""text/html; charset=utf-8"" />\n  <meta http-equiv=""X-UA-Compatible"" content=""IE=edge,chrome=1"" />\n  \n  <link href=""/erservice/errors/main.css"" type=""text/css"" rel=""stylesheet"">\n</head>\n\n<body>\n  <div id=""pcsContainer"">\n  </div>\n  \n</body>\n<script type=""text/javascript"">\n    var error = '503';\n</script>\n<script src=""/erservice/errors/main.js""></script>\n</html>\n\n        ","信息量: 模型回答中没有提供任何与问题相关的有效信息，只有异常报告，因此信息量不足。. 得分: 0
正确性: 模型回答中提到的异常信息与参考答案无关，且未能提供任何关于查询5G室外小区深圳大梅沙二D-HRH-1_1002137今年8月份第一周前三天的RRC建立成功率的信息，因此判断为错误。. 得分: 0
流畅性: 模型回答虽然包含了异常信息，但由于这些信息与问题无关，导致整体表达不流畅。. 得分: 0
简洁性: 模型回答中虽然简洁地指出了异常，但这些信息对于解决问题无帮助，因此不简洁。. 得分: 0
结构化: 模型回答中包含了HTML代码片段，这使得回答格式混乱，难以阅读。. 得分: 0
逻辑性: 尽管模型回答中出现了异常信息，但这些信息与问题本身无关，因此逻辑性混乱。. 得分: 0","0","","","信息量: 模型回答中没有提供任何与问题相关的有效信息，只有异常报告，因此信息量不足。. 得分: 0
正确性: 模型回答中提到的异常信息与参考答案无关，且未能提供任何关于查询5G室外小区深圳大梅沙二D-HRH-1_1002137今年8月份第一周前三天的RRC建立成功率的信息，因此判断为错误。. 得分: 0
流畅性: 模型回答虽然包含了异常信息，但由于这些信息与问题无关，导致整体表达不流畅。. 得分: 0
简洁性: 模型回答中虽然简洁地指出了异常，但这些信息对于解决问题无帮助，因此不简洁。. 得分: 0
结构化: 模型回答中包含了HTML代码片段，这使得回答格式混乱，难以阅读。. 得分: 0
逻辑性: 尽管模型回答中出现了异常信息，但这些信息与问题本身无关，因此逻辑性混乱。. 得分: 0","","","","","","--","","","","","","","--","","","","0.00","失败"
"63","","","","","","","","","","TC00000064","查询深圳奥特莱斯D-HRH-2_1002002小区今年8月23日的上行流量，每15分钟查询一次","","","深圳奥特莱斯D-HRH-2_1002002小区今年8月23日的上行流量查询成功，共找到95条15分钟粒度的性能数据。前5条结果如下：

1. 00:00-00:15：0.106 MB
2. 00:15-00:30：0.100 MB
3. 00:30-00:45：0.125 MB
4. 00:45-01:00：0.082 MB
5. 01:00-01:15：0.106 MB

全量结果已保存至CSV文件：dfs-unified-query/wireless/pm/pm_cb5d7eae-c01f-461f-9015-d7a19af3c318.csv（已截取前20,000条生成文件）。","","","","","","","","","MAE","","","","","","","","4K","","","","","","","","","","","","","","","","","","","","","","","","","","","","","","","","","35da68ef-09c9-4479-b371-13d121c20650","有效","单步","基础数据查询","工参查询","1","","58","1","工参查询","信息量: 模型回答中没有提供任何关于深圳奥特莱斯D-HRH-2_1002002小区8月23日上行流量的数据，因此信息量严重不足。. 得分: 0
正确性: 模型回答与参考答案完全不符，且未能提供任何有效信息，因此应判定为错误。. 得分: 0
流畅性: 虽然模型回答中包含了HTML代码，但这不影响其作为文本的可读性，但由于内容与问题无关，因此流畅性不佳。. 得分: 0
简洁性: 模型回答虽然简洁，但未能提供任何有效信息，因此简洁性评价为不简洁。. 得分: 0
结构化: 模型回答中包含了HTML代码，格式混乱，难以阅读。. 得分: 0
逻辑性: 模型回答中提到的异常信息与问题无关，且没有给出解决问题的方法或替代方案，逻辑上不严密。. 得分: 0","KPI查询泛化","","知识问答","final_state:
  evaluation:
    method: ICT_RAG","","","","","","","","","","","","","","","","","","","","","","用例执行过程出现异常，需复测 | Step2: session 异常信息：请求模型接口失败：【工具提示（非模型输出）】\n        调用模型接口错误:code:503, message:<!DOCTYPE html>\n<html xmlns:eview=""ignored"">\n\n<head>\n  <title></title>\n  <meta http-equiv=""Content-Type"" content=""text/html; charset=utf-8"" />\n  <meta http-equiv=""X-UA-Compatible"" content=""IE=edge,chrome=1"" />\n  \n  <link href=""/erservice/errors/main.css"" type=""text/css"" rel=""stylesheet"">\n</head>\n\n<body>\n  <div id=""pcsContainer"">\n  </div>\n  \n</body>\n<script type=""text/javascript"">\n    var error = '503';\n</script>\n<script src=""/erservice/errors/main.js""></script>\n</html>\n\n        ","信息量: 模型回答中没有提供任何关于深圳奥特莱斯D-HRH-2_1002002小区8月23日上行流量的数据，因此信息量严重不足。. 得分: 0
正确性: 模型回答与参考答案完全不符，且未能提供任何有效信息，因此应判定为错误。. 得分: 0
流畅性: 虽然模型回答中包含了HTML代码，但这不影响其作为文本的可读性，但由于内容与问题无关，因此流畅性不佳。. 得分: 0
简洁性: 模型回答虽然简洁，但未能提供任何有效信息，因此简洁性评价为不简洁。. 得分: 0
结构化: 模型回答中包含了HTML代码，格式混乱，难以阅读。. 得分: 0
逻辑性: 模型回答中提到的异常信息与问题无关，且没有给出解决问题的方法或替代方案，逻辑上不严密。. 得分: 0","0","","","信息量: 模型回答中没有提供任何关于深圳奥特莱斯D-HRH-2_1002002小区8月23日上行流量的数据，因此信息量严重不足。. 得分: 0
正确性: 模型回答与参考答案完全不符，且未能提供任何有效信息，因此应判定为错误。. 得分: 0
流畅性: 虽然模型回答中包含了HTML代码，但这不影响其作为文本的可读性，但由于内容与问题无关，因此流畅性不佳。. 得分: 0
简洁性: 模型回答虽然简洁，但未能提供任何有效信息，因此简洁性评价为不简洁。. 得分: 0
结构化: 模型回答中包含了HTML代码，格式混乱，难以阅读。. 得分: 0
逻辑性: 模型回答中提到的异常信息与问题无关，且没有给出解决问题的方法或替代方案，逻辑上不严密。. 得分: 0","","","","","","--","","","","","","","--","","","","0.00","失败"
"64","","","","","","","","","","TC00000065","查询AlarmTest1区域内小区今年8月15日到8月18日的上行低速占比，每小时输出一次","","","空","","","","","","","","","MAE","","","","","","","","4K","","","","","","","","","","","","","","","","","","","","","","","","","","","","","","","","","800b9489-ef6a-4cc4-bd9c-d4a7c5eaa511","有效","单步","基础数据查询","工参查询","1","","59","1","工参查询","信息量: 模型回答中没有提供任何与问题相关的信息，只有异常报告，因此信息量不足。. 得分: 0
正确性: 模型回答中提到的异常信息与参考答案无关，且未能提供任何关于查询AlarmTest1区域内小区今年8月15日到8月18日的上行低速占比的信息，因此判断为错误。. 得分: 0
流畅性: 模型回答虽然包含了异常信息，但由于这些信息与问题无关，导致整体表达不流畅。. 得分: 0
简洁性: 模型回答简洁，但内容与问题无关。. 得分: 10
结构化: 模型回答中异常信息的格式混乱，难以阅读。. 得分: 0
逻辑性: 尽管模型回答中出现了异常信息，但这些信息与问题本身无关，因此逻辑性混乱。. 得分: 0","KPI查询泛化","","知识问答","final_state:
  evaluation:
    method: ICT_RAG","","","","","","","","","","","","","","","","","","","","","","用例执行过程出现异常，需复测 | Step2: session 异常信息：请求模型接口失败：【工具提示（非模型输出）】\n        调用模型接口错误:code:503, message:<!DOCTYPE html>\n<html xmlns:eview=""ignored"">\n\n<head>\n  <title></title>\n  <meta http-equiv=""Content-Type"" content=""text/html; charset=utf-8"" />\n  <meta http-equiv=""X-UA-Compatible"" content=""IE=edge,chrome=1"" />\n  \n  <link href=""/erservice/errors/main.css"" type=""text/css"" rel=""stylesheet"">\n</head>\n\n<body>\n  <div id=""pcsContainer"">\n  </div>\n  \n</body>\n<script type=""text/javascript"">\n    var error = '503';\n</script>\n<script src=""/erservice/errors/main.js""></script>\n</html>\n\n        ","信息量: 模型回答中没有提供任何与问题相关的信息，只有异常报告，因此信息量不足。. 得分: 0
正确性: 模型回答中提到的异常信息与参考答案无关，且未能提供任何关于查询AlarmTest1区域内小区今年8月15日到8月18日的上行低速占比的信息，因此判断为错误。. 得分: 0
流畅性: 模型回答虽然包含了异常信息，但由于这些信息与问题无关，导致整体表达不流畅。. 得分: 0
简洁性: 模型回答简洁，但内容与问题无关。. 得分: 10
结构化: 模型回答中异常信息的格式混乱，难以阅读。. 得分: 0
逻辑性: 尽管模型回答中出现了异常信息，但这些信息与问题本身无关，因此逻辑性混乱。. 得分: 0","0","","","信息量: 模型回答中没有提供任何与问题相关的信息，只有异常报告，因此信息量不足。. 得分: 0
正确性: 模型回答中提到的异常信息与参考答案无关，且未能提供任何关于查询AlarmTest1区域内小区今年8月15日到8月18日的上行低速占比的信息，因此判断为错误。. 得分: 0
流畅性: 模型回答虽然包含了异常信息，但由于这些信息与问题无关，导致整体表达不流畅。. 得分: 0
简洁性: 模型回答简洁，但内容与问题无关。. 得分: 10
结构化: 模型回答中异常信息的格式混乱，难以阅读。. 得分: 0
逻辑性: 尽管模型回答中出现了异常信息，但这些信息与问题本身无关，因此逻辑性混乱。. 得分: 0","","","","","","--","","","","","","","--","","","","0.00","失败"
"65","","","","","","","","","","TC00000066","查询深圳梅沙梅沙海滨二（微小M）[深圳盐葵下角D-HRH]D-HRH-1_1002123小区5月份的QosFlow建立成功率，按天查询","","","任务完成。深圳梅沙梅沙海滨二（微小M）[深圳盐葵下角D-HRH]D-HRH-1_1002123小区5月份的QOS FLOW建立成功率按天查询结果如下（共30条数据，展示前5条）：

1. 2026-05-01：1%
2. 2026-05-02：1%
3. 2026-05-03：1%
4. 2026-05-04：1%
5. 2026-05-05：1%

全量结果已保存至CSV文件：dfs-unified-query/wireless/pm/pm_d2be25f6-b65d-4ae0-ab58-9d254d02736f.csv","","","","","","","","","MAE","","","","","","","","4K","","","","","","","","","","","","","","","","","","","","","","","","","","","","","","","","","cf8c1c6c-74bd-47c8-9eca-bdd65227f351","有效","单步","基础数据查询","工参查询","1","","60","1","工参查询","信息量: 模型回答中完全没有提供与参考答案相关的有效信息，因此信息量为有效信息不足。. 得分: 0
正确性: 模型回答中没有提供任何关于深圳梅沙梅沙海滨二（微小M）[深圳盐葵下角D-HRH]D-HRH-1_1002123小区5月份的QosFlow建立成功率的信息，与参考答案完全不符，因此正确性为错误。. 得分: 0
流畅性: 尽管模型回答的内容是连贯的，但由于其内容与问题无关，因此流畅性评价为不流畅。. 得分: 0
简洁性: 模型回答直接指出了遇到的问题，没有多余的描述，因此简洁性评价为简洁。. 得分: 10
结构化: 模型回答虽然格式上没有明显错误，但由于内容与问题无关，因此结构化评价为格式混乱，难以阅读。. 得分: 0
逻辑性: 模型回答中提到的异常信息与问题无关，且没有给出解决问题的方法或替代方案，逻辑上不严密。. 得分: 0","KPI查询泛化","","知识问答","final_state:
  evaluation:
    method: ICT_RAG","","","","","","","","","","","","","","","","","","","","","","用例执行过程出现异常，需复测 | Step2: session 异常信息：请求模型接口失败：【工具提示（非模型输出）】\n        调用模型接口错误:code:503, message:<!DOCTYPE html>\n<html xmlns:eview=""ignored"">\n\n<head>\n  <title></title>\n  <meta http-equiv=""Content-Type"" content=""text/html; charset=utf-8"" />\n  <meta http-equiv=""X-UA-Compatible"" content=""IE=edge,chrome=1"" />\n  \n  <link href=""/erservice/errors/main.css"" type=""text/css"" rel=""stylesheet"">\n</head>\n\n<body>\n  <div id=""pcsContainer"">\n  </div>\n  \n</body>\n<script type=""text/javascript"">\n    var error = '503';\n</script>\n<script src=""/erservice/errors/main.js""></script>\n</html>\n\n        ","信息量: 模型回答中完全没有提供与参考答案相关的有效信息，因此信息量为有效信息不足。. 得分: 0
正确性: 模型回答中没有提供任何关于深圳梅沙梅沙海滨二（微小M）[深圳盐葵下角D-HRH]D-HRH-1_1002123小区5月份的QosFlow建立成功率的信息，与参考答案完全不符，因此正确性为错误。. 得分: 0
流畅性: 尽管模型回答的内容是连贯的，但由于其内容与问题无关，因此流畅性评价为不流畅。. 得分: 0
简洁性: 模型回答直接指出了遇到的问题，没有多余的描述，因此简洁性评价为简洁。. 得分: 10
结构化: 模型回答虽然格式上没有明显错误，但由于内容与问题无关，因此结构化评价为格式混乱，难以阅读。. 得分: 0
逻辑性: 模型回答中提到的异常信息与问题无关，且没有给出解决问题的方法或替代方案，逻辑上不严密。. 得分: 0","0","","","信息量: 模型回答中完全没有提供与参考答案相关的有效信息，因此信息量为有效信息不足。. 得分: 0
正确性: 模型回答中没有提供任何关于深圳梅沙梅沙海滨二（微小M）[深圳盐葵下角D-HRH]D-HRH-1_1002123小区5月份的QosFlow建立成功率的信息，与参考答案完全不符，因此正确性为错误。. 得分: 0
流畅性: 尽管模型回答的内容是连贯的，但由于其内容与问题无关，因此流畅性评价为不流畅。. 得分: 0
简洁性: 模型回答直接指出了遇到的问题，没有多余的描述，因此简洁性评价为简洁。. 得分: 10
结构化: 模型回答虽然格式上没有明显错误，但由于内容与问题无关，因此结构化评价为格式混乱，难以阅读。. 得分: 0
逻辑性: 模型回答中提到的异常信息与问题无关，且没有给出解决问题的方法或替代方案，逻辑上不严密。. 得分: 0","","","","","","--","","","","","","","--","","","","0.00","失败"
"66","","","","","","","","","","TC00000067","查询apo_test区域和apo_mock区域本年度8月23日的平均上行速率以及NSA SgNB掉话率","","","空","","","","","","","","","MAE","","","","","","","","4K","","","","","","","","","","","","","","","","","","","","","","","","","","","","","","","","","07bb719b-0a4f-4c4f-89d7-aae8955d15b5","有效","单步","基础数据查询","工参查询","1","","61","1","工参查询","信息量: 模型回答中没有提供任何与问题相关的有效信息，只有异常报告，因此信息量为有效信息不足。. 得分: 0
正确性: 模型回答中提到的异常信息与参考答案无关，且未能提供任何关于查询apo_test区域和apo_mock区域本年度8月23日的平均上行速率以及NSA SgNB掉话率的信息，因此正确性为错误。. 得分: 0
流畅性: 模型回答虽然包含了异常信息，但由于这些信息与问题无关，导致整体表达不够流畅，因此流畅性为不流畅。. 得分: 0
简洁性: 模型回答虽然简洁，但未能提供任何有效信息，因此简洁性为不简洁。. 得分: 0
结构化: 模型回答中包含了HTML代码片段，这使得回答格式混乱，难以阅读，因此结构化为格式混乱，难以阅读。. 得分: 0
逻辑性: 尽管模型回答中提到了异常情况，但这些信息与问题本身无关，逻辑上未能围绕问题展开，因此逻辑性为逻辑混乱。. 得分: 0","KPI查询泛化","","知识问答","final_state:
  evaluation:
    method: ICT_RAG","","","","","","","","","","","","","","","","","","","","","","用例执行过程出现异常，需复测 | Step2: session 异常信息：请求模型接口失败：【工具提示（非模型输出）】\n        调用模型接口错误:code:503, message:<!DOCTYPE html>\n<html xmlns:eview=""ignored"">\n\n<head>\n  <title></title>\n  <meta http-equiv=""Content-Type"" content=""text/html; charset=utf-8"" />\n  <meta http-equiv=""X-UA-Compatible"" content=""IE=edge,chrome=1"" />\n  \n  <link href=""/erservice/errors/main.css"" type=""text/css"" rel=""stylesheet"">\n</head>\n\n<body>\n  <div id=""pcsContainer"">\n  </div>\n  \n</body>\n<script type=""text/javascript"">\n    var error = '503';\n</script>\n<script src=""/erservice/errors/main.js""></script>\n</html>\n\n        ","信息量: 模型回答中没有提供任何与问题相关的有效信息，只有异常报告，因此信息量为有效信息不足。. 得分: 0
正确性: 模型回答中提到的异常信息与参考答案无关，且未能提供任何关于查询apo_test区域和apo_mock区域本年度8月23日的平均上行速率以及NSA SgNB掉话率的信息，因此正确性为错误。. 得分: 0
流畅性: 模型回答虽然包含了异常信息，但由于这些信息与问题无关，导致整体表达不够流畅，因此流畅性为不流畅。. 得分: 0
简洁性: 模型回答虽然简洁，但未能提供任何有效信息，因此简洁性为不简洁。. 得分: 0
结构化: 模型回答中包含了HTML代码片段，这使得回答格式混乱，难以阅读，因此结构化为格式混乱，难以阅读。. 得分: 0
逻辑性: 尽管模型回答中提到了异常情况，但这些信息与问题本身无关，逻辑上未能围绕问题展开，因此逻辑性为逻辑混乱。. 得分: 0","0","","","信息量: 模型回答中没有提供任何与问题相关的有效信息，只有异常报告，因此信息量为有效信息不足。. 得分: 0
正确性: 模型回答中提到的异常信息与参考答案无关，且未能提供任何关于查询apo_test区域和apo_mock区域本年度8月23日的平均上行速率以及NSA SgNB掉话率的信息，因此正确性为错误。. 得分: 0
流畅性: 模型回答虽然包含了异常信息，但由于这些信息与问题无关，导致整体表达不够流畅，因此流畅性为不流畅。. 得分: 0
简洁性: 模型回答虽然简洁，但未能提供任何有效信息，因此简洁性为不简洁。. 得分: 0
结构化: 模型回答中包含了HTML代码片段，这使得回答格式混乱，难以阅读，因此结构化为格式混乱，难以阅读。. 得分: 0
逻辑性: 尽管模型回答中提到了异常情况，但这些信息与问题本身无关，逻辑上未能围绕问题展开，因此逻辑性为逻辑混乱。. 得分: 0","","","","","","--","","","","","","","--","","","","0.00","失败"
"67","","","","","","","","","","TC00000068","查询深圳大梅沙D-HRH-1_1002140小区、深圳大梅沙D-HRH-2_1002140小区、深圳大梅沙D-HRH-3_1002140小区2026-06-30的良好覆盖率、上行平均干扰电平、平均NSA辅站用户数、平均RRC连接用户数、上行流量以及下行流量","","","空","","","","","","","","","MAE","","","","","","","","4K","","","","","","","","","","","","","","","","","","","","","","","","","","","","","","","","","98d2ecde-fd18-40a3-afc8-7a0d2a68ab73","有效","单步","基础数据查询","工参查询","1","","62","1","工参查询","信息量: 模型回答中没有提供任何与问题相关的有效信息，因此信息量为有效信息不足。. 得分: 0
正确性: 模型回答中没有提供任何与参考答案相关的信息，且报告了执行过程中的异常，因此正确性为错误。. 得分: 0
流畅性: 模型回答虽然报告了异常，但语言表达清晰，因此流畅性为流畅。. 得分: 10
简洁性: 模型回答直接报告了异常，没有多余的描述，因此简洁性为简洁。. 得分: 10
结构化: 模型回答中包含了HTML错误页面的内容，格式混乱，难以阅读。. 得分: 0
逻辑性: 模型回答虽然报告了异常，但没有提供解决问题的方法或进一步的信息，逻辑性为逻辑混乱。. 得分: 0","KPI查询泛化","","知识问答","final_state:
  evaluation:
    method: ICT_RAG","","","","","","","","","","","","","","","","","","","","","","用例执行过程出现异常，需复测 | Step2: session 异常信息：请求模型接口失败：【工具提示（非模型输出）】\n        调用模型接口错误:code:503, message:<!DOCTYPE html>\n<html xmlns:eview=""ignored"">\n\n<head>\n  <title></title>\n  <meta http-equiv=""Content-Type"" content=""text/html; charset=utf-8"" />\n  <meta http-equiv=""X-UA-Compatible"" content=""IE=edge,chrome=1"" />\n  \n  <link href=""/erservice/errors/main.css"" type=""text/css"" rel=""stylesheet"">\n</head>\n\n<body>\n  <div id=""pcsContainer"">\n  </div>\n  \n</body>\n<script type=""text/javascript"">\n    var error = '503';\n</script>\n<script src=""/erservice/errors/main.js""></script>\n</html>\n\n        ","信息量: 模型回答中没有提供任何与问题相关的有效信息，因此信息量为有效信息不足。. 得分: 0
正确性: 模型回答中没有提供任何与参考答案相关的信息，且报告了执行过程中的异常，因此正确性为错误。. 得分: 0
流畅性: 模型回答虽然报告了异常，但语言表达清晰，因此流畅性为流畅。. 得分: 10
简洁性: 模型回答直接报告了异常，没有多余的描述，因此简洁性为简洁。. 得分: 10
结构化: 模型回答中包含了HTML错误页面的内容，格式混乱，难以阅读。. 得分: 0
逻辑性: 模型回答虽然报告了异常，但没有提供解决问题的方法或进一步的信息，逻辑性为逻辑混乱。. 得分: 0","1","","","信息量: 模型回答中没有提供任何与问题相关的有效信息，因此信息量为有效信息不足。. 得分: 0
正确性: 模型回答中没有提供任何与参考答案相关的信息，且报告了执行过程中的异常，因此正确性为错误。. 得分: 0
流畅性: 模型回答虽然报告了异常，但语言表达清晰，因此流畅性为流畅。. 得分: 10
简洁性: 模型回答直接报告了异常，没有多余的描述，因此简洁性为简洁。. 得分: 10
结构化: 模型回答中包含了HTML错误页面的内容，格式混乱，难以阅读。. 得分: 0
逻辑性: 模型回答虽然报告了异常，但没有提供解决问题的方法或进一步的信息，逻辑性为逻辑混乱。. 得分: 0","","","","","","--","","","","","","","--","","","","1.00","失败"
"68","","","","","","","","","","TC00000069","查询深圳奥特莱斯D-HRH_1002002基站、深圳大梅沙二D-HRH_1002001基站和深圳大梅沙D-HRH_1002000基站下的小区经纬度、方位角以及天线高度","","","空","","","","","","","","","MAE","","","","","","","","4K","","","","","","","","","","","","","","","","","","","","","","","","","","","","","","","","","7035b7d5-537e-4427-b935-e9fc060e5411","有效","多步","基础数据查询","工参查询","1","","63","1","工参查询","信息量: 模型回答中没有提供任何与参考答案相关的信息，因此信息量不足。. 得分: 0
正确性: 模型回答中提到的异常信息与参考答案无关，且未能提供任何有效信息，因此判断为错误。. 得分: 0
流畅性: 模型回答虽然包含了异常信息，但由于这些信息与问题无关，导致整体表达不流畅。. 得分: 0
简洁性: 模型回答中包含了大量与问题无关的内容，如HTML代码片段，因此判断为不简洁。. 得分: 0
结构化: 模型回答中包含了HTML代码片段，这使得整体格式混乱，难以阅读。. 得分: 0
逻辑性: 尽管模型回答中出现了异常信息，但这些信息与问题本身无关，逻辑上未能围绕问题展开，因此判断为逻辑混乱。. 得分: 0","KPI查询泛化+工参维度泛化","","知识问答","final_state:
  evaluation:
    method: ICT_RAG","","","","","","","","","","","","","","","","","","","","","","用例执行过程出现异常，需复测 | Step2: session 异常信息：请求模型接口失败：【工具提示（非模型输出）】\n        调用模型接口错误:code:503, message:<!DOCTYPE html>\n<html xmlns:eview=""ignored"">\n\n<head>\n  <title></title>\n  <meta http-equiv=""Content-Type"" content=""text/html; charset=utf-8"" />\n  <meta http-equiv=""X-UA-Compatible"" content=""IE=edge,chrome=1"" />\n  \n  <link href=""/erservice/errors/main.css"" type=""text/css"" rel=""stylesheet"">\n</head>\n\n<body>\n  <div id=""pcsContainer"">\n  </div>\n  \n</body>\n<script type=""text/javascript"">\n    var error = '503';\n</script>\n<script src=""/erservice/errors/main.js""></script>\n</html>\n\n        ","信息量: 模型回答中没有提供任何与参考答案相关的信息，因此信息量不足。. 得分: 0
正确性: 模型回答中提到的异常信息与参考答案无关，且未能提供任何有效信息，因此判断为错误。. 得分: 0
流畅性: 模型回答虽然包含了异常信息，但由于这些信息与问题无关，导致整体表达不流畅。. 得分: 0
简洁性: 模型回答中包含了大量与问题无关的内容，如HTML代码片段，因此判断为不简洁。. 得分: 0
结构化: 模型回答中包含了HTML代码片段，这使得整体格式混乱，难以阅读。. 得分: 0
逻辑性: 尽管模型回答中出现了异常信息，但这些信息与问题本身无关，逻辑上未能围绕问题展开，因此判断为逻辑混乱。. 得分: 0","0","","","信息量: 模型回答中没有提供任何与参考答案相关的信息，因此信息量不足。. 得分: 0
正确性: 模型回答中提到的异常信息与参考答案无关，且未能提供任何有效信息，因此判断为错误。. 得分: 0
流畅性: 模型回答虽然包含了异常信息，但由于这些信息与问题无关，导致整体表达不流畅。. 得分: 0
简洁性: 模型回答中包含了大量与问题无关的内容，如HTML代码片段，因此判断为不简洁。. 得分: 0
结构化: 模型回答中包含了HTML代码片段，这使得整体格式混乱，难以阅读。. 得分: 0
逻辑性: 尽管模型回答中出现了异常信息，但这些信息与问题本身无关，逻辑上未能围绕问题展开，因此判断为逻辑混乱。. 得分: 0","","","","","","--","","","","","","","--","","","","0.00","失败"
"69","","","","","","","","","","TC00000070","查询深圳奥特莱斯D-HRH-3_1002122小区的站点名称是什么，并给出apo_fj区域内相同站点名称的小区信息","","","空","","","","","","","","","MAE","","","","","","","","4K","","","","","","","","","","","","","","","","","","","","","","","","","","","","","","","","","80596b4a-68af-4051-a1d3-6dcb3bf69edb","有效","多步","基础数据查询","工参查询","1","","64","1","工参查询","","KPI查询泛化+工参维度泛化","","","","","","","","","","","","","","","","","","","","","","","","","用例执行过程出现异常，需复测 | Step2: session 异常信息：请求模型接口失败：【工具提示（非模型输出）】\n        调用模型接口错误:code:503, message:<!DOCTYPE html>\n<html xmlns:eview=""ignored"">\n\n<head>\n  <title></title>\n  <meta http-equiv=""Content-Type"" content=""text/html; charset=utf-8"" />\n  <meta http-equiv=""X-UA-Compatible"" content=""IE=edge,chrome=1"" />\n  \n  <link href=""/erservice/errors/main.css"" type=""text/css"" rel=""stylesheet"">\n</head>\n\n<body>\n  <div id=""pcsContainer"">\n  </div>\n  \n</body>\n<script type=""text/javascript"">\n    var error = '503';\n</script>\n<script src=""/erservice/errors/main.js""></script>\n</html>\n\n        ","","0","","","","","","","","","--","","","","","","","--","","","","0.00","失败"
"70","","","","","","","","","","TC00000071","查询AlarmArea0824区域内最近三天平均SA RRC连接用户数最大的小区，并给出这个小区的最大RRC连接用户数","","","空","","","","","","","","","MAE","","","","","","","","4K","","","","","","","","","","","","","","","","","","","","","","","","","","","","","","","","","128c880c-e30f-4de6-bd12-3616439130f7","有效","多步","基础数据查询","工参查询","1","","65","1","工参查询","","KPI查询泛化+工参维度泛化","","","","","","","","","","","","","","","","","","","","","","","","","用例执行过程出现异常，需复测 | Step2: session 异常信息：请求模型接口失败：【工具提示（非模型输出）】\n        调用模型接口错误:code:503, message:<!DOCTYPE html>\n<html xmlns:eview=""ignored"">\n\n<head>\n  <title></title>\n  <meta http-equiv=""Content-Type"" content=""text/html; charset=utf-8"" />\n  <meta http-equiv=""X-UA-Compatible"" content=""IE=edge,chrome=1"" />\n  \n  <link href=""/erservice/errors/main.css"" type=""text/css"" rel=""stylesheet"">\n</head>\n\n<body>\n  <div id=""pcsContainer"">\n  </div>\n  \n</body>\n<script type=""text/javascript"">\n    var error = '503';\n</script>\n<script src=""/erservice/errors/main.js""></script>\n</html>\n\n        ","","0","","","","","","","","","--","","","","","","","--","","","","0.00","失败"
"71","","","","","","","","","","TC00000072","查询基站标识是5322483的方位角最大的小区，并给出该小区的移动国家码、经度、纬度和方位角","","","郑州金水纬二路聂庄路-宏-5322483-H5H-002-2603；移动国家码460、经度113.69696、纬度34.76888、方位角240  或者  郑州市金水区纬二路聂庄路-H5H-2623；移动国家码460、经度113.69696、纬度34.76888、方位角240","","","","","","","","","MAE","","","","","","","","4K","","","","","","","","","","","","","","","","","","","","","","","","","","","","","","","","","4d28f5ac-b1a5-40d8-b50e-12661b37c930","有效","多步","基础数据查询","工参查询","1","","66","1","工参查询","信息量: 模型回答中没有提供任何与问题相关的有效信息，因此信息量不足。. 得分: 0
正确性: 模型回答中没有提供任何与参考答案相关的信息，且报告了技术错误，因此不正确。. 得分: 0
流畅性: 模型回答虽然报告了技术错误，但语言表达上没有明显的不通顺，因此可以认为是流畅的。. 得分: 10
简洁性: 模型回答直接报告了技术错误，没有多余的描述，因此是简洁的。. 得分: 10
结构化: 模型回答中虽然包含了HTML错误页面的内容，但整体格式混乱，难以阅读。. 得分: 0
逻辑性: 模型回答中虽然报告了技术错误，但没有提供任何与问题相关的逻辑推理，因此逻辑混乱。. 得分: 0","KPI查询泛化+工参维度泛化","","知识问答","final_state:
  evaluation:
    method: ICT_RAG","","","","","","","","","","","","","","","","","","","","","","用例执行过程出现异常，需复测 | Step2: session 异常信息：请求模型接口失败：【工具提示（非模型输出）】\n        调用模型接口错误:code:503, message:<!DOCTYPE html>\n<html xmlns:eview=""ignored"">\n\n<head>\n  <title></title>\n  <meta http-equiv=""Content-Type"" content=""text/html; charset=utf-8"" />\n  <meta http-equiv=""X-UA-Compatible"" content=""IE=edge,chrome=1"" />\n  \n  <link href=""/erservice/errors/main.css"" type=""text/css"" rel=""stylesheet"">\n</head>\n\n<body>\n  <div id=""pcsContainer"">\n  </div>\n  \n</body>\n<script type=""text/javascript"">\n    var error = '503';\n</script>\n<script src=""/erservice/errors/main.js""></script>\n</html>\n\n        ","信息量: 模型回答中没有提供任何与问题相关的有效信息，因此信息量不足。. 得分: 0
正确性: 模型回答中没有提供任何与参考答案相关的信息，且报告了技术错误，因此不正确。. 得分: 0
流畅性: 模型回答虽然报告了技术错误，但语言表达上没有明显的不通顺，因此可以认为是流畅的。. 得分: 10
简洁性: 模型回答直接报告了技术错误，没有多余的描述，因此是简洁的。. 得分: 10
结构化: 模型回答中虽然包含了HTML错误页面的内容，但整体格式混乱，难以阅读。. 得分: 0
逻辑性: 模型回答中虽然报告了技术错误，但没有提供任何与问题相关的逻辑推理，因此逻辑混乱。. 得分: 0","1","","","信息量: 模型回答中没有提供任何与问题相关的有效信息，因此信息量不足。. 得分: 0
正确性: 模型回答中没有提供任何与参考答案相关的信息，且报告了技术错误，因此不正确。. 得分: 0
流畅性: 模型回答虽然报告了技术错误，但语言表达上没有明显的不通顺，因此可以认为是流畅的。. 得分: 10
简洁性: 模型回答直接报告了技术错误，没有多余的描述，因此是简洁的。. 得分: 10
结构化: 模型回答中虽然包含了HTML错误页面的内容，但整体格式混乱，难以阅读。. 得分: 0
逻辑性: 模型回答中虽然报告了技术错误，但没有提供任何与问题相关的逻辑推理，因此逻辑混乱。. 得分: 0","","","","","","--","","","","","","","--","","","","1.00","失败"
"72","","","","","","","","","","TC00000073","查询subscribe_test1区域下哪个小区前天上行PRB利用率最高，昨天这个小区的上行流量是多少","","","空","","","","","","","","","MAE","","","","","","","","4K","","","","","","","","","","","","","","","","","","","","","","","","","","","","","","","","","631996e7-dc15-406e-8780-e778ee67046f","有效","多步","基础数据查询","工参查询","1","","67","1","工参查询","信息量: 模型回答中没有提供任何关于查询结果的具体信息，因此有效信息不足。. 得分: 0
正确性: 模型回答中提到执行过程出现异常，未能提供具体答案，与参考答案为空的情况相符，但由于模型裁定为错误，故判断为错误。. 得分: 0
流畅性: 模型回答虽然描述了异常情况，但语言表达清晰，易于理解。. 得分: 10
简洁性: 模型回答直接指出了问题所在，没有多余的描述。. 得分: 10
结构化: 模型回答格式较为规范，易于阅读，尽管包含了HTML错误页面的内容。. 得分: 10
逻辑性: 尽管模型回答中提到了异常情况，但整体逻辑仍然保持了一致性和合理性。. 得分: 10","KPI查询泛化+工参维度泛化","","知识问答","final_state:
  evaluation:
    method: ICT_RAG","","","","","","","","","","","","","","","","","","","","","","用例执行过程出现异常，需复测 | Step2: session 异常信息：请求模型接口失败：【工具提示（非模型输出）】\n        调用模型接口错误:code:503, message:<!DOCTYPE html>\n<html xmlns:eview=""ignored"">\n\n<head>\n  <title></title>\n  <meta http-equiv=""Content-Type"" content=""text/html; charset=utf-8"" />\n  <meta http-equiv=""X-UA-Compatible"" content=""IE=edge,chrome=1"" />\n  \n  <link href=""/erservice/errors/main.css"" type=""text/css"" rel=""stylesheet"">\n</head>\n\n<body>\n  <div id=""pcsContainer"">\n  </div>\n  \n</body>\n<script type=""text/javascript"">\n    var error = '503';\n</script>\n<script src=""/erservice/errors/main.js""></script>\n</html>\n\n        ","信息量: 模型回答中没有提供任何关于查询结果的具体信息，因此有效信息不足。. 得分: 0
正确性: 模型回答中提到执行过程出现异常，未能提供具体答案，与参考答案为空的情况相符，但由于模型裁定为错误，故判断为错误。. 得分: 0
流畅性: 模型回答虽然描述了异常情况，但语言表达清晰，易于理解。. 得分: 10
简洁性: 模型回答直接指出了问题所在，没有多余的描述。. 得分: 10
结构化: 模型回答格式较为规范，易于阅读，尽管包含了HTML错误页面的内容。. 得分: 10
逻辑性: 尽管模型回答中提到了异常情况，但整体逻辑仍然保持了一致性和合理性。. 得分: 10","2","","","信息量: 模型回答中没有提供任何关于查询结果的具体信息，因此有效信息不足。. 得分: 0
正确性: 模型回答中提到执行过程出现异常，未能提供具体答案，与参考答案为空的情况相符，但由于模型裁定为错误，故判断为错误。. 得分: 0
流畅性: 模型回答虽然描述了异常情况，但语言表达清晰，易于理解。. 得分: 10
简洁性: 模型回答直接指出了问题所在，没有多余的描述。. 得分: 10
结构化: 模型回答格式较为规范，易于阅读，尽管包含了HTML错误页面的内容。. 得分: 10
逻辑性: 尽管模型回答中提到了异常情况，但整体逻辑仍然保持了一致性和合理性。. 得分: 10","","","","","","--","","","","","","","--","","","","2.00","失败"
"73","","","","","","","","","","TC00000074","查询昨天subscribe_test1区域上下行总流量最高值对应的小区，进一步查询这个小区的下行流量","","","空","","","","","","","","","MAE","","","","","","","","4K","","","","","","","","","","","","","","","","","","","","","","","","","","","","","","","","","6438f1a7-7587-4c5c-94ba-7f472db0e293","有效","多步","基础数据查询","工参查询","1","","68","1","工参查询","信息量: 模型回答提供了异常信息，但这些信息对于解决原始问题并无帮助，且参考答案为空，因此信息量不足。. 得分: 0
正确性: 模型回答中提到执行过程出现异常，并且提供了具体的异常信息，但是这些信息与参考答案不符，参考答案为空，因此模型回答是错误的。. 得分: 0
流畅性: 模型回答虽然包含了技术性的异常信息，但整体表达清晰，易于理解。. 得分: 10
简洁性: 模型回答直接指出了问题所在，并提供了异常信息，没有多余的描述，较为简洁。. 得分: 10
结构化: 模型回答格式较为混乱，尤其是异常信息部分，不易于阅读。. 得分: 0
逻辑性: 尽管模型回答中提到了异常情况，但其逻辑是基于尝试解决问题的过程，而这一过程未能产生有效的解决方案，因此逻辑性保持严密。. 得分: 10","KPI查询泛化+工参维度泛化","","知识问答","final_state:
  evaluation:
    method: ICT_RAG","","","","","","","","","","","","","","","","","","","","","","用例执行过程出现异常，需复测 | Step2: session 异常信息：请求模型接口失败：【工具提示（非模型输出）】\n        调用模型接口错误:code:503, message:<!DOCTYPE html>\n<html xmlns:eview=""ignored"">\n\n<head>\n  <title></title>\n  <meta http-equiv=""Content-Type"" content=""text/html; charset=utf-8"" />\n  <meta http-equiv=""X-UA-Compatible"" content=""IE=edge,chrome=1"" />\n  \n  <link href=""/erservice/errors/main.css"" type=""text/css"" rel=""stylesheet"">\n</head>\n\n<body>\n  <div id=""pcsContainer"">\n  </div>\n  \n</body>\n<script type=""text/javascript"">\n    var error = '503';\n</script>\n<script src=""/erservice/errors/main.js""></script>\n</html>\n\n        ","信息量: 模型回答提供了异常信息，但这些信息对于解决原始问题并无帮助，且参考答案为空，因此信息量不足。. 得分: 0
正确性: 模型回答中提到执行过程出现异常，并且提供了具体的异常信息，但是这些信息与参考答案不符，参考答案为空，因此模型回答是错误的。. 得分: 0
流畅性: 模型回答虽然包含了技术性的异常信息，但整体表达清晰，易于理解。. 得分: 10
简洁性: 模型回答直接指出了问题所在，并提供了异常信息，没有多余的描述，较为简洁。. 得分: 10
结构化: 模型回答格式较为混乱，尤其是异常信息部分，不易于阅读。. 得分: 0
逻辑性: 尽管模型回答中提到了异常情况，但其逻辑是基于尝试解决问题的过程，而这一过程未能产生有效的解决方案，因此逻辑性保持严密。. 得分: 10","2","","","信息量: 模型回答提供了异常信息，但这些信息对于解决原始问题并无帮助，且参考答案为空，因此信息量不足。. 得分: 0
正确性: 模型回答中提到执行过程出现异常，并且提供了具体的异常信息，但是这些信息与参考答案不符，参考答案为空，因此模型回答是错误的。. 得分: 0
流畅性: 模型回答虽然包含了技术性的异常信息，但整体表达清晰，易于理解。. 得分: 10
简洁性: 模型回答直接指出了问题所在，并提供了异常信息，没有多余的描述，较为简洁。. 得分: 10
结构化: 模型回答格式较为混乱，尤其是异常信息部分，不易于阅读。. 得分: 0
逻辑性: 尽管模型回答中提到了异常情况，但其逻辑是基于尝试解决问题的过程，而这一过程未能产生有效的解决方案，因此逻辑性保持严密。. 得分: 10","","","","","","--","","","","","","","--","","","","2.00","失败"
"74","","","","","","","","","","TC00000075","查询郑宏中原5248455伏牛路沁河路东-H5H-2611-000、郑宏中原5250652伏牛路沁河路-H5H-2612-001、郑州中原万福花园南灯杆拉远-宏-5305514-H7HT-206-0703、郑宏中原5250399淮河路小伦敦-H5H-2611-000小区的方位角、机械下倾角、电子下倾角","","","郑宏中原5248455伏牛路沁河路东-H5H-2611-000   方位角是350°，机械下倾角是10°，电子下倾角1°
郑宏中原5250652伏牛路沁河路-H5H-2612-001   方位角是120°，机械下倾角是10°，电子下倾角1°
郑州中原万福花园南灯杆拉远-宏-5305514-H7HT-206-0703   方位角是240°，机械下倾角是7°，电子下倾角0°
郑宏中原5250399淮河路小伦敦-H5H-2611-000    方位角是320°，机械下倾角是10°，电子下倾角0°","","","","","","","","","MAE","","","","","","","","4K","","","","","","","","","","","","","","","","","","","","","","","","","","","","","","","","","65db139e-b838-4ecd-903b-927ffad91b28","有效","多步","基础数据查询","工参查询","1","","69","1","工参查询","","KPI查询泛化+工参维度泛化","","","","","","","","","","","","","","","","","","","","","","","","","用例执行过程出现异常，需复测 | Step2: session 异常信息：请求模型接口失败：【工具提示（非模型输出）】\n        调用模型接口错误:code:503, message:<!DOCTYPE html>\n<html xmlns:eview=""ignored"">\n\n<head>\n  <title></title>\n  <meta http-equiv=""Content-Type"" content=""text/html; charset=utf-8"" />\n  <meta http-equiv=""X-UA-Compatible"" content=""IE=edge,chrome=1"" />\n  \n  <link href=""/erservice/errors/main.css"" type=""text/css"" rel=""stylesheet"">\n</head>\n\n<body>\n  <div id=""pcsContainer"">\n  </div>\n  \n</body>\n<script type=""text/javascript"">\n    var error = '503';\n</script>\n<script src=""/erservice/errors/main.js""></script>\n</html>\n\n        ","","0","","","","","","","","","--","","","","","","","--","","","","0.00","失败"
"75","","","","","","","","","","TC00000076","查询apo_test区域昨天上行流量最大的小区是哪一个，这个小区的下行PRB利用率是多少？","","","空","","","","","","","","","MAE","","","","","","","","4K","","","","","","","","","","","","","","","","","","","","","","","","","","","","","","","","","e2e03402-b16d-4670-aa87-864db2536e84","有效","多步","基础数据查询","工参查询","1","","70","1","工参查询","","KPI查询泛化+工参维度泛化","","","","","","","","","","","","","","","","","","","","","","","","","用例执行过程出现异常，需复测 | Step2: session 异常信息：请求模型接口失败：【工具提示（非模型输出）】\n        调用模型接口错误:code:503, message:<!DOCTYPE html>\n<html xmlns:eview=""ignored"">\n\n<head>\n  <title></title>\n  <meta http-equiv=""Content-Type"" content=""text/html; charset=utf-8"" />\n  <meta http-equiv=""X-UA-Compatible"" content=""IE=edge,chrome=1"" />\n  \n  <link href=""/erservice/errors/main.css"" type=""text/css"" rel=""stylesheet"">\n</head>\n\n<body>\n  <div id=""pcsContainer"">\n  </div>\n  \n</body>\n<script type=""text/javascript"">\n    var error = '503';\n</script>\n<script src=""/erservice/errors/main.js""></script>\n</html>\n\n        ","","0","","","","","","","","","--","","","","","","","--","","","","0.00","失败"
"76","","","","","","","","","","TC00000077","查询MBB_BTS59005G_150_180_36_125基站今年8月24号发生了哪些告警？","","","基站MBB_BTS59005G_150_180_36_125在2026年8月24日没有发生任何告警。","","","","","","","","","MAE","","","","","","","","4K","","","","","","","","","","","","","","","","","","","","","","","","","","","","","","","","","07d6b80e-c5b0-4087-8109-72831b680aaf","有效","单步","基础数据查询","告警查询","1","","71","1","告警查询","信息量: 模型回答中没有提供任何关于基站告警的具体信息，因此信息量不足。. 得分: 0
正确性: 模型回答与参考答案不符，且未能提供任何关于基站告警的信息，因此判断为错误。. 得分: 0
流畅性: 模型回答由于包含了HTML错误页面的内容，导致整体阅读不流畅。. 得分: 0
简洁性: 模型回答虽然简洁，但由于包含了大量无关的HTML代码，实际上并不简洁。. 得分: 0
结构化: 模型回答中包含了HTML代码，这使得整个回答格式混乱，难以阅读。. 得分: 0
逻辑性: 尽管模型回答中出现了异常信息，但这并不影响其逻辑性，因为异常信息本身是逻辑的反映，故逻辑性仍为严密。. 得分: 10","告警查询","","知识问答","final_state:
  evaluation:
    method: ICT_RAG","","","","","","","","","","","","","","","","","","","","","","用例执行过程出现异常，需复测 | Step2: session 异常信息：请求模型接口失败：【工具提示（非模型输出）】\n        调用模型接口错误:code:503, message:<!DOCTYPE html>\n<html xmlns:eview=""ignored"">\n\n<head>\n  <title></title>\n  <meta http-equiv=""Content-Type"" content=""text/html; charset=utf-8"" />\n  <meta http-equiv=""X-UA-Compatible"" content=""IE=edge,chrome=1"" />\n  \n  <link href=""/erservice/errors/main.css"" type=""text/css"" rel=""stylesheet"">\n</head>\n\n<body>\n  <div id=""pcsContainer"">\n  </div>\n  \n</body>\n<script type=""text/javascript"">\n    var error = '503';\n</script>\n<script src=""/erservice/errors/main.js""></script>\n</html>\n\n        ","信息量: 模型回答中没有提供任何关于基站告警的具体信息，因此信息量不足。. 得分: 0
正确性: 模型回答与参考答案不符，且未能提供任何关于基站告警的信息，因此判断为错误。. 得分: 0
流畅性: 模型回答由于包含了HTML错误页面的内容，导致整体阅读不流畅。. 得分: 0
简洁性: 模型回答虽然简洁，但由于包含了大量无关的HTML代码，实际上并不简洁。. 得分: 0
结构化: 模型回答中包含了HTML代码，这使得整个回答格式混乱，难以阅读。. 得分: 0
逻辑性: 尽管模型回答中出现了异常信息，但这并不影响其逻辑性，因为异常信息本身是逻辑的反映，故逻辑性仍为严密。. 得分: 10","1","","","信息量: 模型回答中没有提供任何关于基站告警的具体信息，因此信息量不足。. 得分: 0
正确性: 模型回答与参考答案不符，且未能提供任何关于基站告警的信息，因此判断为错误。. 得分: 0
流畅性: 模型回答由于包含了HTML错误页面的内容，导致整体阅读不流畅。. 得分: 0
简洁性: 模型回答虽然简洁，但由于包含了大量无关的HTML代码，实际上并不简洁。. 得分: 0
结构化: 模型回答中包含了HTML代码，这使得整个回答格式混乱，难以阅读。. 得分: 0
逻辑性: 尽管模型回答中出现了异常信息，但这并不影响其逻辑性，因为异常信息本身是逻辑的反映，故逻辑性仍为严密。. 得分: 10","","","","","","--","","","","","","","--","","","","1.00","失败"
"77","","","","","","","","","","TC00000078","查询MBB_BTS59005G_150_170_12_104基站本年度8月24号发生了哪些属于硬件系统的告警？","","","空","","","","","","","","","MAE","","","","","","","","4K","","","","","","","","","","","","","","","","","","","","","","","","","","","","","","","","","386c961c-b92f-4558-8468-1c9e344ff1c4","有效","单步","基础数据查询","告警查询","1","","72","1","告警查询","信息量: 模型回答中没有提供任何关于基站告警的有效信息，信息量不足。. 得分: 0
正确性: 模型回答中没有提供任何关于基站告警的信息，且模型接口请求失败，因此正确性为错误。. 得分: 0
流畅性: 模型回答虽然包含了一些HTML代码，但这些代码是由于请求失败导致的，不影响语言的流畅性。. 得分: 10
简洁性: 模型回答简洁，但由于技术问题未能提供有效信息。. 得分: 10
结构化: 模型回答中包含了大量的HTML代码，格式混乱，难以阅读。. 得分: 0
逻辑性: 模型回答中虽然没有提供有效信息，但逻辑上没有错误，只是因为技术问题未能提供答案。. 得分: 10","告警查询","","知识问答","final_state:
  evaluation:
    method: ICT_RAG","","","","","","","","","","","","","","","","","","","","","","用例执行过程出现异常，需复测 | Step2: session 异常信息：请求模型接口失败：【工具提示（非模型输出）】\n        调用模型接口错误:code:503, message:<!DOCTYPE html>\n<html xmlns:eview=""ignored"">\n\n<head>\n  <title></title>\n  <meta http-equiv=""Content-Type"" content=""text/html; charset=utf-8"" />\n  <meta http-equiv=""X-UA-Compatible"" content=""IE=edge,chrome=1"" />\n  \n  <link href=""/erservice/errors/main.css"" type=""text/css"" rel=""stylesheet"">\n</head>\n\n<body>\n  <div id=""pcsContainer"">\n  </div>\n  \n</body>\n<script type=""text/javascript"">\n    var error = '503';\n</script>\n<script src=""/erservice/errors/main.js""></script>\n</html>\n\n        ","信息量: 模型回答中没有提供任何关于基站告警的有效信息，信息量不足。. 得分: 0
正确性: 模型回答中没有提供任何关于基站告警的信息，且模型接口请求失败，因此正确性为错误。. 得分: 0
流畅性: 模型回答虽然包含了一些HTML代码，但这些代码是由于请求失败导致的，不影响语言的流畅性。. 得分: 10
简洁性: 模型回答简洁，但由于技术问题未能提供有效信息。. 得分: 10
结构化: 模型回答中包含了大量的HTML代码，格式混乱，难以阅读。. 得分: 0
逻辑性: 模型回答中虽然没有提供有效信息，但逻辑上没有错误，只是因为技术问题未能提供答案。. 得分: 10","2","","","信息量: 模型回答中没有提供任何关于基站告警的有效信息，信息量不足。. 得分: 0
正确性: 模型回答中没有提供任何关于基站告警的信息，且模型接口请求失败，因此正确性为错误。. 得分: 0
流畅性: 模型回答虽然包含了一些HTML代码，但这些代码是由于请求失败导致的，不影响语言的流畅性。. 得分: 10
简洁性: 模型回答简洁，但由于技术问题未能提供有效信息。. 得分: 10
结构化: 模型回答中包含了大量的HTML代码，格式混乱，难以阅读。. 得分: 0
逻辑性: 模型回答中虽然没有提供有效信息，但逻辑上没有错误，只是因为技术问题未能提供答案。. 得分: 10","","","","","","--","","","","","","","--","","","","2.00","失败"
"78","","","","","","","","","","TC00000079","查询MBB_BTS59005G_150_180_36_107基站2026年8月24日下午2点到25日凌晨2点发生了哪些告警？","","","基站MBB_BTS59005G_150_180_36_107在2026年8月24日14:00至8月25日02:00期间未发生任何告警。
","","","","","","","","","MAE","","","","","","","","4K","","","","","","","","","","","","","","","","","","","","","","","","","","","","","","","","","028137c6-7c27-482e-b16d-a345bb41c9bd","有效","单步","基础数据查询","告警查询","1","","73","1","告警查询","信息量: 模型回答中没有提供任何关于告警的具体信息，因此信息量不足。. 得分: 0
正确性: 模型回答与参考答案不符，且未提供任何关于告警的信息，因此判断为错误。. 得分: 0
流畅性: 模型回答由于包含了HTML代码片段，导致整体阅读不流畅。. 得分: 0
简洁性: 模型回答虽然简短，但由于包含大量无关的HTML代码，实际上并不简洁。. 得分: 0
结构化: 模型回答中包含了大量HTML代码，格式混乱，难以阅读。. 得分: 0
逻辑性: 尽管模型回答中出现了异常信息，但这些信息与问题无关，逻辑上未能围绕问题展开，因此判断为逻辑混乱。. 得分: 0","告警查询","","知识问答","final_state:
  evaluation:
    method: ICT_RAG","","","","","","","","","","","","","","","","","","","","","","用例执行过程出现异常，需复测 | Step2: session 异常信息：请求模型接口失败：【工具提示（非模型输出）】\n        调用模型接口错误:code:503, message:<!DOCTYPE html>\n<html xmlns:eview=""ignored"">\n\n<head>\n  <title></title>\n  <meta http-equiv=""Content-Type"" content=""text/html; charset=utf-8"" />\n  <meta http-equiv=""X-UA-Compatible"" content=""IE=edge,chrome=1"" />\n  \n  <link href=""/erservice/errors/main.css"" type=""text/css"" rel=""stylesheet"">\n</head>\n\n<body>\n  <div id=""pcsContainer"">\n  </div>\n  \n</body>\n<script type=""text/javascript"">\n    var error = '503';\n</script>\n<script src=""/erservice/errors/main.js""></script>\n</html>\n\n        ","信息量: 模型回答中没有提供任何关于告警的具体信息，因此信息量不足。. 得分: 0
正确性: 模型回答与参考答案不符，且未提供任何关于告警的信息，因此判断为错误。. 得分: 0
流畅性: 模型回答由于包含了HTML代码片段，导致整体阅读不流畅。. 得分: 0
简洁性: 模型回答虽然简短，但由于包含大量无关的HTML代码，实际上并不简洁。. 得分: 0
结构化: 模型回答中包含了大量HTML代码，格式混乱，难以阅读。. 得分: 0
逻辑性: 尽管模型回答中出现了异常信息，但这些信息与问题无关，逻辑上未能围绕问题展开，因此判断为逻辑混乱。. 得分: 0","0","","","信息量: 模型回答中没有提供任何关于告警的具体信息，因此信息量不足。. 得分: 0
正确性: 模型回答与参考答案不符，且未提供任何关于告警的信息，因此判断为错误。. 得分: 0
流畅性: 模型回答由于包含了HTML代码片段，导致整体阅读不流畅。. 得分: 0
简洁性: 模型回答虽然简短，但由于包含大量无关的HTML代码，实际上并不简洁。. 得分: 0
结构化: 模型回答中包含了大量HTML代码，格式混乱，难以阅读。. 得分: 0
逻辑性: 尽管模型回答中出现了异常信息，但这些信息与问题无关，逻辑上未能围绕问题展开，因此判断为逻辑混乱。. 得分: 0","","","","","","--","","","","","","","--","","","","0.00","失败"
"79","","","","","","","","","","TC00000080","查询MBB_BTS59005G_150_170_12_124基站、MBB_BTS59005G_150_170_12_127基站8月21到8月25日期间发生了哪些告警","","","空","","","","","","","","","MAE","","","","","","","","4K","","","","","","","","","","","","","","","","","","","","","","","","","","","","","","","","","6270a12b-4b15-454a-bfb9-6ded2ba031b2","有效","单步","基础数据查询","告警查询","1","","74","1","告警查询","信息量: 模型回答主要描述了执行过程中遇到的技术问题，未能提供任何关于告警的信息，因此有效信息不足。. 得分: 0
正确性: 模型回答中提到的是执行过程中的异常情况，并未提供关于告警的具体信息，与参考答案不符。. 得分: 0
流畅性: 模型回答虽然涉及技术错误，但语言表达清晰，易于理解。. 得分: 10
简洁性: 模型回答直接指出了问题所在，没有多余的描述，较为简洁。. 得分: 10
结构化: 模型回答虽然包含了HTML代码片段，但整体上仍然保持了一定的格式，易于阅读。. 得分: 10
逻辑性: 尽管模型回答描述了一个技术问题，但其逻辑是连贯的，因为它清楚地指出了问题所在。. 得分: 10","告警查询","","知识问答","final_state:
  evaluation:
    method: ICT_RAG","","","","","","","","","","","","","","","","","","","","","","用例执行过程出现异常，需复测 | Step2: session 异常信息：请求模型接口失败：【工具提示（非模型输出）】\n        调用模型接口错误:code:503, message:<!DOCTYPE html>\n<html xmlns:eview=""ignored"">\n\n<head>\n  <title></title>\n  <meta http-equiv=""Content-Type"" content=""text/html; charset=utf-8"" />\n  <meta http-equiv=""X-UA-Compatible"" content=""IE=edge,chrome=1"" />\n  \n  <link href=""/erservice/errors/main.css"" type=""text/css"" rel=""stylesheet"">\n</head>\n\n<body>\n  <div id=""pcsContainer"">\n  </div>\n  \n</body>\n<script type=""text/javascript"">\n    var error = '503';\n</script>\n<script src=""/erservice/errors/main.js""></script>\n</html>\n\n        ","信息量: 模型回答主要描述了执行过程中遇到的技术问题，未能提供任何关于告警的信息，因此有效信息不足。. 得分: 0
正确性: 模型回答中提到的是执行过程中的异常情况，并未提供关于告警的具体信息，与参考答案不符。. 得分: 0
流畅性: 模型回答虽然涉及技术错误，但语言表达清晰，易于理解。. 得分: 10
简洁性: 模型回答直接指出了问题所在，没有多余的描述，较为简洁。. 得分: 10
结构化: 模型回答虽然包含了HTML代码片段，但整体上仍然保持了一定的格式，易于阅读。. 得分: 10
逻辑性: 尽管模型回答描述了一个技术问题，但其逻辑是连贯的，因为它清楚地指出了问题所在。. 得分: 10","2","","","信息量: 模型回答主要描述了执行过程中遇到的技术问题，未能提供任何关于告警的信息，因此有效信息不足。. 得分: 0
正确性: 模型回答中提到的是执行过程中的异常情况，并未提供关于告警的具体信息，与参考答案不符。. 得分: 0
流畅性: 模型回答虽然涉及技术错误，但语言表达清晰，易于理解。. 得分: 10
简洁性: 模型回答直接指出了问题所在，没有多余的描述，较为简洁。. 得分: 10
结构化: 模型回答虽然包含了HTML代码片段，但整体上仍然保持了一定的格式，易于阅读。. 得分: 10
逻辑性: 尽管模型回答描述了一个技术问题，但其逻辑是连贯的，因为它清楚地指出了问题所在。. 得分: 10","","","","","","--","","","","","","","--","","","","2.00","失败"
"80","","","","","","","","","","TC00000081","MBB_BTS59005G_150_170_12_131基站8月第四周有哪些告警？","","","空","","","","","","","","","MAE","","","","","","","","4K","","","","","","","","","","","","","","","","","","","","","","","","","","","","","","","","","15aa28c8-4217-4b33-b355-ef3b0ec45d50","有效","单步","基础数据查询","告警查询","1","","75","1","告警查询","信息量: 模型回答中没有提供任何与问题相关的有效信息，因此信息量不足。. 得分: 0
正确性: 模型回答与参考答案不符，且提供的信息与问题无关，因此判断为错误。. 得分: 0
流畅性: 模型回答虽然格式上是一段完整的文本，但由于内容与问题无关，影响了整体的流畅性。. 得分: 0
简洁性: 模型回答虽然简洁，但内容与问题无关，因此简洁性评价为不简洁。. 得分: 0
结构化: 模型回答虽然保持了一定的格式，但由于内容与问题无关，格式显得混乱。. 得分: 0
逻辑性: 模型回答中虽然逻辑上没有明显错误，但由于内容与问题无关，因此逻辑性评价为混乱。. 得分: 0","告警查询","","知识问答","final_state:
  evaluation:
    method: ICT_RAG","","","","","","","","","","","","","","","","","","","","","","用例执行过程出现异常，需复测 | Step2: session 异常信息：请求模型接口失败：【工具提示（非模型输出）】\n        调用模型接口错误:code:503, message:<!DOCTYPE html>\n<html xmlns:eview=""ignored"">\n\n<head>\n  <title></title>\n  <meta http-equiv=""Content-Type"" content=""text/html; charset=utf-8"" />\n  <meta http-equiv=""X-UA-Compatible"" content=""IE=edge,chrome=1"" />\n  \n  <link href=""/erservice/errors/main.css"" type=""text/css"" rel=""stylesheet"">\n</head>\n\n<body>\n  <div id=""pcsContainer"">\n  </div>\n  \n</body>\n<script type=""text/javascript"">\n    var error = '503';\n</script>\n<script src=""/erservice/errors/main.js""></script>\n</html>\n\n        ","信息量: 模型回答中没有提供任何与问题相关的有效信息，因此信息量不足。. 得分: 0
正确性: 模型回答与参考答案不符，且提供的信息与问题无关，因此判断为错误。. 得分: 0
流畅性: 模型回答虽然格式上是一段完整的文本，但由于内容与问题无关，影响了整体的流畅性。. 得分: 0
简洁性: 模型回答虽然简洁，但内容与问题无关，因此简洁性评价为不简洁。. 得分: 0
结构化: 模型回答虽然保持了一定的格式，但由于内容与问题无关，格式显得混乱。. 得分: 0
逻辑性: 模型回答中虽然逻辑上没有明显错误，但由于内容与问题无关，因此逻辑性评价为混乱。. 得分: 0","0","","","信息量: 模型回答中没有提供任何与问题相关的有效信息，因此信息量不足。. 得分: 0
正确性: 模型回答与参考答案不符，且提供的信息与问题无关，因此判断为错误。. 得分: 0
流畅性: 模型回答虽然格式上是一段完整的文本，但由于内容与问题无关，影响了整体的流畅性。. 得分: 0
简洁性: 模型回答虽然简洁，但内容与问题无关，因此简洁性评价为不简洁。. 得分: 0
结构化: 模型回答虽然保持了一定的格式，但由于内容与问题无关，格式显得混乱。. 得分: 0
逻辑性: 模型回答中虽然逻辑上没有明显错误，但由于内容与问题无关，因此逻辑性评价为混乱。. 得分: 0","","","","","","--","","","","","","","--","","","","0.00","失败"
"81","","","","","","","","","","TC00000082","MBB_BTS59005G_150_170_12_138基站今年8月第四周前三天上报了哪些“Trunk system”的告警？","","","基站MBB_BTS59005G_150_170_12_138在2026年8月第四周前三天（8月22日至8月24日）未上报任何中继系统（Trunk system）类告警。","","","","","","","","","MAE","","","","","","","","4K","","","","","","","","","","","","","","","","","","","","","","","","","","","","","","","","","8c800348-c523-4742-863b-b62d223c7cad","有效","单步","基础数据查询","告警查询","1","","76","1","告警查询","信息量: 模型回答未提供任何关于告警的具体信息，且包含大量无关的HTML代码，因此判断为有效信息不足。. 得分: 0
正确性: 模型回答与参考答案不符，且未提供任何关于告警的信息，因此判断为错误。. 得分: 0
流畅性: 模型回答中包含了大量HTML代码，不符合自然语言的表达习惯，因此判断为不流畅。. 得分: 0
简洁性: 模型回答中包含了大量不必要的HTML代码，因此判断为不简洁。. 得分: 0
结构化: 模型回答中包含了大量HTML代码，格式混乱，难以阅读，因此判断为格式混乱，难以阅读。. 得分: 0
逻辑性: 模型回答中出现了调用接口错误的信息，而非对问题的直接回答，逻辑上不连贯，因此判断为逻辑混乱。. 得分: 0","告警查询","","知识问答","final_state:
  evaluation:
    method: ICT_RAG","","","","","","","","","","","","","","","","","","","","","","用例执行过程出现异常，需复测 | Step2: session 异常信息：请求模型接口失败：【工具提示（非模型输出）】\n        调用模型接口错误:code:503, message:<!DOCTYPE html>\n<html xmlns:eview=""ignored"">\n\n<head>\n  <title></title>\n  <meta http-equiv=""Content-Type"" content=""text/html; charset=utf-8"" />\n  <meta http-equiv=""X-UA-Compatible"" content=""IE=edge,chrome=1"" />\n  \n  <link href=""/erservice/errors/main.css"" type=""text/css"" rel=""stylesheet"">\n</head>\n\n<body>\n  <div id=""pcsContainer"">\n  </div>\n  \n</body>\n<script type=""text/javascript"">\n    var error = '503';\n</script>\n<script src=""/erservice/errors/main.js""></script>\n</html>\n\n        ","信息量: 模型回答未提供任何关于告警的具体信息，且包含大量无关的HTML代码，因此判断为有效信息不足。. 得分: 0
正确性: 模型回答与参考答案不符，且未提供任何关于告警的信息，因此判断为错误。. 得分: 0
流畅性: 模型回答中包含了大量HTML代码，不符合自然语言的表达习惯，因此判断为不流畅。. 得分: 0
简洁性: 模型回答中包含了大量不必要的HTML代码，因此判断为不简洁。. 得分: 0
结构化: 模型回答中包含了大量HTML代码，格式混乱，难以阅读，因此判断为格式混乱，难以阅读。. 得分: 0
逻辑性: 模型回答中出现了调用接口错误的信息，而非对问题的直接回答，逻辑上不连贯，因此判断为逻辑混乱。. 得分: 0","0","","","信息量: 模型回答未提供任何关于告警的具体信息，且包含大量无关的HTML代码，因此判断为有效信息不足。. 得分: 0
正确性: 模型回答与参考答案不符，且未提供任何关于告警的信息，因此判断为错误。. 得分: 0
流畅性: 模型回答中包含了大量HTML代码，不符合自然语言的表达习惯，因此判断为不流畅。. 得分: 0
简洁性: 模型回答中包含了大量不必要的HTML代码，因此判断为不简洁。. 得分: 0
结构化: 模型回答中包含了大量HTML代码，格式混乱，难以阅读，因此判断为格式混乱，难以阅读。. 得分: 0
逻辑性: 模型回答中出现了调用接口错误的信息，而非对问题的直接回答，逻辑上不连贯，因此判断为逻辑混乱。. 得分: 0","","","","","","--","","","","","","","--","","","","0.00","失败"
"82","","","","","","","","","","TC00000083","MBB_BTS59005G_150_170_12_133基站8月第一周上报了哪些严重告警？","","","空","","","","","","","","","MAE","","","","","","","","4K","","","","","","","","","","","","","","","","","","","","","","","","","","","","","","","","","2f4f4cda-1de5-4eae-9b28-6d906f7fe846","有效","单步","基础数据查询","告警查询","1","","77","1","告警查询","信息量: 模型回答中没有提供任何与问题相关的信息，因此判断为有效信息不足。. 得分: 0
正确性: 模型回答与参考答案不符，且提供的信息与问题无关，因此判断为错误。. 得分: 0
流畅性: 虽然模型回答的语言本身没有明显语法错误，但由于内容与问题无关，影响了整体的流畅性，因此判断为不流畅。. 得分: 0
简洁性: 模型回答虽然内容不多，但由于内容与问题无关，因此判断为不简洁。. 得分: 0
结构化: 模型回答的内容格式混乱，难以阅读，因此判断为格式混乱，难以阅读。. 得分: 0
逻辑性: 模型回答的内容与问题无关，逻辑上不连贯，因此判断为逻辑混乱。. 得分: 0","告警查询","","知识问答","final_state:
  evaluation:
    method: ICT_RAG","","","","","","","","","","","","","","","","","","","","","","用例执行过程出现异常，需复测 | Step2: session 异常信息：请求模型接口失败：【工具提示（非模型输出）】\n        调用模型接口错误:code:503, message:<!DOCTYPE html>\n<html xmlns:eview=""ignored"">\n\n<head>\n  <title></title>\n  <meta http-equiv=""Content-Type"" content=""text/html; charset=utf-8"" />\n  <meta http-equiv=""X-UA-Compatible"" content=""IE=edge,chrome=1"" />\n  \n  <link href=""/erservice/errors/main.css"" type=""text/css"" rel=""stylesheet"">\n</head>\n\n<body>\n  <div id=""pcsContainer"">\n  </div>\n  \n</body>\n<script type=""text/javascript"">\n    var error = '503';\n</script>\n<script src=""/erservice/errors/main.js""></script>\n</html>\n\n        ","信息量: 模型回答中没有提供任何与问题相关的信息，因此判断为有效信息不足。. 得分: 0
正确性: 模型回答与参考答案不符，且提供的信息与问题无关，因此判断为错误。. 得分: 0
流畅性: 虽然模型回答的语言本身没有明显语法错误，但由于内容与问题无关，影响了整体的流畅性，因此判断为不流畅。. 得分: 0
简洁性: 模型回答虽然内容不多，但由于内容与问题无关，因此判断为不简洁。. 得分: 0
结构化: 模型回答的内容格式混乱，难以阅读，因此判断为格式混乱，难以阅读。. 得分: 0
逻辑性: 模型回答的内容与问题无关，逻辑上不连贯，因此判断为逻辑混乱。. 得分: 0","0","","","信息量: 模型回答中没有提供任何与问题相关的信息，因此判断为有效信息不足。. 得分: 0
正确性: 模型回答与参考答案不符，且提供的信息与问题无关，因此判断为错误。. 得分: 0
流畅性: 虽然模型回答的语言本身没有明显语法错误，但由于内容与问题无关，影响了整体的流畅性，因此判断为不流畅。. 得分: 0
简洁性: 模型回答虽然内容不多，但由于内容与问题无关，因此判断为不简洁。. 得分: 0
结构化: 模型回答的内容格式混乱，难以阅读，因此判断为格式混乱，难以阅读。. 得分: 0
逻辑性: 模型回答的内容与问题无关，逻辑上不连贯，因此判断为逻辑混乱。. 得分: 0","","","","","","--","","","","","","","--","","","","0.00","失败"
"83","","","","","","","","","","TC00000084","MBB_BTS59005G_150_170_12_138基站7月份最后一周上报了哪些关于“power system”的告警","","","基站MBB_BTS59005G_150_170_12_138在7月份最后一周（7月29日至7月31日）未查询到关于电源系统的告警。
","","","","","","","","","MAE","","","","","","","","4K","","","","","","","","","","","","","","","","","","","","","","","","","","","","","","","","","9c4e49cb-ab4c-4433-9e53-61b993c51fbb","有效","单步","基础数据查询","告警查询","1","","78","1","告警查询","信息量: 模型回答中没有提供任何关于基站7月份最后一周关于电源系统的告警信息，且大部分内容为HTML错误页面代码，有效信息不足。. 得分: 0
正确性: 模型回答中没有提供关于基站7月份最后一周关于电源系统的告警信息，且模型接口出现错误，与参考答案不符。. 得分: 0
流畅性: 模型回答中大部分内容为HTML错误页面代码，不流畅。. 得分: 0
简洁性: 模型回答中包含大量无关的HTML代码，不简洁。. 得分: 0
结构化: 模型回答中大部分内容为HTML错误页面代码，格式混乱，难以阅读。. 得分: 0
逻辑性: 模型回答中没有逻辑性错误，但未能提供有效信息。. 得分: 10","告警查询","","知识问答","final_state:
  evaluation:
    method: ICT_RAG","","","","","","","","","","","","","","","","","","","","","","用例执行过程出现异常，需复测 | Step2: session 异常信息：请求模型接口失败：【工具提示（非模型输出）】\n        调用模型接口错误:code:503, message:<!DOCTYPE html>\n<html xmlns:eview=""ignored"">\n\n<head>\n  <title></title>\n  <meta http-equiv=""Content-Type"" content=""text/html; charset=utf-8"" />\n  <meta http-equiv=""X-UA-Compatible"" content=""IE=edge,chrome=1"" />\n  \n  <link href=""/erservice/errors/main.css"" type=""text/css"" rel=""stylesheet"">\n</head>\n\n<body>\n  <div id=""pcsContainer"">\n  </div>\n  \n</body>\n<script type=""text/javascript"">\n    var error = '503';\n</script>\n<script src=""/erservice/errors/main.js""></script>\n</html>\n\n        ","信息量: 模型回答中没有提供任何关于基站7月份最后一周关于电源系统的告警信息，且大部分内容为HTML错误页面代码，有效信息不足。. 得分: 0
正确性: 模型回答中没有提供关于基站7月份最后一周关于电源系统的告警信息，且模型接口出现错误，与参考答案不符。. 得分: 0
流畅性: 模型回答中大部分内容为HTML错误页面代码，不流畅。. 得分: 0
简洁性: 模型回答中包含大量无关的HTML代码，不简洁。. 得分: 0
结构化: 模型回答中大部分内容为HTML错误页面代码，格式混乱，难以阅读。. 得分: 0
逻辑性: 模型回答中没有逻辑性错误，但未能提供有效信息。. 得分: 10","1","","","信息量: 模型回答中没有提供任何关于基站7月份最后一周关于电源系统的告警信息，且大部分内容为HTML错误页面代码，有效信息不足。. 得分: 0
正确性: 模型回答中没有提供关于基站7月份最后一周关于电源系统的告警信息，且模型接口出现错误，与参考答案不符。. 得分: 0
流畅性: 模型回答中大部分内容为HTML错误页面代码，不流畅。. 得分: 0
简洁性: 模型回答中包含大量无关的HTML代码，不简洁。. 得分: 0
结构化: 模型回答中大部分内容为HTML错误页面代码，格式混乱，难以阅读。. 得分: 0
逻辑性: 模型回答中没有逻辑性错误，但未能提供有效信息。. 得分: 10","","","","","","--","","","","","","","--","","","","1.00","失败"
"84","","","","","","","","","","TC00000085","MBB_BTS59005G_150_170_12_145基站2026年8月25日往前一周上报了哪些重要告警","","","空","","","","","","","","","MAE","","","","","","","","4K","","","","","","","","","","","","","","","","","","","","","","","","","","","","","","","","","88b5e428-d3b6-4487-bab1-d2bcdada55ee","有效","单步","基础数据查询","告警查询","1","","79","1","告警查询","信息量: 模型回答没有提供任何关于基站上报的重要告警信息，反而提供了无关的技术错误信息，因此有效信息不足。. 得分: 0
正确性: 模型回答的内容与参考答案不符，且提供的信息是关于技术问题的错误反馈，而非问题要求的具体告警信息。. 得分: 0
流畅性: 模型回答的语言表达是流畅的，但由于内容与问题无关，这部分评价意义不大。. 得分: 0
简洁性: 模型回答虽然简洁，但未能提供所需的信息，简洁性在此情境下不适用。. 得分: 0
结构化: 模型回答的格式较为混乱，包含了HTML代码片段，不易于阅读。. 得分: 0
逻辑性: 尽管模型回答的内容逻辑上是连贯的，但其内容与问题要求无关，因此不能视为逻辑严密。. 得分: 0","告警查询","","知识问答","final_state:
  evaluation:
    method: ICT_RAG","","","","","","","","","","","","","","","","","","","","","","用例执行过程出现异常，需复测 | Step2: session 异常信息：请求模型接口失败：【工具提示（非模型输出）】\n        调用模型接口错误:code:503, message:<!DOCTYPE html>\n<html xmlns:eview=""ignored"">\n\n<head>\n  <title></title>\n  <meta http-equiv=""Content-Type"" content=""text/html; charset=utf-8"" />\n  <meta http-equiv=""X-UA-Compatible"" content=""IE=edge,chrome=1"" />\n  \n  <link href=""/erservice/errors/main.css"" type=""text/css"" rel=""stylesheet"">\n</head>\n\n<body>\n  <div id=""pcsContainer"">\n  </div>\n  \n</body>\n<script type=""text/javascript"">\n    var error = '503';\n</script>\n<script src=""/erservice/errors/main.js""></script>\n</html>\n\n        ","信息量: 模型回答没有提供任何关于基站上报的重要告警信息，反而提供了无关的技术错误信息，因此有效信息不足。. 得分: 0
正确性: 模型回答的内容与参考答案不符，且提供的信息是关于技术问题的错误反馈，而非问题要求的具体告警信息。. 得分: 0
流畅性: 模型回答的语言表达是流畅的，但由于内容与问题无关，这部分评价意义不大。. 得分: 0
简洁性: 模型回答虽然简洁，但未能提供所需的信息，简洁性在此情境下不适用。. 得分: 0
结构化: 模型回答的格式较为混乱，包含了HTML代码片段，不易于阅读。. 得分: 0
逻辑性: 尽管模型回答的内容逻辑上是连贯的，但其内容与问题要求无关，因此不能视为逻辑严密。. 得分: 0","0","","","信息量: 模型回答没有提供任何关于基站上报的重要告警信息，反而提供了无关的技术错误信息，因此有效信息不足。. 得分: 0
正确性: 模型回答的内容与参考答案不符，且提供的信息是关于技术问题的错误反馈，而非问题要求的具体告警信息。. 得分: 0
流畅性: 模型回答的语言表达是流畅的，但由于内容与问题无关，这部分评价意义不大。. 得分: 0
简洁性: 模型回答虽然简洁，但未能提供所需的信息，简洁性在此情境下不适用。. 得分: 0
结构化: 模型回答的格式较为混乱，包含了HTML代码片段，不易于阅读。. 得分: 0
逻辑性: 尽管模型回答的内容逻辑上是连贯的，但其内容与问题要求无关，因此不能视为逻辑严密。. 得分: 0","","","","","","--","","","","","","","--","","","","0.00","失败"
"85","","","","","","","","","","TC00000086","MBB_BTS59005G_150_170_12_150基站7月最后一周的前三天上报了哪些告警","","","基站 MBB_BTS59005G_150_170_12_150 在7月最后一周的前三天（7月29日至7月31日）未上报任何告警。
","","","","","","","","","MAE","","","","","","","","4K","","","","","","","","","","","","","","","","","","","","","","","","","","","","","","","","","b45bb29b-d891-4449-87fb-41c9d666e18b","有效","单步","基础数据查询","告警查询","1","","80","1","告警查询","信息量: 模型回答中没有提供任何关于基站告警的有效信息，因此信息量不足。. 得分: 0
正确性: 模型回答与参考答案不符，且未提供任何关于基站告警的信息，因此判断为错误。. 得分: 0
流畅性: 模型回答中包含了大量HTML代码，不符合自然语言的流畅性要求，因此判断为不流畅。. 得分: 0
简洁性: 模型回答中包含了不必要的HTML代码，不够简洁。. 得分: 0
结构化: 模型回答中包含了HTML代码，格式混乱，难以阅读。. 得分: 0
逻辑性: 模型回答中出现了HTML代码和错误信息，逻辑上不相关，因此判断为逻辑混乱。. 得分: 0","告警查询","","知识问答","final_state:
  evaluation:
    method: ICT_RAG","","","","","","","","","","","","","","","","","","","","","","用例执行过程出现异常，需复测 | Step2: session 异常信息：请求模型接口失败：【工具提示（非模型输出）】\n        调用模型接口错误:code:503, message:<!DOCTYPE html>\n<html xmlns:eview=""ignored"">\n\n<head>\n  <title></title>\n  <meta http-equiv=""Content-Type"" content=""text/html; charset=utf-8"" />\n  <meta http-equiv=""X-UA-Compatible"" content=""IE=edge,chrome=1"" />\n  \n  <link href=""/erservice/errors/main.css"" type=""text/css"" rel=""stylesheet"">\n</head>\n\n<body>\n  <div id=""pcsContainer"">\n  </div>\n  \n</body>\n<script type=""text/javascript"">\n    var error = '503';\n</script>\n<script src=""/erservice/errors/main.js""></script>\n</html>\n\n        ","信息量: 模型回答中没有提供任何关于基站告警的有效信息，因此信息量不足。. 得分: 0
正确性: 模型回答与参考答案不符，且未提供任何关于基站告警的信息，因此判断为错误。. 得分: 0
流畅性: 模型回答中包含了大量HTML代码，不符合自然语言的流畅性要求，因此判断为不流畅。. 得分: 0
简洁性: 模型回答中包含了不必要的HTML代码，不够简洁。. 得分: 0
结构化: 模型回答中包含了HTML代码，格式混乱，难以阅读。. 得分: 0
逻辑性: 模型回答中出现了HTML代码和错误信息，逻辑上不相关，因此判断为逻辑混乱。. 得分: 0","0","","","信息量: 模型回答中没有提供任何关于基站告警的有效信息，因此信息量不足。. 得分: 0
正确性: 模型回答与参考答案不符，且未提供任何关于基站告警的信息，因此判断为错误。. 得分: 0
流畅性: 模型回答中包含了大量HTML代码，不符合自然语言的流畅性要求，因此判断为不流畅。. 得分: 0
简洁性: 模型回答中包含了不必要的HTML代码，不够简洁。. 得分: 0
结构化: 模型回答中包含了HTML代码，格式混乱，难以阅读。. 得分: 0
逻辑性: 模型回答中出现了HTML代码和错误信息，逻辑上不相关，因此判断为逻辑混乱。. 得分: 0","","","","","","--","","","","","","","--","","","","0.00","失败"
"86","","","","","","","","","","TC00000087","查一下apo_test区域内能耗最高的小区，并给出该小区的今天的平均SA RRC连接用户数","","","空","","","","","","","","","MAE","","","","","","","","4K","","","","","","","","","","","","","","","","","","","","","","","","","","","","","","","","","c5a180ac-dad5-405d-92da-d66641efa14f","有效","多步","基础数据查询","工参查询","1","","81","1","工参查询","信息量: 模型回答中没有提供任何与问题相关的信息，仅描述了执行过程中遇到的问题，因此信息量不足。. 得分: 0
正确性: 模型回答中提到执行过程出现异常，未能提供任何关于能耗最高小区及其平均SA RRC连接用户数的信息，与参考答案为空的情况一致，因此应视为错误。. 得分: 0
流畅性: 模型回答虽然描述了技术问题，但语言表达清晰，易于理解。. 得分: 10
简洁性: 模型回答直接指出了遇到的问题，没有多余的描述，较为简洁。. 得分: 10
结构化: 模型回答虽然包含了HTML错误页面的内容，但整体结构清晰，易于阅读。. 得分: 10
逻辑性: 尽管模型回答未能提供有效信息，但其描述了遇到的具体问题，逻辑上是连贯的。. 得分: 10","KPI查询泛化+工参维度泛化","","知识问答","final_state:
  evaluation:
    method: ICT_RAG","","","","","","","","","","","","","","","","","","","","","","用例执行过程出现异常，需复测 | Step2: session 异常信息：请求模型接口失败：【工具提示（非模型输出）】\n        调用模型接口错误:code:503, message:<!DOCTYPE html>\n<html xmlns:eview=""ignored"">\n\n<head>\n  <title></title>\n  <meta http-equiv=""Content-Type"" content=""text/html; charset=utf-8"" />\n  <meta http-equiv=""X-UA-Compatible"" content=""IE=edge,chrome=1"" />\n  \n  <link href=""/erservice/errors/main.css"" type=""text/css"" rel=""stylesheet"">\n</head>\n\n<body>\n  <div id=""pcsContainer"">\n  </div>\n  \n</body>\n<script type=""text/javascript"">\n    var error = '503';\n</script>\n<script src=""/erservice/errors/main.js""></script>\n</html>\n\n        ","信息量: 模型回答中没有提供任何与问题相关的信息，仅描述了执行过程中遇到的问题，因此信息量不足。. 得分: 0
正确性: 模型回答中提到执行过程出现异常，未能提供任何关于能耗最高小区及其平均SA RRC连接用户数的信息，与参考答案为空的情况一致，因此应视为错误。. 得分: 0
流畅性: 模型回答虽然描述了技术问题，但语言表达清晰，易于理解。. 得分: 10
简洁性: 模型回答直接指出了遇到的问题，没有多余的描述，较为简洁。. 得分: 10
结构化: 模型回答虽然包含了HTML错误页面的内容，但整体结构清晰，易于阅读。. 得分: 10
逻辑性: 尽管模型回答未能提供有效信息，但其描述了遇到的具体问题，逻辑上是连贯的。. 得分: 10","2","","","信息量: 模型回答中没有提供任何与问题相关的信息，仅描述了执行过程中遇到的问题，因此信息量不足。. 得分: 0
正确性: 模型回答中提到执行过程出现异常，未能提供任何关于能耗最高小区及其平均SA RRC连接用户数的信息，与参考答案为空的情况一致，因此应视为错误。. 得分: 0
流畅性: 模型回答虽然描述了技术问题，但语言表达清晰，易于理解。. 得分: 10
简洁性: 模型回答直接指出了遇到的问题，没有多余的描述，较为简洁。. 得分: 10
结构化: 模型回答虽然包含了HTML错误页面的内容，但整体结构清晰，易于阅读。. 得分: 10
逻辑性: 尽管模型回答未能提供有效信息，但其描述了遇到的具体问题，逻辑上是连贯的。. 得分: 10","","","","","","--","","","","","","","--","","","","2.00","失败"
"87","","","","","","","","","","TC00000088","查下apotest-wt区域今年6月份良好覆盖率最高的5G小区，并进一步查询在这个小区良好覆盖率最高日期的上行平均干扰电平","","","空","","","","","","","","","MAE","","","","","","","","4K","","","","","","","","","","","","","","","","","","","","","","","","","","","","","","","","","bacc8d40-5589-4855-8b06-5d567a061f2b","有效","多步","基础数据查询","工参查询","1","","82","1","工参查询","信息量: 模型回答未能提供任何与问题相关的信息，仅描述了执行过程中遇到的技术问题，因此信息量不足。. 得分: 0
正确性: 模型回答中提到执行过程出现异常，未能提供任何关于apotest-wt区域6月份5G小区良好覆盖率及上行平均干扰电平的信息，与参考答案为空的情况一致，因此应视为错误。. 得分: 0
流畅性: 模型回答虽然描述了一个技术问题，但语言表达清晰，易于理解。. 得分: 10
简洁性: 模型回答直接指出了问题所在，没有多余的描述，较为简洁。. 得分: 10
结构化: 模型回答虽然包含了HTML错误页面的内容，但整体上仍然保持了一定的格式，易于阅读。. 得分: 10
逻辑性: 尽管模型回答未能提供有效信息，但其描述技术问题的过程是连贯的，没有逻辑上的矛盾。. 得分: 10","KPI查询泛化+工参维度泛化","","知识问答","final_state:
  evaluation:
    method: ICT_RAG","","","","","","","","","","","","","","","","","","","","","","用例执行过程出现异常，需复测 | Step2: session 异常信息：请求模型接口失败：【工具提示（非模型输出）】\n        调用模型接口错误:code:503, message:<!DOCTYPE html>\n<html xmlns:eview=""ignored"">\n\n<head>\n  <title></title>\n  <meta http-equiv=""Content-Type"" content=""text/html; charset=utf-8"" />\n  <meta http-equiv=""X-UA-Compatible"" content=""IE=edge,chrome=1"" />\n  \n  <link href=""/erservice/errors/main.css"" type=""text/css"" rel=""stylesheet"">\n</head>\n\n<body>\n  <div id=""pcsContainer"">\n  </div>\n  \n</body>\n<script type=""text/javascript"">\n    var error = '503';\n</script>\n<script src=""/erservice/errors/main.js""></script>\n</html>\n\n        ","信息量: 模型回答未能提供任何与问题相关的信息，仅描述了执行过程中遇到的技术问题，因此信息量不足。. 得分: 0
正确性: 模型回答中提到执行过程出现异常，未能提供任何关于apotest-wt区域6月份5G小区良好覆盖率及上行平均干扰电平的信息，与参考答案为空的情况一致，因此应视为错误。. 得分: 0
流畅性: 模型回答虽然描述了一个技术问题，但语言表达清晰，易于理解。. 得分: 10
简洁性: 模型回答直接指出了问题所在，没有多余的描述，较为简洁。. 得分: 10
结构化: 模型回答虽然包含了HTML错误页面的内容，但整体上仍然保持了一定的格式，易于阅读。. 得分: 10
逻辑性: 尽管模型回答未能提供有效信息，但其描述技术问题的过程是连贯的，没有逻辑上的矛盾。. 得分: 10","2","","","信息量: 模型回答未能提供任何与问题相关的信息，仅描述了执行过程中遇到的技术问题，因此信息量不足。. 得分: 0
正确性: 模型回答中提到执行过程出现异常，未能提供任何关于apotest-wt区域6月份5G小区良好覆盖率及上行平均干扰电平的信息，与参考答案为空的情况一致，因此应视为错误。. 得分: 0
流畅性: 模型回答虽然描述了一个技术问题，但语言表达清晰，易于理解。. 得分: 10
简洁性: 模型回答直接指出了问题所在，没有多余的描述，较为简洁。. 得分: 10
结构化: 模型回答虽然包含了HTML错误页面的内容，但整体上仍然保持了一定的格式，易于阅读。. 得分: 10
逻辑性: 尽管模型回答未能提供有效信息，但其描述技术问题的过程是连贯的，没有逻辑上的矛盾。. 得分: 10","","","","","","--","","","","","","","--","","","","2.00","失败"
"88","","","","","","","","","","TC00000089","给出apo_test1区域内昨天上行流量最低的小区，再查询下这个小区前天的QOS FLOW建立成功率","","","空","","","","","","","","","MAE","","","","","","","","4K","","","","","","","","","","","","","","","","","","","","","","","","","","","","","","","","","b6bc8551-94f2-405d-9891-3ad5153a33aa","有效","多步","基础数据查询","工参查询","1","","83","1","工参查询","信息量: 模型回答主要描述了执行过程中遇到的问题，但没有提供任何关于问题要求的信息，即没有给出apo_test1区域内昨天上行流量最低的小区及其前天的QOS FLOW建立成功率，因此有效信息不足。. 得分: 0
正确性: 模型回答中提到执行过程出现异常，并且提供了异常的具体信息，但是这些信息与问题要求的内容无关，因此不符合参考答案的要求。. 得分: 0
流畅性: 模型回答虽然包含了技术性的错误信息，但这些信息的呈现方式较为混乱，不易于普通用户理解，因此不流畅。. 得分: 0
简洁性: 模型回答虽然简洁，但由于其内容与问题要求不符，因此在简洁性方面不加分。. 得分: 0
结构化: 模型回答中包含了HTML代码片段，这使得整体回答格式混乱，难以阅读。. 得分: 0
逻辑性: 尽管模型回答描述了遇到的技术问题，但这些问题的描述与问题本身没有直接关联，逻辑上未能围绕问题核心展开，因此逻辑混乱。. 得分: 0","KPI查询泛化+工参维度泛化","","知识问答","final_state:
  evaluation:
    method: ICT_RAG","","","","","","","","","","","","","","","","","","","","","","用例执行过程出现异常，需复测 | Step2: session 异常信息：请求模型接口失败：【工具提示（非模型输出）】\n        调用模型接口错误:code:503, message:<!DOCTYPE html>\n<html xmlns:eview=""ignored"">\n\n<head>\n  <title></title>\n  <meta http-equiv=""Content-Type"" content=""text/html; charset=utf-8"" />\n  <meta http-equiv=""X-UA-Compatible"" content=""IE=edge,chrome=1"" />\n  \n  <link href=""/erservice/errors/main.css"" type=""text/css"" rel=""stylesheet"">\n</head>\n\n<body>\n  <div id=""pcsContainer"">\n  </div>\n  \n</body>\n<script type=""text/javascript"">\n    var error = '503';\n</script>\n<script src=""/erservice/errors/main.js""></script>\n</html>\n\n        ","信息量: 模型回答主要描述了执行过程中遇到的问题，但没有提供任何关于问题要求的信息，即没有给出apo_test1区域内昨天上行流量最低的小区及其前天的QOS FLOW建立成功率，因此有效信息不足。. 得分: 0
正确性: 模型回答中提到执行过程出现异常，并且提供了异常的具体信息，但是这些信息与问题要求的内容无关，因此不符合参考答案的要求。. 得分: 0
流畅性: 模型回答虽然包含了技术性的错误信息，但这些信息的呈现方式较为混乱，不易于普通用户理解，因此不流畅。. 得分: 0
简洁性: 模型回答虽然简洁，但由于其内容与问题要求不符，因此在简洁性方面不加分。. 得分: 0
结构化: 模型回答中包含了HTML代码片段，这使得整体回答格式混乱，难以阅读。. 得分: 0
逻辑性: 尽管模型回答描述了遇到的技术问题，但这些问题的描述与问题本身没有直接关联，逻辑上未能围绕问题核心展开，因此逻辑混乱。. 得分: 0","0","","","信息量: 模型回答主要描述了执行过程中遇到的问题，但没有提供任何关于问题要求的信息，即没有给出apo_test1区域内昨天上行流量最低的小区及其前天的QOS FLOW建立成功率，因此有效信息不足。. 得分: 0
正确性: 模型回答中提到执行过程出现异常，并且提供了异常的具体信息，但是这些信息与问题要求的内容无关，因此不符合参考答案的要求。. 得分: 0
流畅性: 模型回答虽然包含了技术性的错误信息，但这些信息的呈现方式较为混乱，不易于普通用户理解，因此不流畅。. 得分: 0
简洁性: 模型回答虽然简洁，但由于其内容与问题要求不符，因此在简洁性方面不加分。. 得分: 0
结构化: 模型回答中包含了HTML代码片段，这使得整体回答格式混乱，难以阅读。. 得分: 0
逻辑性: 尽管模型回答描述了遇到的技术问题，但这些问题的描述与问题本身没有直接关联，逻辑上未能围绕问题核心展开，因此逻辑混乱。. 得分: 0","","","","","","--","","","","","","","--","","","","0.00","失败"
"89","","","","","","","","","","TC00000090","查询深圳大梅沙二[深圳大梅沙二D-HRH]C-HRH-1_1003897小区的RRC连接成功率以及上行流量","","","空","","","","","","","","","MAE","","","","","","","","4K","","","","","","","","","","","","","","","","","","","","","","","","","","","","","","","","","b8e5a123-1c25-4699-b8f6-bc4a9760bd96","有效","单步","基础数据查询","工参查询","1","","84","1","工参查询","信息量: 模型回答中没有提供任何关于RRC连接成功率以及上行流量的有效信息，因此信息量不足。. 得分: 0
正确性: 模型回答中提到的异常情况与参考答案不符，且未能提供任何有效信息，因此判断为错误。. 得分: 0
流畅性: 模型回答由于包含了HTML代码片段，导致整体阅读体验不佳，不够流畅。. 得分: 0
简洁性: 模型回答虽然简洁，但由于包含了大量无关的HTML代码，实际上并不简洁。. 得分: 0
结构化: 模型回答中包含了大量的HTML代码，格式混乱，难以阅读。. 得分: 0
逻辑性: 尽管模型回答中出现了异常信息，但这些信息的呈现方式较为混乱，缺乏逻辑上的连贯性和条理性。. 得分: 0","KPI查询泛化","","知识问答","final_state:
  evaluation:
    method: ICT_RAG","","","","","","","","","","","","","","","","","","","","","","用例执行过程出现异常，需复测 | Step2: session 异常信息：请求模型接口失败：【工具提示（非模型输出）】\n        调用模型接口错误:code:503, message:<!DOCTYPE html>\n<html xmlns:eview=""ignored"">\n\n<head>\n  <title></title>\n  <meta http-equiv=""Content-Type"" content=""text/html; charset=utf-8"" />\n  <meta http-equiv=""X-UA-Compatible"" content=""IE=edge,chrome=1"" />\n  \n  <link href=""/erservice/errors/main.css"" type=""text/css"" rel=""stylesheet"">\n</head>\n\n<body>\n  <div id=""pcsContainer"">\n  </div>\n  \n</body>\n<script type=""text/javascript"">\n    var error = '503';\n</script>\n<script src=""/erservice/errors/main.js""></script>\n</html>\n\n        ","信息量: 模型回答中没有提供任何关于RRC连接成功率以及上行流量的有效信息，因此信息量不足。. 得分: 0
正确性: 模型回答中提到的异常情况与参考答案不符，且未能提供任何有效信息，因此判断为错误。. 得分: 0
流畅性: 模型回答由于包含了HTML代码片段，导致整体阅读体验不佳，不够流畅。. 得分: 0
简洁性: 模型回答虽然简洁，但由于包含了大量无关的HTML代码，实际上并不简洁。. 得分: 0
结构化: 模型回答中包含了大量的HTML代码，格式混乱，难以阅读。. 得分: 0
逻辑性: 尽管模型回答中出现了异常信息，但这些信息的呈现方式较为混乱，缺乏逻辑上的连贯性和条理性。. 得分: 0","0","","","信息量: 模型回答中没有提供任何关于RRC连接成功率以及上行流量的有效信息，因此信息量不足。. 得分: 0
正确性: 模型回答中提到的异常情况与参考答案不符，且未能提供任何有效信息，因此判断为错误。. 得分: 0
流畅性: 模型回答由于包含了HTML代码片段，导致整体阅读体验不佳，不够流畅。. 得分: 0
简洁性: 模型回答虽然简洁，但由于包含了大量无关的HTML代码，实际上并不简洁。. 得分: 0
结构化: 模型回答中包含了大量的HTML代码，格式混乱，难以阅读。. 得分: 0
逻辑性: 尽管模型回答中出现了异常信息，但这些信息的呈现方式较为混乱，缺乏逻辑上的连贯性和条理性。. 得分: 0","","","","","","--","","","","","","","--","","","","0.00","失败"
"90","","","","","","","","","","TC00000091","查询深圳奥特莱斯D-HRH-1_1002150小区2026-05-21到2026-05-28日的上行PRB利用率以及下行上行PRB利用率，按天展示","","","深圳奥特莱斯D-HRH-1_1002150小区2026-05-21至2026-05-28日的PRB利用率查询结果如下：

**上行PRB利用率**
- 5月21日：12.01%
- 5月22日：12.01%
- 5月23日：12.01%
- 5月24日：12.01%
- 5月25日：12.01%

**下行PRB利用率**
- 5月21日：6.37%
- 5月22日：6.37%
- 5月23日：6.37%
- 5月24日：6.37%
- 5月25日：6.37%

查询期间该小区上行PRB利用率稳定在12.01%左右，下行PRB利用率稳定在6.37%左右。全量结果已保存至对应CSV文件。","","","","","","","","","MAE","","","","","","","","4K","","","","","","","","","","","","","","","","","","","","","","","","","","","","","","","","","5d40bb35-5c29-426d-a15e-e73257765b94","有效","单步","基础数据查询","工参查询","1","","85","1","工参查询","信息量: 模型回答未提供任何关于深圳奥特莱斯D-HRH-1_1002150小区2026-05-21到2026-05-28日的上行PRB利用率以及下行PRB利用率的信息，因此信息量严重不足。. 得分: 0
正确性: 模型回答与参考答案完全不符，且未提供任何有效信息，因此判断为错误。. 得分: 0
流畅性: 虽然模型回答中出现了HTML代码，但这不影响其文字部分的流畅性，但由于内容与问题无关，整体上不流畅。. 得分: 0
简洁性: 模型回答虽然简洁，但未能提供任何有效信息，因此在简洁性方面不加分。. 得分: 10
结构化: 模型回答中包含了HTML代码，格式混乱，难以阅读。. 得分: 0
逻辑性: 模型回答中提到的异常信息与问题无关，且未给出任何解决方案或替代信息，逻辑上不严密。. 得分: 0","KPI查询泛化","","知识问答","final_state:
  evaluation:
    method: ICT_RAG","","","","","","","","","","","","","","","","","","","","","","用例执行过程出现异常，需复测 | Step2: session 异常信息：请求模型接口失败：【工具提示（非模型输出）】\n        调用模型接口错误:code:503, message:<!DOCTYPE html>\n<html xmlns:eview=""ignored"">\n\n<head>\n  <title></title>\n  <meta http-equiv=""Content-Type"" content=""text/html; charset=utf-8"" />\n  <meta http-equiv=""X-UA-Compatible"" content=""IE=edge,chrome=1"" />\n  \n  <link href=""/erservice/errors/main.css"" type=""text/css"" rel=""stylesheet"">\n</head>\n\n<body>\n  <div id=""pcsContainer"">\n  </div>\n  \n</body>\n<script type=""text/javascript"">\n    var error = '503';\n</script>\n<script src=""/erservice/errors/main.js""></script>\n</html>\n\n        ","信息量: 模型回答未提供任何关于深圳奥特莱斯D-HRH-1_1002150小区2026-05-21到2026-05-28日的上行PRB利用率以及下行PRB利用率的信息，因此信息量严重不足。. 得分: 0
正确性: 模型回答与参考答案完全不符，且未提供任何有效信息，因此判断为错误。. 得分: 0
流畅性: 虽然模型回答中出现了HTML代码，但这不影响其文字部分的流畅性，但由于内容与问题无关，整体上不流畅。. 得分: 0
简洁性: 模型回答虽然简洁，但未能提供任何有效信息，因此在简洁性方面不加分。. 得分: 10
结构化: 模型回答中包含了HTML代码，格式混乱，难以阅读。. 得分: 0
逻辑性: 模型回答中提到的异常信息与问题无关，且未给出任何解决方案或替代信息，逻辑上不严密。. 得分: 0","0","","","信息量: 模型回答未提供任何关于深圳奥特莱斯D-HRH-1_1002150小区2026-05-21到2026-05-28日的上行PRB利用率以及下行PRB利用率的信息，因此信息量严重不足。. 得分: 0
正确性: 模型回答与参考答案完全不符，且未提供任何有效信息，因此判断为错误。. 得分: 0
流畅性: 虽然模型回答中出现了HTML代码，但这不影响其文字部分的流畅性，但由于内容与问题无关，整体上不流畅。. 得分: 0
简洁性: 模型回答虽然简洁，但未能提供任何有效信息，因此在简洁性方面不加分。. 得分: 10
结构化: 模型回答中包含了HTML代码，格式混乱，难以阅读。. 得分: 0
逻辑性: 模型回答中提到的异常信息与问题无关，且未给出任何解决方案或替代信息，逻辑上不严密。. 得分: 0","","","","","","--","","","","","","","--","","","","0.00","失败"
"91","","","","","","","","","","TC00000092","查询5G小区深圳大梅沙二[深圳大梅沙二D-HRH]C-HRH-1_1002153在2026-8-20 15:00:00到2026-8-20 18:00:00的用户上行平均吞吐率","","","查询到5G小区深圳大梅沙二[深圳大梅沙二D-HRH]C-HRH-1_1002153在2026-8-20 15:00:00到2026-8-20 18:00:00期间的平均上行速率数据，共12条记录（按15分钟粒度），前5条结果如下：
1. 15:00-15:15: 12.84 Mbps
2. 15:15-15:30: 14.60 Mbps
3. 15:30-15:45: 10.85 Mbps
4. 15:45-16:00: 18.56 Mbps
5. 16:00-16:15: 12.84 Mbps

全量结果已保存至CSV文件：dfs-unified-query/wireless/pm/pm_c4015be5-b810-4a08-97bb-b96aba0121ec.csv","","","","","","","","","MAE","","","","","","","","4K","","","","","","","","","","","","","","","","","","","","","","","","","","","","","","","","","2c719989-73d1-4738-977e-ca1b8f2ec82e","有效","单步","基础数据查询","工参查询","1","","86","1","工参查询","信息量: 模型回答未能提供任何与参考答案相关的信息，因此判断为有效信息不足。. 得分: 0
正确性: 模型回答与参考答案完全不符，且未能提供任何有效信息，因此判断为错误。. 得分: 0
流畅性: 模型回答虽然简短，但表达清晰，易于理解，因此判断为流畅。. 得分: 10
简洁性: 模型回答简洁，没有多余的内容，因此判断为简洁。. 得分: 10
结构化: 模型回答格式简单明了，易于阅读，因此判断为格式规范，易于阅读。. 得分: 10
逻辑性: 模型回答虽然未能提供有效信息，但其表述逻辑清晰，因此判断为逻辑严密。. 得分: 10","KPI查询泛化","","知识问答","final_state:
  evaluation:
    method: ICT_RAG","0:00:00.335000","","request-5a3608d2-08f5-4dc2-9329-1a07ba8692fd","2026-09-16T13:58:03.360Z","0:00:00.118000","session-43e4ef2d-125e-46a9-862b-b3b2f7bfeb9b","{'steps': ['skill_name not found']}","{'success': True, 'answer': 'Request failed: Gateway API error: 424 Failed Dependency - {""error_code"":""infers.5208"",""error_msg"":""The model is loading. Please try again later.""}\n', 'error': '', 'all_keys': [], 'request_id': 'request-5a3608d2-08f5-4dc2-9329-1a07ba8692fd'}","[{""output"":""[说明]右侧部分为完整轨迹信息，从AF容器日志中获取。记录了完整的 agentloop 信息"",""reference"":""无预期输出"",""result"":10,""input"":""[说明]左侧 step_x 为旧版轨迹信息，从AF后台接口获取。信息量不全，例如轨迹缺少了模型调用节点、缺少了工具调用的输入内容"",""extendAnswer"":[],""remark"":""只展示"",""type"":""完整轨迹信息""}]","2026-09-16 21:58:26","2026-09-16 21:58:33","6.45698144286871","6.45698144286871","0","0","0","0","6.45698144286871","695","278","107.6354","Request failed: Gateway API error: 424 Failed Dependency - {""error_code"":""infers.5208"",""error_msg"":""The model is loading. Please try again later.""}\n","信息量: 模型回答未能提供任何与参考答案相关的信息，因此判断为有效信息不足。. 得分: 0
正确性: 模型回答与参考答案完全不符，且未能提供任何有效信息，因此判断为错误。. 得分: 0
流畅性: 模型回答虽然简短，但表达清晰，易于理解，因此判断为流畅。. 得分: 10
简洁性: 模型回答简洁，没有多余的内容，因此判断为简洁。. 得分: 10
结构化: 模型回答格式简单明了，易于阅读，因此判断为格式规范，易于阅读。. 得分: 10
逻辑性: 模型回答虽然未能提供有效信息，但其表述逻辑清晰，因此判断为逻辑严密。. 得分: 10","2","","","信息量: 模型回答未能提供任何与参考答案相关的信息，因此判断为有效信息不足。. 得分: 0
正确性: 模型回答与参考答案完全不符，且未能提供任何有效信息，因此判断为错误。. 得分: 0
流畅性: 模型回答虽然简短，但表达清晰，易于理解，因此判断为流畅。. 得分: 10
简洁性: 模型回答简洁，没有多余的内容，因此判断为简洁。. 得分: 10
结构化: 模型回答格式简单明了，易于阅读，因此判断为格式规范，易于阅读。. 得分: 10
逻辑性: 模型回答虽然未能提供有效信息，但其表述逻辑清晰，因此判断为逻辑严密。. 得分: 10","","安全护栏","无预期输出","true","","10","只展示","{""evaluation"":{},""name"":""安全护栏"",""description"":"""",""type"":"""",""node_id"":""74vah2ue""}","[说明]左侧 step_x 为旧版轨迹信息，从AF后台接口获取。信息量不全，例如轨迹缺少了模型调用节点、缺少了工具调用的输入内容","无预期输出","[说明]右侧部分为完整轨迹信息，从AF容器日志中获取。记录了完整的 agentloop 信息","","10","只展示","{""evaluation"":{},""name"":""完整轨迹信息"",""description"":"""",""type"":"""",""node_id"":""e0w3au4w""}","","2.00","失败"
"92","","","","","","","","","","TC00000093","查询深圳梅沙海滨二（微小M）[深圳盐葵下角D-HRH]D-HRH-1_1002155小区、深圳奥特莱斯D-HRH-1_1002158小区、深圳大梅沙D-HRH-1_1002160小区2026-08的平均上行速率、上行低速占比","","","空","","","","","","","","","MAE","","","","","","","","4K","","","","","","","","","","","","","","","","","","","","","","","","","","","","","","","","","2757f199-acf7-4c49-9897-58f7235ba50f","有效","单步","基础数据查询","工参查询","1","","87","1","工参查询","信息量: 模型回答中没有提供任何关于查询结果的有效信息，仅提供了请求失败的错误代码和消息，因此信息量不足。. 得分: 0
正确性: 模型回答中提到请求失败，且错误代码和消息明确，但未能提供任何关于查询结果的信息，与参考答案中的`空`相符，但由于未能提供任何有效信息，因此不能视为正确。. 得分: 0
流畅性: 模型回答语言流畅，表达清晰，易于理解。. 得分: 10
简洁性: 模型回答简洁，没有多余的描述，直接指出了问题所在。. 得分: 10
结构化: 模型回答格式规范，易于阅读，没有格式上的问题。. 得分: 10
逻辑性: 模型回答中逻辑清晰，明确指出了请求失败的原因，逻辑上没有问题。. 得分: 10","KPI查询泛化","","知识问答","final_state:
  evaluation:
    method: ICT_RAG","0:00:00.366000","","request-b64e4b6c-ceea-4c92-bbd8-5d5ef9ef6e20","2026-09-16T13:58:12.236Z","0:00:00.116000","session-940f0afe-cd97-4ee5-96ae-0051fed16b14","{'steps': ['skill_name not found']}","{'success': True, 'answer': 'Request failed: Gateway API error: 424 Failed Dependency - {""error_code"":""infers.5208"",""error_msg"":""The model is loading. Please try again later.""}\n', 'error': '', 'all_keys': [], 'request_id': 'request-b64e4b6c-ceea-4c92-bbd8-5d5ef9ef6e20'}","[{""output"":""[说明]右侧部分为完整轨迹信息，从AF容器日志中获取。记录了完整的 agentloop 信息"",""reference"":""无预期输出"",""result"":10,""input"":""[说明]左侧 step_x 为旧版轨迹信息，从AF后台接口获取。信息量不全，例如轨迹缺少了模型调用节点、缺少了工具调用的输入内容"",""extendAnswer"":[],""remark"":""只展示"",""type"":""完整轨迹信息""}]","2026-09-16 21:58:35","2026-09-16 21:58:41","6.435462933033705","6.435462933033705","0","0","0","0","6.435462933033705","685","383","106.4414","Request failed: Gateway API error: 424 Failed Dependency - {""error_code"":""infers.5208"",""error_msg"":""The model is loading. Please try again later.""}\n","信息量: 模型回答中没有提供任何关于查询结果的有效信息，仅提供了请求失败的错误代码和消息，因此信息量不足。. 得分: 0
正确性: 模型回答中提到请求失败，且错误代码和消息明确，但未能提供任何关于查询结果的信息，与参考答案中的`空`相符，但由于未能提供任何有效信息，因此不能视为正确。. 得分: 0
流畅性: 模型回答语言流畅，表达清晰，易于理解。. 得分: 10
简洁性: 模型回答简洁，没有多余的描述，直接指出了问题所在。. 得分: 10
结构化: 模型回答格式规范，易于阅读，没有格式上的问题。. 得分: 10
逻辑性: 模型回答中逻辑清晰，明确指出了请求失败的原因，逻辑上没有问题。. 得分: 10","2","","","信息量: 模型回答中没有提供任何关于查询结果的有效信息，仅提供了请求失败的错误代码和消息，因此信息量不足。. 得分: 0
正确性: 模型回答中提到请求失败，且错误代码和消息明确，但未能提供任何关于查询结果的信息，与参考答案中的`空`相符，但由于未能提供任何有效信息，因此不能视为正确。. 得分: 0
流畅性: 模型回答语言流畅，表达清晰，易于理解。. 得分: 10
简洁性: 模型回答简洁，没有多余的描述，直接指出了问题所在。. 得分: 10
结构化: 模型回答格式规范，易于阅读，没有格式上的问题。. 得分: 10
逻辑性: 模型回答中逻辑清晰，明确指出了请求失败的原因，逻辑上没有问题。. 得分: 10","","安全护栏","无预期输出","true","","10","只展示","{""evaluation"":{},""name"":""安全护栏"",""description"":"""",""type"":"""",""node_id"":""97i9em3z""}","[说明]左侧 step_x 为旧版轨迹信息，从AF后台接口获取。信息量不全，例如轨迹缺少了模型调用节点、缺少了工具调用的输入内容","无预期输出","[说明]右侧部分为完整轨迹信息，从AF容器日志中获取。记录了完整的 agentloop 信息","","10","只展示","{""evaluation"":{},""name"":""完整轨迹信息"",""description"":"""",""type"":"""",""node_id"":""37crnh7i""}","","2.00","失败"
"93","","","","","","","","","","TC00000094","查询MBB_BTS59005G_150_170_12_158基站、MBB_BTS59005G_150_170_12_161基站的天线高度、经纬度信息以及机械下倾角","","","空","","","","","","","","","MAE","","","","","","","","4K","","","","","","","","","","","","","","","","","","","","","","","","","","","","","","","","","9264a880-25e9-46a1-8dbf-960fec672d08","有效","单步","基础数据查询","工参查询","1","","88","1","工参查询","信息量: 模型回答中没有提供任何有效的信息，仅报告了请求失败的原因，因此信息量不足。. 得分: 0
正确性: 模型回答未能提供任何关于基站天线高度、经纬度信息以及机械下倾角的具体数据，与参考答案一致，但因模型裁定为错误，故判断为错误。. 得分: 0
流畅性: 模型回答的语言表达清晰，易于理解，符合人类语言习惯。. 得分: 10
简洁性: 模型回答直接报告了请求失败的原因，没有多余的表述，表达简洁。. 得分: 10
结构化: 模型回答格式规范，易于阅读，没有格式上的混乱。. 得分: 10
逻辑性: 尽管模型回答未能提供所需信息，但其报告请求失败的原因逻辑上是连贯的，没有矛盾之处。. 得分: 10","KPI查询泛化","","知识问答","final_state:
  evaluation:
    method: ICT_RAG","0:00:00.320000","","request-712d3404-ec59-4461-9c09-aa39c73dacc9","2026-09-16T13:58:13.131Z","0:00:00.109000","session-b421b504-f0fd-4a26-b07b-9f3e69cf6191","{'steps': ['skill_name not found']}","{'success': True, 'answer': 'Request failed: Gateway API error: 424 Failed Dependency - {""error_code"":""infers.5208"",""error_msg"":""The model is loading. Please try again later.""}\n', 'error': '', 'all_keys': [], 'request_id': 'request-712d3404-ec59-4461-9c09-aa39c73dacc9'}","[{""output"":""[说明]右侧部分为完整轨迹信息，从AF容器日志中获取。记录了完整的 agentloop 信息"",""reference"":""无预期输出"",""result"":10,""input"":""[说明]左侧 step_x 为旧版轨迹信息，从AF后台接口获取。信息量不全，例如轨迹缺少了模型调用节点、缺少了工具调用的输入内容"",""extendAnswer"":[],""remark"":""只展示"",""type"":""完整轨迹信息""}]","2026-09-16 21:58:36","2026-09-16 21:58:42","6.523307576775551","6.523307576775551","0","0","0","0","6.523307576775551","683","251","104.7015","Request failed: Gateway API error: 424 Failed Dependency - {""error_code"":""infers.5208"",""error_msg"":""The model is loading. Please try again later.""}\n","信息量: 模型回答中没有提供任何有效的信息，仅报告了请求失败的原因，因此信息量不足。. 得分: 0
正确性: 模型回答未能提供任何关于基站天线高度、经纬度信息以及机械下倾角的具体数据，与参考答案一致，但因模型裁定为错误，故判断为错误。. 得分: 0
流畅性: 模型回答的语言表达清晰，易于理解，符合人类语言习惯。. 得分: 10
简洁性: 模型回答直接报告了请求失败的原因，没有多余的表述，表达简洁。. 得分: 10
结构化: 模型回答格式规范，易于阅读，没有格式上的混乱。. 得分: 10
逻辑性: 尽管模型回答未能提供所需信息，但其报告请求失败的原因逻辑上是连贯的，没有矛盾之处。. 得分: 10","2","","","信息量: 模型回答中没有提供任何有效的信息，仅报告了请求失败的原因，因此信息量不足。. 得分: 0
正确性: 模型回答未能提供任何关于基站天线高度、经纬度信息以及机械下倾角的具体数据，与参考答案一致，但因模型裁定为错误，故判断为错误。. 得分: 0
流畅性: 模型回答的语言表达清晰，易于理解，符合人类语言习惯。. 得分: 10
简洁性: 模型回答直接报告了请求失败的原因，没有多余的表述，表达简洁。. 得分: 10
结构化: 模型回答格式规范，易于阅读，没有格式上的混乱。. 得分: 10
逻辑性: 尽管模型回答未能提供所需信息，但其报告请求失败的原因逻辑上是连贯的，没有矛盾之处。. 得分: 10","","安全护栏","无预期输出","true","","10","只展示","{""evaluation"":{},""name"":""安全护栏"",""description"":"""",""type"":"""",""node_id"":""9bhz4ffe""}","[说明]左侧 step_x 为旧版轨迹信息，从AF后台接口获取。信息量不全，例如轨迹缺少了模型调用节点、缺少了工具调用的输入内容","无预期输出","[说明]右侧部分为完整轨迹信息，从AF容器日志中获取。记录了完整的 agentloop 信息","","10","只展示","{""evaluation"":{},""name"":""完整轨迹信息"",""description"":"""",""type"":"""",""node_id"":""l7b0ugql""}","","2.00","失败"
"94","","","","","","","","","","TC00000095","查询深圳大梅沙二D-HRH-1_1002157小区2026-07月的VONR掉话率以及NSA DC辅站站间同频变更成功率","","","深圳大梅沙二D-HRH-1_1002157小区2026年7月查询结果如下：

**1. VoNR掉话率**（共30条天粒度数据，覆盖7月全月，展示前5条）：
- 7月1日：0%
- 7月2日：0%
- 7月3日：0%
- 7月4日：0%
- 7月5日：0%

全量结果已保存至CSV文件：`dfs-unified-query/wireless/pm/pm_a5f6fa1f-8176-4dc3-996b-cf49e0cbf317.csv`

**2. NSA DC辅站站间同频变更成功率**（共30条天粒度数据，展示前5条）：
- 2026-07-01：1%
- 2026-07-02：1%
- 2026-07-03：1%
- 2026-07-04：1%
- 2026-07-05：1%

全量结果已保存至CSV文件：`dfs-unified-query/wireless/pm/pm_e38c9018-bbd8-49ab-b367-6c0f4534a257.csv`","","","","","","","","","MAE","","","","","","","","4K","","","","","","","","","","","","","","","","","","","","","","","","","","","","","","","","","841b4277-9e48-4c9c-88af-4dcb250efdaf","有效","单步","基础数据查询","工参查询","1","","89","1","工参查询","信息量: 模型回答未能提供任何与参考答案相关的信息，因此信息量不足。. 得分: 0
正确性: 模型回答与参考答案完全不符，且未能提供任何有效信息，因此应判定为错误。. 得分: 0
流畅性: 模型回答虽然简短，但清晰表达了请求失败的情况，符合流畅性的要求。. 得分: 10
简洁性: 模型回答直接指出了请求失败的原因，没有多余的描述，符合简洁性的要求。. 得分: 10
结构化: 模型回答简洁明了，格式规范，易于阅读。. 得分: 10
逻辑性: 模型回答虽然表述了请求失败的原因，但与问题无关，逻辑上并不适用于问题本身。. 得分: 0","KPI查询泛化","","知识问答","final_state:
  evaluation:
    method: ICT_RAG","0:00:00.321000","","request-95f52295-d969-47ca-9584-7c4194f8e550","2026-09-16T13:58:23.244Z","0:00:00.122000","session-4b0cbecf-acd4-46a1-9fab-8120bd69b486","{'steps': ['skill_name not found']}","{'success': True, 'answer': 'Request failed: Gateway API error: 424 Failed Dependency - {""error_code"":""infers.5208"",""error_msg"":""The model is loading. Please try again later.""}\n', 'error': '', 'all_keys': [], 'request_id': 'request-95f52295-d969-47ca-9584-7c4194f8e550'}","[{""output"":""[说明]右侧部分为完整轨迹信息，从AF容器日志中获取。记录了完整的 agentloop 信息"",""reference"":""无预期输出"",""result"":10,""input"":""[说明]左侧 step_x 为旧版轨迹信息，从AF后台接口获取。信息量不全，例如轨迹缺少了模型调用节点、缺少了工具调用的输入内容"",""extendAnswer"":[],""remark"":""只展示"",""type"":""完整轨迹信息""}]","2026-09-16 21:58:46","2026-09-16 21:58:52","6.474378447979689","6.474378447979689","0","0","0","0","6.474378447979689","669","244","103.3304","Request failed: Gateway API error: 424 Failed Dependency - {""error_code"":""infers.5208"",""error_msg"":""The model is loading. Please try again later.""}\n","信息量: 模型回答未能提供任何与参考答案相关的信息，因此信息量不足。. 得分: 0
正确性: 模型回答与参考答案完全不符，且未能提供任何有效信息，因此应判定为错误。. 得分: 0
流畅性: 模型回答虽然简短，但清晰表达了请求失败的情况，符合流畅性的要求。. 得分: 10
简洁性: 模型回答直接指出了请求失败的原因，没有多余的描述，符合简洁性的要求。. 得分: 10
结构化: 模型回答简洁明了，格式规范，易于阅读。. 得分: 10
逻辑性: 模型回答虽然表述了请求失败的原因，但与问题无关，逻辑上并不适用于问题本身。. 得分: 0","1","","","信息量: 模型回答未能提供任何与参考答案相关的信息，因此信息量不足。. 得分: 0
正确性: 模型回答与参考答案完全不符，且未能提供任何有效信息，因此应判定为错误。. 得分: 0
流畅性: 模型回答虽然简短，但清晰表达了请求失败的情况，符合流畅性的要求。. 得分: 10
简洁性: 模型回答直接指出了请求失败的原因，没有多余的描述，符合简洁性的要求。. 得分: 10
结构化: 模型回答简洁明了，格式规范，易于阅读。. 得分: 10
逻辑性: 模型回答虽然表述了请求失败的原因，但与问题无关，逻辑上并不适用于问题本身。. 得分: 0","","安全护栏","无预期输出","true","","10","只展示","{""evaluation"":{},""name"":""安全护栏"",""description"":"""",""type"":"""",""node_id"":""txny800y""}","[说明]左侧 step_x 为旧版轨迹信息，从AF后台接口获取。信息量不全，例如轨迹缺少了模型调用节点、缺少了工具调用的输入内容","无预期输出","[说明]右侧部分为完整轨迹信息，从AF容器日志中获取。记录了完整的 agentloop 信息","","10","只展示","{""evaluation"":{},""name"":""完整轨迹信息"",""description"":"""",""type"":"""",""node_id"":""src0f6bi""}","","1.00","失败"
"95","","","","","","","","","","TC00000096","查询apotest-wt区域内2026-07-20 09:00:00到2026-07-20 21:00:00 VONR话务量TOP3的5G小区","","","空","","","","","","","","","MAE","","","","","","","","4K","","","","","","","","","","","","","","","","","","","","","","","","","","","","","","","","","f56689e8-10f5-47ec-871b-28b7b66ed531","有效","单步","基础数据查询","工参查询","1","","90","1","工参查询","信息量: 模型回答未能提供任何关于查询apotest-wt区域内2026-07-20 09:00:00到2026-07-20 21:00:00 VONR话务量TOP3的5G小区的信息，有效信息不足。. 得分: 0
正确性: 模型回答与参考答案不符，且提供的信息表明请求失败，因此不正确。. 得分: 0
流畅性: 模型回答虽然表述了请求失败的情况，但未能提供解决问题的方法或进一步的信息，影响了整体的流畅性。. 得分: 0
简洁性: 模型回答简洁，直接指出了请求失败的情况，没有多余的描述。. 得分: 10
结构化: 模型回答格式较为规范，易于阅读，但由于内容上的缺失，影响了整体的结构化效果。. 得分: 10
逻辑性: 尽管模型回答中提到请求失败的原因，但这一信息与问题要求无关，逻辑上未能直接回应问题。. 得分: 0","KPI查询泛化","","知识问答","final_state:
  evaluation:
    method: ICT_RAG","0:00:00.359000","","request-4449b4c8-e950-44e3-ba09-c704b3ea9c11","2026-09-16T13:58:23.544Z","0:00:00.112000","session-747a2e31-7abd-41c4-99f5-0a6efa49a606","{'steps': ['skill_name not found']}","{'success': True, 'answer': 'Request failed: Gateway API error: 424 Failed Dependency - {""error_code"":""infers.5208"",""error_msg"":""The model is loading. Please try again later.""}\n', 'error': '', 'all_keys': [], 'request_id': 'request-4449b4c8-e950-44e3-ba09-c704b3ea9c11'}","[{""output"":""[说明]右侧部分为完整轨迹信息，从AF容器日志中获取。记录了完整的 agentloop 信息"",""reference"":""无预期输出"",""result"":10,""input"":""[说明]左侧 step_x 为旧版轨迹信息，从AF后台接口获取。信息量不全，例如轨迹缺少了模型调用节点、缺少了工具调用的输入内容"",""extendAnswer"":[],""remark"":""只展示"",""type"":""完整轨迹信息""}]","2026-09-16 21:58:46","2026-09-16 21:58:53","6.492214269936085","6.492214269936085","0","0","0","0","6.492214269936085","676","196","104.1247","Request failed: Gateway API error: 424 Failed Dependency - {""error_code"":""infers.5208"",""error_msg"":""The model is loading. Please try again later.""}\n","信息量: 模型回答未能提供任何关于查询apotest-wt区域内2026-07-20 09:00:00到2026-07-20 21:00:00 VONR话务量TOP3的5G小区的信息，有效信息不足。. 得分: 0
正确性: 模型回答与参考答案不符，且提供的信息表明请求失败，因此不正确。. 得分: 0
流畅性: 模型回答虽然表述了请求失败的情况，但未能提供解决问题的方法或进一步的信息，影响了整体的流畅性。. 得分: 0
简洁性: 模型回答简洁，直接指出了请求失败的情况，没有多余的描述。. 得分: 10
结构化: 模型回答格式较为规范，易于阅读，但由于内容上的缺失，影响了整体的结构化效果。. 得分: 10
逻辑性: 尽管模型回答中提到请求失败的原因，但这一信息与问题要求无关，逻辑上未能直接回应问题。. 得分: 0","1","","","信息量: 模型回答未能提供任何关于查询apotest-wt区域内2026-07-20 09:00:00到2026-07-20 21:00:00 VONR话务量TOP3的5G小区的信息，有效信息不足。. 得分: 0
正确性: 模型回答与参考答案不符，且提供的信息表明请求失败，因此不正确。. 得分: 0
流畅性: 模型回答虽然表述了请求失败的情况，但未能提供解决问题的方法或进一步的信息，影响了整体的流畅性。. 得分: 0
简洁性: 模型回答简洁，直接指出了请求失败的情况，没有多余的描述。. 得分: 10
结构化: 模型回答格式较为规范，易于阅读，但由于内容上的缺失，影响了整体的结构化效果。. 得分: 10
逻辑性: 尽管模型回答中提到请求失败的原因，但这一信息与问题要求无关，逻辑上未能直接回应问题。. 得分: 0","","安全护栏","无预期输出","true","","10","只展示","{""evaluation"":{},""name"":""安全护栏"",""description"":"""",""type"":"""",""node_id"":""rqc0lmy2""}","[说明]左侧 step_x 为旧版轨迹信息，从AF后台接口获取。信息量不全，例如轨迹缺少了模型调用节点、缺少了工具调用的输入内容","无预期输出","[说明]右侧部分为完整轨迹信息，从AF容器日志中获取。记录了完整的 agentloop 信息","","10","只展示","{""evaluation"":{},""name"":""完整轨迹信息"",""description"":"""",""type"":"""",""node_id"":""v95w1tbr""}","","1.00","失败"
"96","","","","","","","","","","TC00000097","查询testIntentAuto区域和交通枢纽区域2026-6-30到2026-07-02的QoSFlow释放次数和EPSFB成功率","","","空","","","","","","","","","MAE","","","","","","","","4K","","","","","","","","","","","","","","","","","","","","","","","","","","","","","","","","","67aba73a-4cf4-4f8b-996b-71b9c7fa5cb7","有效","单步","基础数据查询","工参查询","1","","91","1","工参查询","信息量: 模型回答中没有提供任何与问题相关的有效信息，因此信息量不足。. 得分: 0
正确性: 模型回答未能提供任何与问题相关的信息，且报告了技术错误，因此不符合参考答案的要求。. 得分: 0
流畅性: 模型回答的语言表达是流畅的，但由于内容上的技术错误，影响了整体的流畅性。. 得分: 10
简洁性: 模型回答简洁，没有多余的表述。. 得分: 10
结构化: 模型回答的格式是规范的，易于阅读。. 得分: 10
逻辑性: 尽管模型回答中出现了技术错误，但其逻辑结构是清晰的，只是内容上未能解决问题。. 得分: 10","KPI查询泛化","","知识问答","final_state:
  evaluation:
    method: ICT_RAG","0:00:00.402000","","request-b429427b-6f62-48c8-939b-a7708da37eaf","2026-09-16T13:58:32.726Z","0:00:00.162000","session-6fe37336-00db-420d-b6b3-9eede20ed329","{'steps': ['skill_name not found']}","{'success': True, 'answer': 'Request failed: Gateway API error: 424 Failed Dependency - {""error_code"":""infers.5208"",""error_msg"":""The model is loading. Please try again later.""}\n', 'error': '', 'all_keys': [], 'request_id': 'request-b429427b-6f62-48c8-939b-a7708da37eaf'}","[{""output"":""[说明]右侧部分为完整轨迹信息，从AF容器日志中获取。记录了完整的 agentloop 信息"",""reference"":""无预期输出"",""result"":10,""input"":""[说明]左侧 step_x 为旧版轨迹信息，从AF后台接口获取。信息量不全，例如轨迹缺少了模型调用节点、缺少了工具调用的输入内容"",""extendAnswer"":[],""remark"":""只展示"",""type"":""完整轨迹信息""}]","2026-09-16 21:58:55","2026-09-16 21:59:02","6.5659576542675495","6.5659576542675495","0","0","0","0","6.5659576542675495","656","214","99.9093","Request failed: Gateway API error: 424 Failed Dependency - {""error_code"":""infers.5208"",""error_msg"":""The model is loading. Please try again later.""}\n","信息量: 模型回答中没有提供任何与问题相关的有效信息，因此信息量不足。. 得分: 0
正确性: 模型回答未能提供任何与问题相关的信息，且报告了技术错误，因此不符合参考答案的要求。. 得分: 0
流畅性: 模型回答的语言表达是流畅的，但由于内容上的技术错误，影响了整体的流畅性。. 得分: 10
简洁性: 模型回答简洁，没有多余的表述。. 得分: 10
结构化: 模型回答的格式是规范的，易于阅读。. 得分: 10
逻辑性: 尽管模型回答中出现了技术错误，但其逻辑结构是清晰的，只是内容上未能解决问题。. 得分: 10","2","","","信息量: 模型回答中没有提供任何与问题相关的有效信息，因此信息量不足。. 得分: 0
正确性: 模型回答未能提供任何与问题相关的信息，且报告了技术错误，因此不符合参考答案的要求。. 得分: 0
流畅性: 模型回答的语言表达是流畅的，但由于内容上的技术错误，影响了整体的流畅性。. 得分: 10
简洁性: 模型回答简洁，没有多余的表述。. 得分: 10
结构化: 模型回答的格式是规范的，易于阅读。. 得分: 10
逻辑性: 尽管模型回答中出现了技术错误，但其逻辑结构是清晰的，只是内容上未能解决问题。. 得分: 10","","安全护栏","无预期输出","true","","10","只展示","{""evaluation"":{},""name"":""安全护栏"",""description"":"""",""type"":"""",""node_id"":""1t2rrnxg""}","[说明]左侧 step_x 为旧版轨迹信息，从AF后台接口获取。信息量不全，例如轨迹缺少了模型调用节点、缺少了工具调用的输入内容","无预期输出","[说明]右侧部分为完整轨迹信息，从AF容器日志中获取。记录了完整的 agentloop 信息","","10","只展示","{""evaluation"":{},""name"":""完整轨迹信息"",""description"":"""",""type"":"""",""node_id"":""q0vrjm8d""}","","2.00","失败"
"97","","","","","","","","","","TC00000098","查询深圳奥特莱斯D-HRH-1_1002102小区、深圳奥特莱斯D-HRH-2_1002102小区2026-07-01的上行低速占比和下行低速占比，每15分钟查询一次","","","已查询深圳奥特莱斯D-HRH-1_1002102小区和深圳奥特莱斯D-HRH-2_1002102小区在2026-07-01的上行低速占比和下行低速占比（每15分钟粒度），共找到190条性能数据。

前5条结果展示：
1. 2026-07-01 00:00:00-00:15:00：深圳奥特莱斯D-HRH-1_1002102上行低速占比为NaN，下行低速占比为99.87%；深圳奥特莱斯D-HRH-2_1002102上行低速占比为NaN，下行低速占比为99.41%。
2. 2026-07-01 00:15:00-00:30:00：深圳奥特莱斯D-HRH-2_1002102上行低速占比为NaN，下行低速占比为98.96%；深圳奥特莱斯D-HRH-1_1002102上行低速占比为NaN，下行低速占比为100%。
3. 2026-07-01 00:30:00-00:45:00：深圳奥特莱斯D-HRH-2_1002102上行低速占比为NaN，下行低速占比为99.31%。

全量结果已保存至CSV文件：dfs-unified-query/wireless/pm/pm_b13ed27b-7f32-4450-b955-e443db76e2d4.csv。","","","","","","","","","MAE","","","","","","","","4K","","","","","","","","","","","","","","","","","","","","","","","","","","","","","","","","","f55014f3-040e-4138-b64c-1c33cc3f5334","有效","单步","基础数据查询","工参查询","1","","92","1","工参查询","信息量: 模型回答中没有任何与参考答案相关的信息，因此有效信息不足。. 得分: 0
正确性: 模型回答未能提供任何关于查询深圳奥特莱斯D-HRH-1_1002102小区和深圳奥特莱斯D-HRH-2_1002102小区2026-07-01的上行低速占比和下行低速占比的信息，因此是错误的。. 得分: 0
流畅性: 模型回答虽然简短，但措辞清晰，易于理解，因此是流畅的。. 得分: 10
简洁性: 模型回答直接报告了错误，没有多余的描述，因此是简洁的。. 得分: 10
结构化: 模型回答格式简单明了，易于阅读，因此格式规范，易于阅读。. 得分: 10
逻辑性: 模型回答直接报告了一个错误消息，没有提供进一步的解释或解决方案，逻辑上是严密的，因为它直接反映了请求失败的情况。. 得分: 10","KPI查询泛化","","知识问答","final_state:
  evaluation:
    method: ICT_RAG","0:00:00.506000","","request-2280a327-1a88-4594-aa75-9e735d19f72e","2026-09-16T13:58:33.026Z","0:00:00.183000","session-35d0aafe-91e0-4b03-a298-f0be5a553c84","{'steps': ['skill_name not found']}","{'success': True, 'answer': 'Request failed: Gateway API error: 424 Failed Dependency - {""error_code"":""infers.5208"",""error_msg"":""The model is loading. Please try again later.""}\n', 'error': '', 'all_keys': [], 'request_id': 'request-2280a327-1a88-4594-aa75-9e735d19f72e'}","[{""output"":""[说明]右侧部分为完整轨迹信息，从AF容器日志中获取。记录了完整的 agentloop 信息"",""reference"":""无预期输出"",""result"":10,""input"":""[说明]左侧 step_x 为旧版轨迹信息，从AF后台接口获取。信息量不全，例如轨迹缺少了模型调用节点、缺少了工具调用的输入内容"",""extendAnswer"":[],""remark"":""只展示"",""type"":""完整轨迹信息""}]","2026-09-16 21:58:56","2026-09-16 21:59:02","6.752047270536423","6.752047270536423","0","0","0","0","6.752047270536423","701","319","103.8204","Request failed: Gateway API error: 424 Failed Dependency - {""error_code"":""infers.5208"",""error_msg"":""The model is loading. Please try again later.""}\n","信息量: 模型回答中没有任何与参考答案相关的信息，因此有效信息不足。. 得分: 0
正确性: 模型回答未能提供任何关于查询深圳奥特莱斯D-HRH-1_1002102小区和深圳奥特莱斯D-HRH-2_1002102小区2026-07-01的上行低速占比和下行低速占比的信息，因此是错误的。. 得分: 0
流畅性: 模型回答虽然简短，但措辞清晰，易于理解，因此是流畅的。. 得分: 10
简洁性: 模型回答直接报告了错误，没有多余的描述，因此是简洁的。. 得分: 10
结构化: 模型回答格式简单明了，易于阅读，因此格式规范，易于阅读。. 得分: 10
逻辑性: 模型回答直接报告了一个错误消息，没有提供进一步的解释或解决方案，逻辑上是严密的，因为它直接反映了请求失败的情况。. 得分: 10","2","","","信息量: 模型回答中没有任何与参考答案相关的信息，因此有效信息不足。. 得分: 0
正确性: 模型回答未能提供任何关于查询深圳奥特莱斯D-HRH-1_1002102小区和深圳奥特莱斯D-HRH-2_1002102小区2026-07-01的上行低速占比和下行低速占比的信息，因此是错误的。. 得分: 0
流畅性: 模型回答虽然简短，但措辞清晰，易于理解，因此是流畅的。. 得分: 10
简洁性: 模型回答直接报告了错误，没有多余的描述，因此是简洁的。. 得分: 10
结构化: 模型回答格式简单明了，易于阅读，因此格式规范，易于阅读。. 得分: 10
逻辑性: 模型回答直接报告了一个错误消息，没有提供进一步的解释或解决方案，逻辑上是严密的，因为它直接反映了请求失败的情况。. 得分: 10","","安全护栏","无预期输出","true","","10","只展示","{""evaluation"":{},""name"":""安全护栏"",""description"":"""",""type"":"""",""node_id"":""4jb0dx9l""}","[说明]左侧 step_x 为旧版轨迹信息，从AF后台接口获取。信息量不全，例如轨迹缺少了模型调用节点、缺少了工具调用的输入内容","无预期输出","[说明]右侧部分为完整轨迹信息，从AF容器日志中获取。记录了完整的 agentloop 信息","","10","只展示","{""evaluation"":{},""name"":""完整轨迹信息"",""description"":"""",""type"":"""",""node_id"":""oxhiof6n""}","","2.00","失败"
"98","","","","","","","","","","TC00000099","查询深圳大梅沙二D-HRH-1_1002173小区2026-06-01 05:00:00到2026-06-08 05:00:00 的平均下行速率和平均上行速率，每1h查询一次","","","空","","","","","","","","","MAE","","","","","","","","4K","","","","","","","","","","","","","","","","","","","","","","","","","","","","","","","","","b35c3801-e261-4d7c-a328-5d2e1e8a2c82","有效","单步","基础数据查询","工参查询","1","","93","1","工参查询","信息量: 模型回答提供了错误的具体原因，但未能提供任何关于查询结果的信息，因此信息量不足。. 得分: 0
正确性: 模型回答中提到请求失败，并给出了具体的错误代码和消息，这与参考答案为空的情况不符，因此判断为错误。. 得分: 0
流畅性: 模型回答语言流畅，易于理解，没有复杂的句子结构。. 得分: 10
简洁性: 模型回答简洁明了，没有多余的描述。. 得分: 10
结构化: 模型回答格式规范，易于阅读，没有格式上的混乱。. 得分: 10
逻辑性: 模型回答逻辑上是连贯的，它清楚地指出了请求失败的原因，因此逻辑严密。. 得分: 10","KPI查询泛化","","知识问答","final_state:
  evaluation:
    method: ICT_RAG","0:00:00.466000","","request-9b0fee4c-6542-4c60-83b7-5458ed96da24","2026-09-16T13:58:33.363Z","0:00:00.178000","session-0bcb176c-539d-4a6b-91a1-2fb08e1dd901","{'steps': ['skill_name not found']}","{'success': True, 'answer': 'Request failed: Gateway API error: 424 Failed Dependency - {""error_code"":""infers.5208"",""error_msg"":""The model is loading. Please try again later.""}\n', 'error': '', 'all_keys': [], 'request_id': 'request-9b0fee4c-6542-4c60-83b7-5458ed96da24'}","[{""output"":""[说明]右侧部分为完整轨迹信息，从AF容器日志中获取。记录了完整的 agentloop 信息"",""reference"":""无预期输出"",""result"":10,""input"":""[说明]左侧 step_x 为旧版轨迹信息，从AF后台接口获取。信息量不全，例如轨迹缺少了模型调用节点、缺少了工具调用的输入内容"",""extendAnswer"":[],""remark"":""只展示"",""type"":""完整轨迹信息""}]","2026-09-16 21:58:56","2026-09-16 21:59:03","6.723673310130835","6.723673310130835","0","0","0","0","6.723673310130835","694","294","103.2174","Request failed: Gateway API error: 424 Failed Dependency - {""error_code"":""infers.5208"",""error_msg"":""The model is loading. Please try again later.""}\n","信息量: 模型回答提供了错误的具体原因，但未能提供任何关于查询结果的信息，因此信息量不足。. 得分: 0
正确性: 模型回答中提到请求失败，并给出了具体的错误代码和消息，这与参考答案为空的情况不符，因此判断为错误。. 得分: 0
流畅性: 模型回答语言流畅，易于理解，没有复杂的句子结构。. 得分: 10
简洁性: 模型回答简洁明了，没有多余的描述。. 得分: 10
结构化: 模型回答格式规范，易于阅读，没有格式上的混乱。. 得分: 10
逻辑性: 模型回答逻辑上是连贯的，它清楚地指出了请求失败的原因，因此逻辑严密。. 得分: 10","2","","","信息量: 模型回答提供了错误的具体原因，但未能提供任何关于查询结果的信息，因此信息量不足。. 得分: 0
正确性: 模型回答中提到请求失败，并给出了具体的错误代码和消息，这与参考答案为空的情况不符，因此判断为错误。. 得分: 0
流畅性: 模型回答语言流畅，易于理解，没有复杂的句子结构。. 得分: 10
简洁性: 模型回答简洁明了，没有多余的描述。. 得分: 10
结构化: 模型回答格式规范，易于阅读，没有格式上的混乱。. 得分: 10
逻辑性: 模型回答逻辑上是连贯的，它清楚地指出了请求失败的原因，因此逻辑严密。. 得分: 10","","安全护栏","无预期输出","true","","10","只展示","{""evaluation"":{},""name"":""安全护栏"",""description"":"""",""type"":"""",""node_id"":""727eyvs8""}","[说明]左侧 step_x 为旧版轨迹信息，从AF后台接口获取。信息量不全，例如轨迹缺少了模型调用节点、缺少了工具调用的输入内容","无预期输出","[说明]右侧部分为完整轨迹信息，从AF容器日志中获取。记录了完整的 agentloop 信息","","10","只展示","{""evaluation"":{},""name"":""完整轨迹信息"",""description"":"""",""type"":"""",""node_id"":""t97m4x91""}","","2.00","失败"
"99","","","","","","","","","","TC00000100","查询深圳大梅沙二[深圳大梅沙二D-HRH]C-HRH-3_1003893、深圳奥特莱斯D-HRH-1_1003894、深圳梅沙梅沙海滨二（微小M）[深圳盐葵下角D-HRH]D-HRH-1_1003895小区上行平均吞吐率最小的小区","","","空","","","","","","","","","MAE","","","","","","","","4K","","","","","","","","","","","","","","","","","","","","","","","","","","","","","","","","","7ba39513-397c-4e26-99eb-53cb371f2358","有效","单步","基础数据查询","工参查询","1","","94","1","工参查询","信息量: 模型回答中没有提供任何有效信息，仅报告了API错误，因此有效信息不足。. 得分: 0
正确性: 模型回答中没有提供任何关于深圳大梅沙二、深圳奥特莱斯、深圳梅沙梅沙海滨二上行平均吞吐率最小的小区的信息，且报告了API错误，因此不正确。. 得分: 0
流畅性: 模型回答虽然简短，但清晰地报告了错误，符合人类语言习惯。. 得分: 10
简洁性: 模型回答简洁，没有冗余信息。. 得分: 10
结构化: 模型回答格式规范，易于阅读，尽管内容仅为错误报告。. 得分: 10
逻辑性: 模型回答直接报告了API错误，没有尝试提供任何解决方案或额外信息，逻辑上是清晰的。. 得分: 10","KPI查询泛化","","知识问答","final_state:
  evaluation:
    method: ICT_RAG","0:00:00.396000","","request-0b41e997-ba58-4da1-b706-429eeb8e7eb4","2026-09-16T13:59:03.880Z","0:00:00.166000","session-3d39d52c-d709-4044-b98d-512603dfccdf","{'steps': ['skill_name not found']}","{'success': True, 'answer': 'Request failed: Gateway API error: 424 Failed Dependency - {""error_code"":""infers.5208"",""error_msg"":""The model is loading. Please try again later.""}\n', 'error': '', 'all_keys': [], 'request_id': 'request-0b41e997-ba58-4da1-b706-429eeb8e7eb4'}","[{""output"":""[说明]右侧部分为完整轨迹信息，从AF容器日志中获取。记录了完整的 agentloop 信息"",""reference"":""无预期输出"",""result"":10,""input"":""[说明]左侧 step_x 为旧版轨迹信息，从AF后台接口获取。信息量不全，例如轨迹缺少了模型调用节点、缺少了工具调用的输入内容"",""extendAnswer"":[],""remark"":""只展示"",""type"":""完整轨迹信息""}]","2026-09-16 21:59:26","2026-09-16 21:59:33","6.497235670685768","6.497235670685768","0","0","0","0","6.497235670685768","697","399","107.2764","Request failed: Gateway API error: 424 Failed Dependency - {""error_code"":""infers.5208"",""error_msg"":""The model is loading. Please try again later.""}\n","信息量: 模型回答中没有提供任何有效信息，仅报告了API错误，因此有效信息不足。. 得分: 0
正确性: 模型回答中没有提供任何关于深圳大梅沙二、深圳奥特莱斯、深圳梅沙梅沙海滨二上行平均吞吐率最小的小区的信息，且报告了API错误，因此不正确。. 得分: 0
流畅性: 模型回答虽然简短，但清晰地报告了错误，符合人类语言习惯。. 得分: 10
简洁性: 模型回答简洁，没有冗余信息。. 得分: 10
结构化: 模型回答格式规范，易于阅读，尽管内容仅为错误报告。. 得分: 10
逻辑性: 模型回答直接报告了API错误，没有尝试提供任何解决方案或额外信息，逻辑上是清晰的。. 得分: 10","2","","","信息量: 模型回答中没有提供任何有效信息，仅报告了API错误，因此有效信息不足。. 得分: 0
正确性: 模型回答中没有提供任何关于深圳大梅沙二、深圳奥特莱斯、深圳梅沙梅沙海滨二上行平均吞吐率最小的小区的信息，且报告了API错误，因此不正确。. 得分: 0
流畅性: 模型回答虽然简短，但清晰地报告了错误，符合人类语言习惯。. 得分: 10
简洁性: 模型回答简洁，没有冗余信息。. 得分: 10
结构化: 模型回答格式规范，易于阅读，尽管内容仅为错误报告。. 得分: 10
逻辑性: 模型回答直接报告了API错误，没有尝试提供任何解决方案或额外信息，逻辑上是清晰的。. 得分: 10","","安全护栏","无预期输出","true","","10","只展示","{""evaluation"":{},""name"":""安全护栏"",""description"":"""",""type"":"""",""node_id"":""is1b7ppw""}","[说明]左侧 step_x 为旧版轨迹信息，从AF后台接口获取。信息量不全，例如轨迹缺少了模型调用节点、缺少了工具调用的输入内容","无预期输出","[说明]右侧部分为完整轨迹信息，从AF容器日志中获取。记录了完整的 agentloop 信息","","10","只展示","{""evaluation"":{},""name"":""完整轨迹信息"",""description"":"""",""type"":"""",""node_id"":""totks5ss""}","","2.00","失败"
"100","","","","","","","","","","TC00000101","A001有什么告警？","","","空","","","","","","","","","MAE","","","","","","","","4K","","","","","","","","","","","","","","","","","","","","","","","","","","","","","","","","","d1c3bc12-2623-4643-98a1-7954cdcb137d","有效","单步","基础数据查询","告警查询","1","","95","1","告警查询","信息量: 模型回答未能提供任何关于A001告警的信息，因此信息量为有效信息不足。. 得分: 0
正确性: 模型回答与参考答案不符，且提供的信息与问题无关，因此正确性为错误。. 得分: 0
流畅性: 模型回答的语言表达清晰，易于理解。. 得分: 10
简洁性: 模型回答直接指出了请求失败的原因，没有多余的表述。. 得分: 10
结构化: 模型回答格式规范，易于阅读。. 得分: 10
逻辑性: 尽管模型回答与问题无关，但其内部逻辑是连贯的，因为它解释了请求失败的原因。. 得分: 10","","","知识问答","final_state:
  evaluation:
    method: ICT_RAG","0:00:00.358000","","request-d5abf365-167a-4a50-a9fb-ad1736cb4161","2026-09-16T13:59:12.703Z","0:00:00.185000","session-373c95df-d623-4f41-b72f-3baeca50a18a","{'steps': ['skill_name not found']}","{'success': True, 'answer': 'Request failed: Gateway API error: 424 Failed Dependency - {""error_code"":""infers.5208"",""error_msg"":""The model is loading. Please try again later.""}\n', 'error': '', 'all_keys': [], 'request_id': 'request-d5abf365-167a-4a50-a9fb-ad1736cb4161'}","[{""output"":""[说明]右侧部分为完整轨迹信息，从AF容器日志中获取。记录了完整的 agentloop 信息"",""reference"":""无预期输出"",""result"":10,""input"":""[说明]左侧 step_x 为旧版轨迹信息，从AF后台接口获取。信息量不全，例如轨迹缺少了模型调用节点、缺少了工具调用的输入内容"",""extendAnswer"":[],""remark"":""只展示"",""type"":""完整轨迹信息""}]","2026-09-16 21:59:35","2026-09-16 21:59:42","6.485512267798185","6.485512267798185","0","0","0","0","6.485512267798185","608","118","93.7474","Request failed: Gateway API error: 424 Failed Dependency - {""error_code"":""infers.5208"",""error_msg"":""The model is loading. Please try again later.""}\n","信息量: 模型回答未能提供任何关于A001告警的信息，因此信息量为有效信息不足。. 得分: 0
正确性: 模型回答与参考答案不符，且提供的信息与问题无关，因此正确性为错误。. 得分: 0
流畅性: 模型回答的语言表达清晰，易于理解。. 得分: 10
简洁性: 模型回答直接指出了请求失败的原因，没有多余的表述。. 得分: 10
结构化: 模型回答格式规范，易于阅读。. 得分: 10
逻辑性: 尽管模型回答与问题无关，但其内部逻辑是连贯的，因为它解释了请求失败的原因。. 得分: 10","2","","","信息量: 模型回答未能提供任何关于A001告警的信息，因此信息量为有效信息不足。. 得分: 0
正确性: 模型回答与参考答案不符，且提供的信息与问题无关，因此正确性为错误。. 得分: 0
流畅性: 模型回答的语言表达清晰，易于理解。. 得分: 10
简洁性: 模型回答直接指出了请求失败的原因，没有多余的表述。. 得分: 10
结构化: 模型回答格式规范，易于阅读。. 得分: 10
逻辑性: 尽管模型回答与问题无关，但其内部逻辑是连贯的，因为它解释了请求失败的原因。. 得分: 10","","安全护栏","无预期输出","true","","10","只展示","{""evaluation"":{},""name"":""安全护栏"",""description"":"""",""type"":"""",""node_id"":""k0bxpdsj""}","[说明]左侧 step_x 为旧版轨迹信息，从AF后台接口获取。信息量不全，例如轨迹缺少了模型调用节点、缺少了工具调用的输入内容","无预期输出","[说明]右侧部分为完整轨迹信息，从AF容器日志中获取。记录了完整的 agentloop 信息","","10","只展示","{""evaluation"":{},""name"":""完整轨迹信息"",""description"":"""",""type"":"""",""node_id"":""ko7mzpi6""}","","2.00","失败"
"101","","","","","","","","","","TC00000102","BSC_TEST_01的告警帮我查一下","","","空","","","","","","","","","MAE","","","","","","","","4K","","","","","","","","","","","","","","","","","","","","","","","","","","","","","","","","","9e01f01d-e96a-4302-ad74-c40e48110a71","有效","单步","基础数据查询","告警查询","1","","96","1","告警查询","信息量: 模型回答提供了API错误信息，但未提供任何关于BSC_TEST_01告警的信息，因此信息量不足。. 得分: 0
正确性: 模型回答与参考答案完全不符，且提供的信息是关于API错误，而非告警信息，因此判断为错误。. 得分: 0
流畅性: 模型回答语言流畅，没有语法错误或不清晰的表达。. 得分: 10
简洁性: 模型回答简洁，没有冗余信息。. 得分: 10
结构化: 模型回答格式规范，易于阅读，尽管内容与问题无关。. 得分: 10
逻辑性: 模型回答逻辑上是连贯的，因为它准确描述了API请求失败的情况，尽管这与问题无关。. 得分: 10","","","知识问答","final_state:
  evaluation:
    method: ICT_RAG","0:00:00.359000","","request-fd085343-4892-4c58-b7d7-098d96bb150e","2026-09-16T13:59:13.515Z","0:00:00.152000","session-5d4f4d05-7c7e-4869-849d-d3d302f311d1","{'steps': ['skill_name not found']}","{'success': True, 'answer': 'Request failed: Gateway API error: 424 Failed Dependency - {""error_code"":""infers.5208"",""error_msg"":""The model is loading. Please try again later.""}\n', 'error': '', 'all_keys': [], 'request_id': 'request-fd085343-4892-4c58-b7d7-098d96bb150e'}","[{""output"":""[说明]右侧部分为完整轨迹信息，从AF容器日志中获取。记录了完整的 agentloop 信息"",""reference"":""无预期输出"",""result"":10,""input"":""[说明]左侧 step_x 为旧版轨迹信息，从AF后台接口获取。信息量不全，例如轨迹缺少了模型调用节点、缺少了工具调用的输入内容"",""extendAnswer"":[],""remark"":""只展示"",""type"":""完整轨迹信息""}]","2026-09-16 21:59:36","2026-09-16 21:59:43","6.424603011459112","6.424603011459112","0","0","0","0","6.424603011459112","638","136","99.3057","Request failed: Gateway API error: 424 Failed Dependency - {""error_code"":""infers.5208"",""error_msg"":""The model is loading. Please try again later.""}\n","信息量: 模型回答提供了API错误信息，但未提供任何关于BSC_TEST_01告警的信息，因此信息量不足。. 得分: 0
正确性: 模型回答与参考答案完全不符，且提供的信息是关于API错误，而非告警信息，因此判断为错误。. 得分: 0
流畅性: 模型回答语言流畅，没有语法错误或不清晰的表达。. 得分: 10
简洁性: 模型回答简洁，没有冗余信息。. 得分: 10
结构化: 模型回答格式规范，易于阅读，尽管内容与问题无关。. 得分: 10
逻辑性: 模型回答逻辑上是连贯的，因为它准确描述了API请求失败的情况，尽管这与问题无关。. 得分: 10","2","","","信息量: 模型回答提供了API错误信息，但未提供任何关于BSC_TEST_01告警的信息，因此信息量不足。. 得分: 0
正确性: 模型回答与参考答案完全不符，且提供的信息是关于API错误，而非告警信息，因此判断为错误。. 得分: 0
流畅性: 模型回答语言流畅，没有语法错误或不清晰的表达。. 得分: 10
简洁性: 模型回答简洁，没有冗余信息。. 得分: 10
结构化: 模型回答格式规范，易于阅读，尽管内容与问题无关。. 得分: 10
逻辑性: 模型回答逻辑上是连贯的，因为它准确描述了API请求失败的情况，尽管这与问题无关。. 得分: 10","","安全护栏","无预期输出","true","","10","只展示","{""evaluation"":{},""name"":""安全护栏"",""description"":"""",""type"":"""",""node_id"":""sw9izwob""}","[说明]左侧 step_x 为旧版轨迹信息，从AF后台接口获取。信息量不全，例如轨迹缺少了模型调用节点、缺少了工具调用的输入内容","无预期输出","[说明]右侧部分为完整轨迹信息，从AF容器日志中获取。记录了完整的 agentloop 信息","","10","只展示","{""evaluation"":{},""name"":""完整轨迹信息"",""description"":"""",""type"":"""",""node_id"":""xuz6otyh""}","","2.00","失败"
"102","","","","","","","","","","TC00000103","基站TEST_BTS_001现在告警情况如何？","","","空","","","","","","","","","MAE","","","","","","","","4K","","","","","","","","","","","","","","","","","","","","","","","","","","","","","","","","","c6a962f4-351b-4864-8985-cc82dde135b2","有效","单步","基础数据查询","告警查询","1","","97","1","告警查询","信息量: 模型回答提供了错误信息，但这些信息与问题和参考答案无关，因此有效信息不足。. 得分: 0
正确性: 模型回答中提到的错误信息与参考答案无关，且参考答案为空，因此模型回答的内容是错误的。. 得分: 0
流畅性: 模型回答虽然简短，但表达清晰，没有语言上的障碍。. 得分: 10
简洁性: 模型回答简洁，没有冗余信息。. 得分: 10
结构化: 模型回答格式规范，易于阅读。. 得分: 10
逻辑性: 模型回答直接提供了错误信息，没有额外的逻辑错误。. 得分: 10","","","知识问答","final_state:
  evaluation:
    method: ICT_RAG","0:00:00.432000","","request-d0ddc492-618c-4e52-ba4f-79b3cd075c9a","2026-09-16T13:59:23.759Z","0:00:00.152000","session-b3f68e1d-7da7-401e-80e7-9c320f9402d3","{'steps': ['skill_name not found']}","{'success': True, 'answer': 'Request failed: Gateway API error: 424 Failed Dependency - {""error_code"":""infers.5208"",""error_msg"":""The model is loading. Please try again later.""}\n', 'error': '', 'all_keys': [], 'request_id': 'request-d0ddc492-618c-4e52-ba4f-79b3cd075c9a'}","[{""output"":""[说明]右侧部分为完整轨迹信息，从AF容器日志中获取。记录了完整的 agentloop 信息"",""reference"":""无预期输出"",""result"":10,""input"":""[说明]左侧 step_x 为旧版轨迹信息，从AF后台接口获取。信息量不全，例如轨迹缺少了模型调用节点、缺少了工具调用的输入内容"",""extendAnswer"":[],""remark"":""只展示"",""type"":""完整轨迹信息""}]","2026-09-16 21:59:46","2026-09-16 21:59:53","6.461752030998468","6.461752030998468","0","0","0","0","6.461752030998468","636","147","98.4253","Request failed: Gateway API error: 424 Failed Dependency - {""error_code"":""infers.5208"",""error_msg"":""The model is loading. Please try again later.""}\n","信息量: 模型回答提供了错误信息，但这些信息与问题和参考答案无关，因此有效信息不足。. 得分: 0
正确性: 模型回答中提到的错误信息与参考答案无关，且参考答案为空，因此模型回答的内容是错误的。. 得分: 0
流畅性: 模型回答虽然简短，但表达清晰，没有语言上的障碍。. 得分: 10
简洁性: 模型回答简洁，没有冗余信息。. 得分: 10
结构化: 模型回答格式规范，易于阅读。. 得分: 10
逻辑性: 模型回答直接提供了错误信息，没有额外的逻辑错误。. 得分: 10","2","","","信息量: 模型回答提供了错误信息，但这些信息与问题和参考答案无关，因此有效信息不足。. 得分: 0
正确性: 模型回答中提到的错误信息与参考答案无关，且参考答案为空，因此模型回答的内容是错误的。. 得分: 0
流畅性: 模型回答虽然简短，但表达清晰，没有语言上的障碍。. 得分: 10
简洁性: 模型回答简洁，没有冗余信息。. 得分: 10
结构化: 模型回答格式规范，易于阅读。. 得分: 10
逻辑性: 模型回答直接提供了错误信息，没有额外的逻辑错误。. 得分: 10","","安全护栏","无预期输出","true","","10","只展示","{""evaluation"":{},""name"":""安全护栏"",""description"":"""",""type"":"""",""node_id"":""i1p1skqt""}","[说明]左侧 step_x 为旧版轨迹信息，从AF后台接口获取。信息量不全，例如轨迹缺少了模型调用节点、缺少了工具调用的输入内容","无预期输出","[说明]右侧部分为完整轨迹信息，从AF容器日志中获取。记录了完整的 agentloop 信息","","10","只展示","{""evaluation"":{},""name"":""完整轨迹信息"",""description"":"""",""type"":"""",""node_id"":""gybjyeqt""}","","2.00","失败"
"103","","","","","","","","","","TC00000104","深圳南山001有没有出告警？","","","空","","","","","","","","","MAE","","","","","","","","4K","","","","","","","","","","","","","","","","","","","","","","","","","","","","","","","","","18870678-859e-4dd1-9955-c8b30da08eed","有效","单步","基础数据查询","告警查询","1","","98","1","告警查询","信息量: 模型回答未能提供任何关于深圳南山001是否出告警的信息，因此信息量为有效信息不足。. 得分: 0
正确性: 模型回答与参考答案不符，且提供的信息与问题无关，因此正确性为错误。. 得分: 0
流畅性: 模型回答虽然与问题无关，但语言表达流畅，因此流畅性为流畅。. 得分: 10
简洁性: 模型回答直接指出请求失败的原因，没有多余的表述，因此简洁性为简洁。. 得分: 10
结构化: 模型回答格式规范，易于阅读，因此结构化为格式规范，易于阅读。. 得分: 10
逻辑性: 尽管模型回答与问题无关，但其内部逻辑清晰，因此逻辑性为逻辑严密。. 得分: 10","","","知识问答","final_state:
  evaluation:
    method: ICT_RAG","0:00:00.481000","","request-bb22860e-8efd-4550-951c-ff412f0eb3f5","2026-09-16T13:59:33.109Z","0:00:00.218000","session-6610c394-3008-448b-8ab5-d895a4c3021e","{'steps': ['skill_name not found']}","{'success': True, 'answer': 'Request failed: Gateway API error: 424 Failed Dependency - {""error_code"":""infers.5208"",""error_msg"":""The model is loading. Please try again later.""}\n', 'error': '', 'all_keys': [], 'request_id': 'request-bb22860e-8efd-4550-951c-ff412f0eb3f5'}","[{""output"":""[说明]右侧部分为完整轨迹信息，从AF容器日志中获取。记录了完整的 agentloop 信息"",""reference"":""无预期输出"",""result"":10,""input"":""[说明]左侧 step_x 为旧版轨迹信息，从AF后台接口获取。信息量不全，例如轨迹缺少了模型调用节点、缺少了工具调用的输入内容"",""extendAnswer"":[],""remark"":""只展示"",""type"":""完整轨迹信息""}]","2026-09-16 21:59:56","2026-09-16 22:00:02","6.503755878657103","6.503755878657103","0","0","0","0","6.503755878657103","624","139","95.9446","Request failed: Gateway API error: 424 Failed Dependency - {""error_code"":""infers.5208"",""error_msg"":""The model is loading. Please try again later.""}\n","信息量: 模型回答未能提供任何关于深圳南山001是否出告警的信息，因此信息量为有效信息不足。. 得分: 0
正确性: 模型回答与参考答案不符，且提供的信息与问题无关，因此正确性为错误。. 得分: 0
流畅性: 模型回答虽然与问题无关，但语言表达流畅，因此流畅性为流畅。. 得分: 10
简洁性: 模型回答直接指出请求失败的原因，没有多余的表述，因此简洁性为简洁。. 得分: 10
结构化: 模型回答格式规范，易于阅读，因此结构化为格式规范，易于阅读。. 得分: 10
逻辑性: 尽管模型回答与问题无关，但其内部逻辑清晰，因此逻辑性为逻辑严密。. 得分: 10","2","","","信息量: 模型回答未能提供任何关于深圳南山001是否出告警的信息，因此信息量为有效信息不足。. 得分: 0
正确性: 模型回答与参考答案不符，且提供的信息与问题无关，因此正确性为错误。. 得分: 0
流畅性: 模型回答虽然与问题无关，但语言表达流畅，因此流畅性为流畅。. 得分: 10
简洁性: 模型回答直接指出请求失败的原因，没有多余的表述，因此简洁性为简洁。. 得分: 10
结构化: 模型回答格式规范，易于阅读，因此结构化为格式规范，易于阅读。. 得分: 10
逻辑性: 尽管模型回答与问题无关，但其内部逻辑清晰，因此逻辑性为逻辑严密。. 得分: 10","","安全护栏","无预期输出","true","","10","只展示","{""evaluation"":{},""name"":""安全护栏"",""description"":"""",""type"":"""",""node_id"":""e87prqo0""}","[说明]左侧 step_x 为旧版轨迹信息，从AF后台接口获取。信息量不全，例如轨迹缺少了模型调用节点、缺少了工具调用的输入内容","无预期输出","[说明]右侧部分为完整轨迹信息，从AF容器日志中获取。记录了完整的 agentloop 信息","","10","只展示","{""evaluation"":{},""name"":""完整轨迹信息"",""description"":"""",""type"":"""",""node_id"":""162geuw4""}","","2.00","失败"
"104","","","","","","","","","","TC00000105","BJ_HUAWEI_02有多少告警？","","","空","","","","","","","","","MAE","","","","","","","","4K","","","","","","","","","","","","","","","","","","","","","","","","","","","","","","","","","f3274c4d-422a-44cc-bdc1-9a9118efc09c","有效","单步","基础数据查询","告警查询","1","","99","1","告警查询","信息量: 模型回答未能提供任何关于BJ_HUAWEI_02告警数量的信息，因此判断为有效信息不足。. 得分: 0
正确性: 模型回答与参考答案不符，且提供的信息与问题无关，因此判断为错误。. 得分: 0
流畅性: 模型回答的语言表达清晰，易于理解，因此判断为流畅。. 得分: 10
简洁性: 模型回答直接表达了遇到的问题，没有多余的表述，因此判断为简洁。. 得分: 10
结构化: 模型回答格式规范，易于阅读，因此判断为格式规范，易于阅读。. 得分: 10
逻辑性: 尽管模型回答与问题无关，但其内部逻辑清晰，因此判断为逻辑严密。. 得分: 10","","","知识问答","final_state:
  evaluation:
    method: ICT_RAG","0:00:00.561000","","request-91e32cb6-03a3-4f03-80d6-23002340e1ca","2026-09-16T13:59:33.416Z","0:00:00.222000","session-25990624-72a3-4060-a423-042869ea09f0","{'steps': ['skill_name not found']}","{'success': True, 'answer': 'Request failed: Gateway API error: 424 Failed Dependency - {""error_code"":""infers.5208"",""error_msg"":""The model is loading. Please try again later.""}\n', 'error': '', 'all_keys': [], 'request_id': 'request-91e32cb6-03a3-4f03-80d6-23002340e1ca'}","[{""output"":""[说明]右侧部分为完整轨迹信息，从AF容器日志中获取。记录了完整的 agentloop 信息"",""reference"":""无预期输出"",""result"":10,""input"":""[说明]左侧 step_x 为旧版轨迹信息，从AF后台接口获取。信息量不全，例如轨迹缺少了模型调用节点、缺少了工具调用的输入内容"",""extendAnswer"":[],""remark"":""只展示"",""type"":""完整轨迹信息""}]","2026-09-16 21:59:56","2026-09-16 22:00:03","6.690432224422693","6.690432224422693","0","0","0","0","6.690432224422693","639","125","95.5095","Request failed: Gateway API error: 424 Failed Dependency - {""error_code"":""infers.5208"",""error_msg"":""The model is loading. Please try again later.""}\n","信息量: 模型回答未能提供任何关于BJ_HUAWEI_02告警数量的信息，因此判断为有效信息不足。. 得分: 0
正确性: 模型回答与参考答案不符，且提供的信息与问题无关，因此判断为错误。. 得分: 0
流畅性: 模型回答的语言表达清晰，易于理解，因此判断为流畅。. 得分: 10
简洁性: 模型回答直接表达了遇到的问题，没有多余的表述，因此判断为简洁。. 得分: 10
结构化: 模型回答格式规范，易于阅读，因此判断为格式规范，易于阅读。. 得分: 10
逻辑性: 尽管模型回答与问题无关，但其内部逻辑清晰，因此判断为逻辑严密。. 得分: 10","2","","","信息量: 模型回答未能提供任何关于BJ_HUAWEI_02告警数量的信息，因此判断为有效信息不足。. 得分: 0
正确性: 模型回答与参考答案不符，且提供的信息与问题无关，因此判断为错误。. 得分: 0
流畅性: 模型回答的语言表达清晰，易于理解，因此判断为流畅。. 得分: 10
简洁性: 模型回答直接表达了遇到的问题，没有多余的表述，因此判断为简洁。. 得分: 10
结构化: 模型回答格式规范，易于阅读，因此判断为格式规范，易于阅读。. 得分: 10
逻辑性: 尽管模型回答与问题无关，但其内部逻辑清晰，因此判断为逻辑严密。. 得分: 10","","安全护栏","无预期输出","true","","10","只展示","{""evaluation"":{},""name"":""安全护栏"",""description"":"""",""type"":"""",""node_id"":""6wnqff7w""}","[说明]左侧 step_x 为旧版轨迹信息，从AF后台接口获取。信息量不全，例如轨迹缺少了模型调用节点、缺少了工具调用的输入内容","无预期输出","[说明]右侧部分为完整轨迹信息，从AF容器日志中获取。记录了完整的 agentloop 信息","","10","只展示","{""evaluation"":{},""name"":""完整轨迹信息"",""description"":"""",""type"":"""",""node_id"":""mkuw0ijf""}","","2.00","失败"
"105","","","","","","","","","","TC00000106","GZ_ZTE_03告警情况","","","空","","","","","","","","","MAE","","","","","","","","4K","","","","","","","","","","","","","","","","","","","","","","","","","","","","","","","","","37f04b2f-5994-4844-aa85-55064c383936","有效","单步","基础数据查询","告警查询","1","","100","1","告警查询","信息量: 模型回答提供了错误的信息，且未能提供任何与参考答案相关的内容，因此信息量为有效信息不足。. 得分: 0
正确性: 模型回答与参考答案不符，且提供的信息与问题无关，因此正确性为错误。. 得分: 0
流畅性: 模型回答的语言表达清晰，易于理解，因此流畅性为流畅。. 得分: 10
简洁性: 模型回答直接提供了错误信息，没有多余的表述，因此简洁性为简洁。. 得分: 10
结构化: 模型回答格式规范，易于阅读，因此结构化为格式规范，易于阅读。. 得分: 10
逻辑性: 尽管模型回答与问题无关，但其内部逻辑清晰，因此逻辑性为逻辑严密。. 得分: 10","","","知识问答","final_state:
  evaluation:
    method: ICT_RAG","0:00:00.447000","","request-b6461f70-4ad3-4ddf-95ea-3181547478fc","2026-09-16T13:59:34.156Z","0:00:00.232000","session-117babcd-71de-4772-9672-d91e7dff2eed","{'steps': ['skill_name not found']}","{'success': True, 'answer': 'Request failed: Gateway API error: 424 Failed Dependency - {""error_code"":""infers.5208"",""error_msg"":""The model is loading. Please try again later.""}\n', 'error': '', 'all_keys': [], 'request_id': 'request-b6461f70-4ad3-4ddf-95ea-3181547478fc'}","[{""output"":""[说明]右侧部分为完整轨迹信息，从AF容器日志中获取。记录了完整的 agentloop 信息"",""reference"":""无预期输出"",""result"":10,""input"":""[说明]左侧 step_x 为旧版轨迹信息，从AF后台接口获取。信息量不全，例如轨迹缺少了模型调用节点、缺少了工具调用的输入内容"",""extendAnswer"":[],""remark"":""只展示"",""type"":""完整轨迹信息""}]","2026-09-16 21:59:57","2026-09-16 22:00:03","6.577905852347612","6.577905852347612","0","0","0","0","6.577905852347612","602","109","91.5185","Request failed: Gateway API error: 424 Failed Dependency - {""error_code"":""infers.5208"",""error_msg"":""The model is loading. Please try again later.""}\n","信息量: 模型回答提供了错误的信息，且未能提供任何与参考答案相关的内容，因此信息量为有效信息不足。. 得分: 0
正确性: 模型回答与参考答案不符，且提供的信息与问题无关，因此正确性为错误。. 得分: 0
流畅性: 模型回答的语言表达清晰，易于理解，因此流畅性为流畅。. 得分: 10
简洁性: 模型回答直接提供了错误信息，没有多余的表述，因此简洁性为简洁。. 得分: 10
结构化: 模型回答格式规范，易于阅读，因此结构化为格式规范，易于阅读。. 得分: 10
逻辑性: 尽管模型回答与问题无关，但其内部逻辑清晰，因此逻辑性为逻辑严密。. 得分: 10","2","","","信息量: 模型回答提供了错误的信息，且未能提供任何与参考答案相关的内容，因此信息量为有效信息不足。. 得分: 0
正确性: 模型回答与参考答案不符，且提供的信息与问题无关，因此正确性为错误。. 得分: 0
流畅性: 模型回答的语言表达清晰，易于理解，因此流畅性为流畅。. 得分: 10
简洁性: 模型回答直接提供了错误信息，没有多余的表述，因此简洁性为简洁。. 得分: 10
结构化: 模型回答格式规范，易于阅读，因此结构化为格式规范，易于阅读。. 得分: 10
逻辑性: 尽管模型回答与问题无关，但其内部逻辑清晰，因此逻辑性为逻辑严密。. 得分: 10","","安全护栏","无预期输出","true","","10","只展示","{""evaluation"":{},""name"":""安全护栏"",""description"":"""",""type"":"""",""node_id"":""wq1kxe04""}","[说明]左侧 step_x 为旧版轨迹信息，从AF后台接口获取。信息量不全，例如轨迹缺少了模型调用节点、缺少了工具调用的输入内容","无预期输出","[说明]右侧部分为完整轨迹信息，从AF容器日志中获取。记录了完整的 agentloop 信息","","10","只展示","{""evaluation"":{},""name"":""完整轨迹信息"",""description"":"""",""type"":"""",""node_id"":""8lvqpk7s""}","","2.00","失败"
"106","","","","","","","","","","TC00000107","A001最近24小时有什么告警？","","","空","","","","","","","","","MAE","","","","","","","","4K","","","","","","","","","","","","","","","","","","","","","","","","","","","","","","","","","db36db99-7f8c-447c-bb49-7c645699ee30","有效","单步","基础数据查询","告警查询","1","","101","1","告警查询","信息量: 模型回答未能提供任何关于A001最近24小时内告警的信息，因此信息量为有效信息不足。. 得分: 0
正确性: 模型回答与参考答案不符，且提供的信息与问题无关，因此正确性为错误。. 得分: 0
流畅性: 模型回答的语言表达清晰，易于理解，因此流畅性为流畅。. 得分: 10
简洁性: 模型回答直接指出问题所在，没有多余的表述，因此简洁性为简洁。. 得分: 10
结构化: 模型回答格式规范，易于阅读，因此结构化为格式规范，易于阅读。. 得分: 10
逻辑性: 尽管模型回答与问题无关，但其内部逻辑清晰，指出了请求失败的原因，因此逻辑性为逻辑严密。. 得分: 10","","","知识问答","final_state:
  evaluation:
    method: ICT_RAG","0:00:00.378000","","request-f734ae19-82db-46d8-b3c7-0e1096e3095d","2026-09-16T13:59:43.715Z","0:00:00.152000","session-b171807b-5724-48c8-88ab-3689a4ffc0d7","{'steps': ['skill_name not found']}","{'success': True, 'answer': 'Request failed: Gateway API error: 424 Failed Dependency - {""error_code"":""infers.5208"",""error_msg"":""The model is loading. Please try again later.""}\n', 'error': '', 'all_keys': [], 'request_id': 'request-f734ae19-82db-46d8-b3c7-0e1096e3095d'}","[{""output"":""[说明]右侧部分为完整轨迹信息，从AF容器日志中获取。记录了完整的 agentloop 信息"",""reference"":""无预期输出"",""result"":10,""input"":""[说明]左侧 step_x 为旧版轨迹信息，从AF后台接口获取。信息量不全，例如轨迹缺少了模型调用节点、缺少了工具调用的输入内容"",""extendAnswer"":[],""remark"":""只展示"",""type"":""完整轨迹信息""}]","2026-09-16 22:00:06","2026-09-16 22:00:13","6.566449087113142","6.566449087113142","0","0","0","0","6.566449087113142","619","137","94.2671","Request failed: Gateway API error: 424 Failed Dependency - {""error_code"":""infers.5208"",""error_msg"":""The model is loading. Please try again later.""}\n","信息量: 模型回答未能提供任何关于A001最近24小时内告警的信息，因此信息量为有效信息不足。. 得分: 0
正确性: 模型回答与参考答案不符，且提供的信息与问题无关，因此正确性为错误。. 得分: 0
流畅性: 模型回答的语言表达清晰，易于理解，因此流畅性为流畅。. 得分: 10
简洁性: 模型回答直接指出问题所在，没有多余的表述，因此简洁性为简洁。. 得分: 10
结构化: 模型回答格式规范，易于阅读，因此结构化为格式规范，易于阅读。. 得分: 10
逻辑性: 尽管模型回答与问题无关，但其内部逻辑清晰，指出了请求失败的原因，因此逻辑性为逻辑严密。. 得分: 10","2","","","信息量: 模型回答未能提供任何关于A001最近24小时内告警的信息，因此信息量为有效信息不足。. 得分: 0
正确性: 模型回答与参考答案不符，且提供的信息与问题无关，因此正确性为错误。. 得分: 0
流畅性: 模型回答的语言表达清晰，易于理解，因此流畅性为流畅。. 得分: 10
简洁性: 模型回答直接指出问题所在，没有多余的表述，因此简洁性为简洁。. 得分: 10
结构化: 模型回答格式规范，易于阅读，因此结构化为格式规范，易于阅读。. 得分: 10
逻辑性: 尽管模型回答与问题无关，但其内部逻辑清晰，指出了请求失败的原因，因此逻辑性为逻辑严密。. 得分: 10","","安全护栏","无预期输出","true","","10","只展示","{""evaluation"":{},""name"":""安全护栏"",""description"":"""",""type"":"""",""node_id"":""la3ytojz""}","[说明]左侧 step_x 为旧版轨迹信息，从AF后台接口获取。信息量不全，例如轨迹缺少了模型调用节点、缺少了工具调用的输入内容","无预期输出","[说明]右侧部分为完整轨迹信息，从AF容器日志中获取。记录了完整的 agentloop 信息","","10","只展示","{""evaluation"":{},""name"":""完整轨迹信息"",""description"":"""",""type"":"""",""node_id"":""xtfy5uak""}","","2.00","失败"
"107","","","","","","","","","","TC00000108","BSC_TEST_01上周的告警","","","空","","","","","","","","","MAE","","","","","","","","4K","","","","","","","","","","","","","","","","","","","","","","","","","","","","","","","","","3d2ce41e-5e3b-41c1-8313-2412326ac843","有效","单步","基础数据查询","告警查询","1","","102","1","告警查询","信息量: 模型回答中没有提供与问题相关的有效信息，因此信息量不足。. 得分: 0
正确性: 模型回答的内容与参考答案不符，且提供的信息与问题无关，因此不正确。. 得分: 0
流畅性: 模型回答虽然语言通顺，但由于内容与问题无关，影响了整体的流畅性。. 得分: 0
简洁性: 模型回答虽然简洁，但未能提供有效信息，简洁性在此不适用。. 得分: 0
结构化: 模型回答格式较为混乱，难以直接阅读理解，尤其是错误信息的格式。. 得分: 0
逻辑性: 模型回答中虽然逻辑上没有明显错误，但其内容与问题无关，因此不能视为逻辑严密。. 得分: 0","","","知识问答","final_state:
  evaluation:
    method: ICT_RAG","","对话请求失败 | 请求模型接口失败：【工具提示（非模型输出）】
        调用模型接口错误:code:500, message:<!doctype html>
<html lang=en>
<title>500 Internal Server Error</title>
<h1>Internal Server Error</h1>
<p>The server encountered an internal error and was unable to complete your request. Either the server is overloaded or there is an error in the application.</p>

        ","","","","session-87105f91-c712-4568-bf32-b8e2c2782569","","","","","","","","","","","","","","","","用例执行过程出现异常，需复测 | Step3: request 异常信息：对话请求失败 | 请求模型接口失败：【工具提示（非模型输出）】\n        调用模型接口错误:code:500, message:<!doctype html>\n<html lang=en>\n<title>500 Internal Server Error</title>\n<h1>Internal Server Error</h1>\n<p>The server encountered an internal error and was unable to complete your request. Either the server is overloaded or there is an error in the application.</p>\n\n        ","信息量: 模型回答中没有提供与问题相关的有效信息，因此信息量不足。. 得分: 0
正确性: 模型回答的内容与参考答案不符，且提供的信息与问题无关，因此不正确。. 得分: 0
流畅性: 模型回答虽然语言通顺，但由于内容与问题无关，影响了整体的流畅性。. 得分: 0
简洁性: 模型回答虽然简洁，但未能提供有效信息，简洁性在此不适用。. 得分: 0
结构化: 模型回答格式较为混乱，难以直接阅读理解，尤其是错误信息的格式。. 得分: 0
逻辑性: 模型回答中虽然逻辑上没有明显错误，但其内容与问题无关，因此不能视为逻辑严密。. 得分: 0","0","","","信息量: 模型回答中没有提供与问题相关的有效信息，因此信息量不足。. 得分: 0
正确性: 模型回答的内容与参考答案不符，且提供的信息与问题无关，因此不正确。. 得分: 0
流畅性: 模型回答虽然语言通顺，但由于内容与问题无关，影响了整体的流畅性。. 得分: 0
简洁性: 模型回答虽然简洁，但未能提供有效信息，简洁性在此不适用。. 得分: 0
结构化: 模型回答格式较为混乱，难以直接阅读理解，尤其是错误信息的格式。. 得分: 0
逻辑性: 模型回答中虽然逻辑上没有明显错误，但其内容与问题无关，因此不能视为逻辑严密。. 得分: 0","","","","","","--","","","","","","","--","","","","0.00","失败"
"108","","","","","","","","","","TC00000109","TEST_BTS_001刚才有没有告警？","","","空","","","","","","","","","MAE","","","","","","","","4K","","","","","","","","","","","","","","","","","","","","","","","","","","","","","","","","","3fd30999-e990-41bb-8766-f846dd688df4","有效","单步","基础数据查询","告警查询","1","","103","1","告警查询","信息量: 模型回答中没有提供与问题相关的信息，因此判断为有效信息不足。. 得分: 0
正确性: 模型回答与参考答案不符，且提供的信息与问题无关，因此判断为错误。. 得分: 0
流畅性: 模型回答虽然格式上较为混乱，但语言表达尚可理解，因此判断为流畅。. 得分: 10
简洁性: 模型回答内容冗长，包含大量无关信息，因此判断为不简洁。. 得分: 0
结构化: 模型回答格式混乱，难以阅读，因此判断为格式混乱，难以阅读。. 得分: 0
逻辑性: 模型回答虽然逻辑上没有明显错误，但由于内容与问题无关，因此判断为逻辑混乱。. 得分: 0","","","知识问答","final_state:
  evaluation:
    method: ICT_RAG","","","","","","","","","","","","","","","","","","","","","","用例执行过程出现异常，需复测 | Step2: session 异常信息：请求模型接口失败：【工具提示（非模型输出）】\n        调用模型接口错误:code:503, message:<!DOCTYPE html>\n<html xmlns:eview=""ignored"">\n\n<head>\n  <title></title>\n  <meta http-equiv=""Content-Type"" content=""text/html; charset=utf-8"" />\n  <meta http-equiv=""X-UA-Compatible"" content=""IE=edge,chrome=1"" />\n  \n  <link href=""/erservice/errors/main.css"" type=""text/css"" rel=""stylesheet"">\n</head>\n\n<body>\n  <div id=""pcsContainer"">\n  </div>\n  \n</body>\n<script type=""text/javascript"">\n    var error = '503';\n</script>\n<script src=""/erservice/errors/main.js""></script>\n</html>\n\n        ","信息量: 模型回答中没有提供与问题相关的信息，因此判断为有效信息不足。. 得分: 0
正确性: 模型回答与参考答案不符，且提供的信息与问题无关，因此判断为错误。. 得分: 0
流畅性: 模型回答虽然格式上较为混乱，但语言表达尚可理解，因此判断为流畅。. 得分: 10
简洁性: 模型回答内容冗长，包含大量无关信息，因此判断为不简洁。. 得分: 0
结构化: 模型回答格式混乱，难以阅读，因此判断为格式混乱，难以阅读。. 得分: 0
逻辑性: 模型回答虽然逻辑上没有明显错误，但由于内容与问题无关，因此判断为逻辑混乱。. 得分: 0","0","","","信息量: 模型回答中没有提供与问题相关的信息，因此判断为有效信息不足。. 得分: 0
正确性: 模型回答与参考答案不符，且提供的信息与问题无关，因此判断为错误。. 得分: 0
流畅性: 模型回答虽然格式上较为混乱，但语言表达尚可理解，因此判断为流畅。. 得分: 10
简洁性: 模型回答内容冗长，包含大量无关信息，因此判断为不简洁。. 得分: 0
结构化: 模型回答格式混乱，难以阅读，因此判断为格式混乱，难以阅读。. 得分: 0
逻辑性: 模型回答虽然逻辑上没有明显错误，但由于内容与问题无关，因此判断为逻辑混乱。. 得分: 0","","","","","","--","","","","","","","--","","","","0.00","失败"
"109","","","","","","","","","","TC00000110","深圳南山001前几天出什么告警了？","","","空","","","","","","","","","MAE","","","","","","","","4K","","","","","","","","","","","","","","","","","","","","","","","","","","","","","","","","","a3cf8904-7f10-47d9-b108-3a29a1c3c837","有效","单步","基础数据查询","告警查询","1","","104","1","告警查询","信息量: 模型回答中没有提供与问题相关的有效信息，因此判断为有效信息不足。. 得分: 0
正确性: 模型回答与参考答案完全不符，且提供的信息与问题无关，因此判断为错误。. 得分: 0
流畅性: 模型回答中包含大量HTML代码，不符合人类语言习惯，因此判断为不流畅。. 得分: 0
简洁性: 模型回答中包含大量无关的HTML代码，因此判断为不简洁。. 得分: 0
结构化: 模型回答中包含大量HTML代码，格式混乱，难以阅读，因此判断为格式混乱，难以阅读。. 得分: 0
逻辑性: 模型回答中虽然逻辑上没有明显错误，但内容与问题无关，因此判断为逻辑混乱。. 得分: 0","","","知识问答","final_state:
  evaluation:
    method: ICT_RAG","","","","","","","","","","","","","","","","","","","","","","用例执行过程出现异常，需复测 | Step2: session 异常信息：请求模型接口失败：【工具提示（非模型输出）】\n        调用模型接口错误:code:503, message:<!DOCTYPE html>\n<html xmlns:eview=""ignored"">\n\n<head>\n  <title></title>\n  <meta http-equiv=""Content-Type"" content=""text/html; charset=utf-8"" />\n  <meta http-equiv=""X-UA-Compatible"" content=""IE=edge,chrome=1"" />\n  \n  <link href=""/erservice/errors/main.css"" type=""text/css"" rel=""stylesheet"">\n</head>\n\n<body>\n  <div id=""pcsContainer"">\n  </div>\n  \n</body>\n<script type=""text/javascript"">\n    var error = '503';\n</script>\n<script src=""/erservice/errors/main.js""></script>\n</html>\n\n        ","信息量: 模型回答中没有提供与问题相关的有效信息，因此判断为有效信息不足。. 得分: 0
正确性: 模型回答与参考答案完全不符，且提供的信息与问题无关，因此判断为错误。. 得分: 0
流畅性: 模型回答中包含大量HTML代码，不符合人类语言习惯，因此判断为不流畅。. 得分: 0
简洁性: 模型回答中包含大量无关的HTML代码，因此判断为不简洁。. 得分: 0
结构化: 模型回答中包含大量HTML代码，格式混乱，难以阅读，因此判断为格式混乱，难以阅读。. 得分: 0
逻辑性: 模型回答中虽然逻辑上没有明显错误，但内容与问题无关，因此判断为逻辑混乱。. 得分: 0","0","","","信息量: 模型回答中没有提供与问题相关的有效信息，因此判断为有效信息不足。. 得分: 0
正确性: 模型回答与参考答案完全不符，且提供的信息与问题无关，因此判断为错误。. 得分: 0
流畅性: 模型回答中包含大量HTML代码，不符合人类语言习惯，因此判断为不流畅。. 得分: 0
简洁性: 模型回答中包含大量无关的HTML代码，因此判断为不简洁。. 得分: 0
结构化: 模型回答中包含大量HTML代码，格式混乱，难以阅读，因此判断为格式混乱，难以阅读。. 得分: 0
逻辑性: 模型回答中虽然逻辑上没有明显错误，但内容与问题无关，因此判断为逻辑混乱。. 得分: 0","","","","","","--","","","","","","","--","","","","0.00","失败"
"110","","","","","","","","","","TC00000111","GZ_ZTE_03从昨天上午到现在的告警","","","空","","","","","","","","","MAE","","","","","","","","4K","","","","","","","","","","","","","","","","","","","","","","","","","","","","","","","","","2beba52a-82d7-47f1-8db9-b1f8b2671b42","有效","单步","基础数据查询","告警查询","1","","105","1","告警查询","信息量: 模型回答提供了错误的信息，未能提供关于GZ_ZTE_03从昨天上午到现在的告警的任何有效信息，因此有效信息不足。. 得分: 0
正确性: 模型回答与参考答案不符，且提供的信息与问题无关，因此不正确。. 得分: 0
流畅性: 模型回答的语言表达流畅，没有语法错误。. 得分: 10
简洁性: 模型回答简洁，没有多余的表述。. 得分: 10
结构化: 模型回答的格式规范，易于阅读。. 得分: 10
逻辑性: 尽管模型回答的内容逻辑上没有明显错误，但由于其内容与问题无关，因此不能视为逻辑严密。. 得分: 0","","","知识问答","final_state:
  evaluation:
    method: ICT_RAG","0:00:04.072000","","request-69886561-433c-463b-b40d-7a7126207eb5","2026-09-16T14:00:24.238Z","0:00:00.253000","session-c004ddb7-ad6f-44be-9e01-7cce5a0c1b08","{'steps': ['skill_name not found']}","{'success': True, 'answer': 'Request failed: Gateway API error: 424 Failed Dependency - {""error_code"":""infers.5208"",""error_msg"":""The model is loading. Please try again later.""}\n', 'error': '', 'all_keys': [], 'request_id': 'request-69886561-433c-463b-b40d-7a7126207eb5'}","[{""output"":""[说明]右侧部分为完整轨迹信息，从AF容器日志中获取。记录了完整的 agentloop 信息"",""reference"":""无预期输出"",""result"":10,""input"":""[说明]左侧 step_x 为旧版轨迹信息，从AF后台接口获取。信息量不全，例如轨迹缺少了模型调用节点、缺少了工具调用的输入内容"",""extendAnswer"":[],""remark"":""只展示"",""type"":""完整轨迹信息""}]","2026-09-16 22:00:47","2026-09-16 22:00:57","10.564961601048708","10.564961601048708","0","0","0","0","10.564961601048708","627","143","59.3471","Request failed: Gateway API error: 424 Failed Dependency - {""error_code"":""infers.5208"",""error_msg"":""The model is loading. Please try again later.""}\n","信息量: 模型回答提供了错误的信息，未能提供关于GZ_ZTE_03从昨天上午到现在的告警的任何有效信息，因此有效信息不足。. 得分: 0
正确性: 模型回答与参考答案不符，且提供的信息与问题无关，因此不正确。. 得分: 0
流畅性: 模型回答的语言表达流畅，没有语法错误。. 得分: 10
简洁性: 模型回答简洁，没有多余的表述。. 得分: 10
结构化: 模型回答的格式规范，易于阅读。. 得分: 10
逻辑性: 尽管模型回答的内容逻辑上没有明显错误，但由于其内容与问题无关，因此不能视为逻辑严密。. 得分: 0","1","","","信息量: 模型回答提供了错误的信息，未能提供关于GZ_ZTE_03从昨天上午到现在的告警的任何有效信息，因此有效信息不足。. 得分: 0
正确性: 模型回答与参考答案不符，且提供的信息与问题无关，因此不正确。. 得分: 0
流畅性: 模型回答的语言表达流畅，没有语法错误。. 得分: 10
简洁性: 模型回答简洁，没有多余的表述。. 得分: 10
结构化: 模型回答的格式规范，易于阅读。. 得分: 10
逻辑性: 尽管模型回答的内容逻辑上没有明显错误，但由于其内容与问题无关，因此不能视为逻辑严密。. 得分: 0","","安全护栏","无预期输出","true","","10","只展示","{""evaluation"":{},""name"":""安全护栏"",""description"":"""",""type"":"""",""node_id"":""iuht6c7d""}","[说明]左侧 step_x 为旧版轨迹信息，从AF后台接口获取。信息量不全，例如轨迹缺少了模型调用节点、缺少了工具调用的输入内容","无预期输出","[说明]右侧部分为完整轨迹信息，从AF容器日志中获取。记录了完整的 agentloop 信息","","10","只展示","{""evaluation"":{},""name"":""完整轨迹信息"",""description"":"""",""type"":"""",""node_id"":""6l8hh50m""}","","1.00","失败"
"111","","","","","","","","","","TC00000112","CD_NOKIA_05本周告警有多少？","","","空","","","","","","","","","MAE","","","","","","","","4K","","","","","","","","","","","","","","","","","","","","","","","","","","","","","","","","","ff3514dd-3e27-42d9-bc0d-fba63008c127","有效","单步","基础数据查询","告警查询","1","","106","1","告警查询","信息量: 模型回答未能提供任何关于本周告警数量的信息，因此信息量为有效信息不足。. 得分: 0
正确性: 模型回答与参考答案不符，且提供的信息与问题无关，因此正确性为错误。. 得分: 0
流畅性: 模型回答的语言表达清晰，易于理解，因此流畅性为流畅。. 得分: 10
简洁性: 模型回答直接指出请求失败的原因，没有多余的表述，因此简洁性为简洁。. 得分: 10
结构化: 模型回答格式规范，易于阅读，因此结构化为格式规范，易于阅读。. 得分: 10
逻辑性: 尽管模型回答与问题无关，但其内部逻辑是连贯的，因此逻辑性为逻辑严密。. 得分: 10","","","知识问答","final_state:
  evaluation:
    method: ICT_RAG","0:00:25.524000","","request-e3cd5e5f-bc57-45a0-b02c-61e2643eb7d8","2026-09-16T14:00:33.542Z","0:00:28.222000","session-5118e5f6-7cf5-4977-988c-9ce028c056d1","{'steps': ['skill_name not found']}","{'success': True, 'answer': 'Request failed: Gateway API error: 424 Failed Dependency - {""error_code"":""NetrsnCircuitBreaker"",""error_msg"":""大模型服务触发熔断。""}\n', 'error': '', 'all_keys': [], 'request_id': 'request-e3cd5e5f-bc57-45a0-b02c-61e2643eb7d8'}","[{""output"":""[说明]右侧部分为完整轨迹信息，从AF容器日志中获取。记录了完整的 agentloop 信息"",""reference"":""无预期输出"",""result"":10,""input"":""[说明]左侧 step_x 为旧版轨迹信息，从AF后台接口获取。信息量不全，例如轨迹缺少了模型调用节点、缺少了工具调用的输入内容"",""extendAnswer"":[],""remark"":""只展示"",""type"":""完整轨迹信息""}]","2026-09-16 22:00:56","2026-09-16 22:01:57","60.81905199214816","60.81905199214816","0","0","0","0","60.81905199214816","613","134","10.0791","Request failed: Gateway API error: 424 Failed Dependency - {""error_code"":""NetrsnCircuitBreaker"",""error_msg"":""大模型服务触发熔断。""}\n","信息量: 模型回答未能提供任何关于本周告警数量的信息，因此信息量为有效信息不足。. 得分: 0
正确性: 模型回答与参考答案不符，且提供的信息与问题无关，因此正确性为错误。. 得分: 0
流畅性: 模型回答的语言表达清晰，易于理解，因此流畅性为流畅。. 得分: 10
简洁性: 模型回答直接指出请求失败的原因，没有多余的表述，因此简洁性为简洁。. 得分: 10
结构化: 模型回答格式规范，易于阅读，因此结构化为格式规范，易于阅读。. 得分: 10
逻辑性: 尽管模型回答与问题无关，但其内部逻辑是连贯的，因此逻辑性为逻辑严密。. 得分: 10","2","","","信息量: 模型回答未能提供任何关于本周告警数量的信息，因此信息量为有效信息不足。. 得分: 0
正确性: 模型回答与参考答案不符，且提供的信息与问题无关，因此正确性为错误。. 得分: 0
流畅性: 模型回答的语言表达清晰，易于理解，因此流畅性为流畅。. 得分: 10
简洁性: 模型回答直接指出请求失败的原因，没有多余的表述，因此简洁性为简洁。. 得分: 10
结构化: 模型回答格式规范，易于阅读，因此结构化为格式规范，易于阅读。. 得分: 10
逻辑性: 尽管模型回答与问题无关，但其内部逻辑是连贯的，因此逻辑性为逻辑严密。. 得分: 10","","安全护栏","无预期输出","true","","10","只展示","{""evaluation"":{},""name"":""安全护栏"",""description"":"""",""type"":"""",""node_id"":""hkyqkyb6""}","[说明]左侧 step_x 为旧版轨迹信息，从AF后台接口获取。信息量不全，例如轨迹缺少了模型调用节点、缺少了工具调用的输入内容","无预期输出","[说明]右侧部分为完整轨迹信息，从AF容器日志中获取。记录了完整的 agentloop 信息","","10","只展示","{""evaluation"":{},""name"":""完整轨迹信息"",""description"":"""",""type"":"""",""node_id"":""bmpc5uc6""}","","2.00","失败"
"112","","","","","","","","","","TC00000113","A001的运行系统告警","","","空","","","","","","","","","MAE","","","","","","","","4K","","","","","","","","","","","","","","","","","","","","","","","","","","","","","","","","","8ad164fa-220e-4daa-90c3-ffbbe86fb463","有效","单步","基础数据查询","告警查询","1","","107","1","告警查询","信息量: 模型回答提供了错误的信息，且与问题无关，因此信息量为有效信息不足。. 得分: 0
正确性: 模型回答与参考答案不符，且提供的信息与问题无关，因此正确性为错误。. 得分: 0
流畅性: 模型回答的语言表达清晰，符合人类语言习惯，因此流畅性为流畅。. 得分: 10
简洁性: 模型回答直接提供了错误信息，没有多余的表述，因此简洁性为简洁。. 得分: 10
结构化: 模型回答格式规范，易于阅读，因此结构化为格式规范，易于阅读。. 得分: 10
逻辑性: 尽管模型回答的内容逻辑上没有明显错误，但由于其内容与问题无关，因此逻辑性为逻辑混乱。. 得分: 0","","","知识问答","final_state:
  evaluation:
    method: ICT_RAG","0:00:25.179000","","request-3c48ccf9-775a-4b43-a14b-71a98e32dc22","2026-09-16T14:00:33.876Z","0:00:28.223000","session-c81d6bda-4000-4f80-b9fa-b2d991597412","{'steps': ['skill_name not found']}","{'success': True, 'answer': 'Request failed: Gateway API error: 424 Failed Dependency - {""error_code"":""infers.5208"",""error_msg"":""The model is loading. Please try again later.""}\n', 'error': '', 'all_keys': [], 'request_id': 'request-3c48ccf9-775a-4b43-a14b-71a98e32dc22'}","[{""output"":""[说明]右侧部分为完整轨迹信息，从AF容器日志中获取。记录了完整的 agentloop 信息"",""reference"":""无预期输出"",""result"":10,""input"":""[说明]左侧 step_x 为旧版轨迹信息，从AF后台接口获取。信息量不全，例如轨迹缺少了模型调用节点、缺少了工具调用的输入内容"",""extendAnswer"":[],""remark"":""只展示"",""type"":""完整轨迹信息""}]","2026-09-16 22:00:56","2026-09-16 22:01:58","61.5635771304369","61.5635771304369","0","0","0","0","61.5635771304369","632","124","10.2658","Request failed: Gateway API error: 424 Failed Dependency - {""error_code"":""infers.5208"",""error_msg"":""The model is loading. Please try again later.""}\n","信息量: 模型回答提供了错误的信息，且与问题无关，因此信息量为有效信息不足。. 得分: 0
正确性: 模型回答与参考答案不符，且提供的信息与问题无关，因此正确性为错误。. 得分: 0
流畅性: 模型回答的语言表达清晰，符合人类语言习惯，因此流畅性为流畅。. 得分: 10
简洁性: 模型回答直接提供了错误信息，没有多余的表述，因此简洁性为简洁。. 得分: 10
结构化: 模型回答格式规范，易于阅读，因此结构化为格式规范，易于阅读。. 得分: 10
逻辑性: 尽管模型回答的内容逻辑上没有明显错误，但由于其内容与问题无关，因此逻辑性为逻辑混乱。. 得分: 0","1","","","信息量: 模型回答提供了错误的信息，且与问题无关，因此信息量为有效信息不足。. 得分: 0
正确性: 模型回答与参考答案不符，且提供的信息与问题无关，因此正确性为错误。. 得分: 0
流畅性: 模型回答的语言表达清晰，符合人类语言习惯，因此流畅性为流畅。. 得分: 10
简洁性: 模型回答直接提供了错误信息，没有多余的表述，因此简洁性为简洁。. 得分: 10
结构化: 模型回答格式规范，易于阅读，因此结构化为格式规范，易于阅读。. 得分: 10
逻辑性: 尽管模型回答的内容逻辑上没有明显错误，但由于其内容与问题无关，因此逻辑性为逻辑混乱。. 得分: 0","","安全护栏","无预期输出","true","","10","只展示","{""evaluation"":{},""name"":""安全护栏"",""description"":"""",""type"":"""",""node_id"":""34tfgbak""}","[说明]左侧 step_x 为旧版轨迹信息，从AF后台接口获取。信息量不全，例如轨迹缺少了模型调用节点、缺少了工具调用的输入内容","无预期输出","[说明]右侧部分为完整轨迹信息，从AF容器日志中获取。记录了完整的 agentloop 信息","","10","只展示","{""evaluation"":{},""name"":""完整轨迹信息"",""description"":"""",""type"":"""",""node_id"":""rxzfzal5""}","","1.00","失败"
"113","","","","","","","","","","TC00000114","BSC_TEST_01通讯异常告警有多少？","","","空","","","","","","","","","MAE","","","","","","","","4K","","","","","","","","","","","","","","","","","","","","","","","","","","","","","","","","","cba297a1-7100-4260-8f74-b75cdd61b4ca","有效","单步","基础数据查询","告警查询","1","","108","1","告警查询","信息量: 模型回答提供了与问题无关的信息，未能提供关于BSC_TEST_01通讯异常告警数量的有效信息，因此信息量不足。. 得分: 0
正确性: 模型回答与参考答案不符，且提供的信息与问题无关，因此判断为错误。. 得分: 0
流畅性: 模型回答语言表达清晰，但内容与问题无关，因此流畅性评价为流畅。. 得分: 10
简洁性: 模型回答简洁，没有冗余信息，但内容与问题无关，因此简洁性评价为简洁。. 得分: 10
结构化: 模型回答格式规范，易于阅读，但内容与问题无关，因此结构化评价为格式规范，易于阅读。. 得分: 10
逻辑性: 模型回答虽然逻辑上没有明显错误，但其内容与问题无关，因此逻辑性评价为逻辑混乱。. 得分: 0","","","知识问答","final_state:
  evaluation:
    method: ICT_RAG","0:00:24.445000","","request-fb650a33-ef6b-4c45-afc5-fa5cc8b815be","2026-09-16T14:00:34.607Z","0:00:28.275000","session-3435cea9-0e80-4ac8-9118-0852f89cbcb2","{'steps': ['skill_name not found']}","{'success': True, 'answer': 'Request failed: Gateway API error: 424 Failed Dependency - {""error_code"":""NetrsnCircuitBreaker"",""error_msg"":""大模型服务触发熔断。""}\n', 'error': '', 'all_keys': [], 'request_id': 'request-fb650a33-ef6b-4c45-afc5-fa5cc8b815be'}","[{""output"":""[说明]右侧部分为完整轨迹信息，从AF容器日志中获取。记录了完整的 agentloop 信息"",""reference"":""无预期输出"",""result"":10,""input"":""[说明]左侧 step_x 为旧版轨迹信息，从AF后台接口获取。信息量不全，例如轨迹缺少了模型调用节点、缺少了工具调用的输入内容"",""extendAnswer"":[],""remark"":""只展示"",""type"":""完整轨迹信息""}]","2026-09-16 22:00:57","2026-09-16 22:01:57","60.1781461648643","60.1781461648643","0","0","0","0","60.1781461648643","609","138","10.12","Request failed: Gateway API error: 424 Failed Dependency - {""error_code"":""NetrsnCircuitBreaker"",""error_msg"":""大模型服务触发熔断。""}\n","信息量: 模型回答提供了与问题无关的信息，未能提供关于BSC_TEST_01通讯异常告警数量的有效信息，因此信息量不足。. 得分: 0
正确性: 模型回答与参考答案不符，且提供的信息与问题无关，因此判断为错误。. 得分: 0
流畅性: 模型回答语言表达清晰，但内容与问题无关，因此流畅性评价为流畅。. 得分: 10
简洁性: 模型回答简洁，没有冗余信息，但内容与问题无关，因此简洁性评价为简洁。. 得分: 10
结构化: 模型回答格式规范，易于阅读，但内容与问题无关，因此结构化评价为格式规范，易于阅读。. 得分: 10
逻辑性: 模型回答虽然逻辑上没有明显错误，但其内容与问题无关，因此逻辑性评价为逻辑混乱。. 得分: 0","1","","","信息量: 模型回答提供了与问题无关的信息，未能提供关于BSC_TEST_01通讯异常告警数量的有效信息，因此信息量不足。. 得分: 0
正确性: 模型回答与参考答案不符，且提供的信息与问题无关，因此判断为错误。. 得分: 0
流畅性: 模型回答语言表达清晰，但内容与问题无关，因此流畅性评价为流畅。. 得分: 10
简洁性: 模型回答简洁，没有冗余信息，但内容与问题无关，因此简洁性评价为简洁。. 得分: 10
结构化: 模型回答格式规范，易于阅读，但内容与问题无关，因此结构化评价为格式规范，易于阅读。. 得分: 10
逻辑性: 模型回答虽然逻辑上没有明显错误，但其内容与问题无关，因此逻辑性评价为逻辑混乱。. 得分: 0","","安全护栏","无预期输出","true","","10","只展示","{""evaluation"":{},""name"":""安全护栏"",""description"":"""",""type"":"""",""node_id"":""yqlrmh09""}","[说明]左侧 step_x 为旧版轨迹信息，从AF后台接口获取。信息量不全，例如轨迹缺少了模型调用节点、缺少了工具调用的输入内容","无预期输出","[说明]右侧部分为完整轨迹信息，从AF容器日志中获取。记录了完整的 agentloop 信息","","10","只展示","{""evaluation"":{},""name"":""完整轨迹信息"",""description"":"""",""type"":"""",""node_id"":""82a4nlkb""}","","1.00","失败"
"114","","","","","","","","","","TC00000115","TEST_BTS_001业务质量问题帮我查一下","","","空","","","","","","","","","MAE","","","","","","","","4K","","","","","","","","","","","","","","","","","","","","","","","","","","","","","","","","","0ccaa5ef-40e2-4832-a815-1d3a42022ac7","有效","单步","基础数据查询","告警查询","1","","109","1","告警查询","信息量: 松懈无判断. 得分: 1
正确性: 通过步骤1，进入步骤1.1及1.2提取关键信息点，[问题]询问的是关于TEST_BTS_001业务质量问题的查询。[模型回答]显示了一个API错误信息，表明请求失败，原因是`424 Failed Dependency - 大模型服务触发熔断`。这表明模型未能提供任何关于TEST_BTS_001业务质量问题的具体信息，而是返回了一个技术错误。根据步骤2.1，模型的回答既没有与[参考答案]相关，也没有提供任何合理的解释，因此不符合问题的询问。进入步骤2.2，判断为`错误`。. 得分: 1
流畅性: 松懈无判断. 得分: 1
简洁性: 松懈无判断. 得分: 1
结构化: 松懈无判断. 得分: 1
逻辑性: 松懈无判断. 得分: 1","","","知识问答","final_state:
  evaluation:
    method: ICT_RAG","0:00:15.670000","","request-14950fc7-938c-4530-816c-abb6685241e2","2026-09-16T14:00:43.390Z","0:00:28.275000","session-320493a4-c9d2-4bd7-94ef-7dae35f7d374","{'steps': ['skill_name not found']}","{'success': True, 'answer': 'Request failed: Gateway API error: 424 Failed Dependency - {""error_code"":""NetrsnCircuitBreaker"",""error_msg"":""大模型服务触发熔断。""}\n', 'error': '', 'all_keys': [], 'request_id': 'request-14950fc7-938c-4530-816c-abb6685241e2'}","[{""output"":""[说明]右侧部分为完整轨迹信息，从AF容器日志中获取。记录了完整的 agentloop 信息"",""reference"":""无预期输出"",""result"":10,""input"":""[说明]左侧 step_x 为旧版轨迹信息，从AF后台接口获取。信息量不全，例如轨迹缺少了模型调用节点、缺少了工具调用的输入内容"",""extendAnswer"":[],""remark"":""只展示"",""type"":""完整轨迹信息""}]","2026-09-16 22:01:06","2026-09-16 22:01:56","50.274955313652754","50.274955313652754","0","0","0","0","50.274955313652754","620","144","12.3322","Request failed: Gateway API error: 424 Failed Dependency - {""error_code"":""NetrsnCircuitBreaker"",""error_msg"":""大模型服务触发熔断。""}\n","信息量: 松懈无判断. 得分: 1
正确性: 通过步骤1，进入步骤1.1及1.2提取关键信息点，[问题]询问的是关于TEST_BTS_001业务质量问题的查询。[模型回答]显示了一个API错误信息，表明请求失败，原因是`424 Failed Dependency - 大模型服务触发熔断`。这表明模型未能提供任何关于TEST_BTS_001业务质量问题的具体信息，而是返回了一个技术错误。根据步骤2.1，模型的回答既没有与[参考答案]相关，也没有提供任何合理的解释，因此不符合问题的询问。进入步骤2.2，判断为`错误`。. 得分: 1
流畅性: 松懈无判断. 得分: 1
简洁性: 松懈无判断. 得分: 1
结构化: 松懈无判断. 得分: 1
逻辑性: 松懈无判断. 得分: 1","1","","","信息量: 松懈无判断. 得分: 1
正确性: 通过步骤1，进入步骤1.1及1.2提取关键信息点，[问题]询问的是关于TEST_BTS_001业务质量问题的查询。[模型回答]显示了一个API错误信息，表明请求失败，原因是`424 Failed Dependency - 大模型服务触发熔断`。这表明模型未能提供任何关于TEST_BTS_001业务质量问题的具体信息，而是返回了一个技术错误。根据步骤2.1，模型的回答既没有与[参考答案]相关，也没有提供任何合理的解释，因此不符合问题的询问。进入步骤2.2，判断为`错误`。. 得分: 1
流畅性: 松懈无判断. 得分: 1
简洁性: 松懈无判断. 得分: 1
结构化: 松懈无判断. 得分: 1
逻辑性: 松懈无判断. 得分: 1","","安全护栏","无预期输出","true","","10","只展示","{""evaluation"":{},""name"":""安全护栏"",""description"":"""",""type"":"""",""node_id"":""yuc81ku0""}","[说明]左侧 step_x 为旧版轨迹信息，从AF后台接口获取。信息量不全，例如轨迹缺少了模型调用节点、缺少了工具调用的输入内容","无预期输出","[说明]右侧部分为完整轨迹信息，从AF容器日志中获取。记录了完整的 agentloop 信息","","10","只展示","{""evaluation"":{},""name"":""完整轨迹信息"",""description"":"""",""type"":"""",""node_id"":""zww9l2e1""}","","1.00","失败"
"115","","","","","","","","","","TC00000116","深圳南山001处理出错告警情况怎么样？","","","空","","","","","","","","","MAE","","","","","","","","4K","","","","","","","","","","","","","","","","","","","","","","","","","","","","","","","","","ff571407-e375-4232-a4cc-fb63f3e45b49","有效","单步","基础数据查询","告警查询","1","","110","1","告警查询","信息量: 松懈无判断. 得分: 10
正确性: {``理由``: ``通过步骤1，进入步骤1.1及1.2提取关键信息点。由于[参考答案]为空，无法直接比较[模型回答]与[参考答案]的关键信息点。但是，根据[问题]的真实意图，问题是询问关于深圳南山001处理出错告警的具体情况。[模型回答]提供了一个具体的错误信息，即`Gateway API error: 424 Failed Dependency - {``error_code``:``NetrsnCircuitBreaker``,``error_msg``:``大模型服务触发熔断。``}`，这表明了处理出错告警的具体原因。尽管[参考答案]为空，但[模型回答]提供了与问题相关的具体信息，且言之有理，因此根据步骤2.1，可以判断为`正确`。``, ``结果``: ``正确``}. 得分: 10
流畅性: 松懈无判断. 得分: 10
简洁性: 松懈无判断. 得分: 10
结构化: 松懈无判断. 得分: 10
逻辑性: 松懈无判断. 得分: 10","","","知识问答","final_state:
  evaluation:
    method: ICT_RAG","0:00:14.875000","","request-b364654b-a147-4b9d-84a4-af10d8c4f46a","2026-09-16T14:00:44.188Z","0:00:28.254000","session-5b27babf-c48a-4b08-addc-cf0d7b59eb6b","{'steps': ['skill_name not found']}","{'success': True, 'answer': 'Request failed: Gateway API error: 424 Failed Dependency - {""error_code"":""NetrsnCircuitBreaker"",""error_msg"":""大模型服务触发熔断。""}\n', 'error': '', 'all_keys': [], 'request_id': 'request-b364654b-a147-4b9d-84a4-af10d8c4f46a'}","[{""output"":""[说明]右侧部分为完整轨迹信息，从AF容器日志中获取。记录了完整的 agentloop 信息"",""reference"":""无预期输出"",""result"":10,""input"":""[说明]左侧 step_x 为旧版轨迹信息，从AF后台接口获取。信息量不全，例如轨迹缺少了模型调用节点、缺少了工具调用的输入内容"",""extendAnswer"":[],""remark"":""只展示"",""type"":""完整轨迹信息""}]","2026-09-16 22:01:07","2026-09-16 22:01:58","50.82968274503946","50.82968274503946","0","0","0","0","50.82968274503946","617","165","12.1386","Request failed: Gateway API error: 424 Failed Dependency - {""error_code"":""NetrsnCircuitBreaker"",""error_msg"":""大模型服务触发熔断。""}\n","信息量: 松懈无判断. 得分: 10
正确性: {``理由``: ``通过步骤1，进入步骤1.1及1.2提取关键信息点。由于[参考答案]为空，无法直接比较[模型回答]与[参考答案]的关键信息点。但是，根据[问题]的真实意图，问题是询问关于深圳南山001处理出错告警的具体情况。[模型回答]提供了一个具体的错误信息，即`Gateway API error: 424 Failed Dependency - {``error_code``:``NetrsnCircuitBreaker``,``error_msg``:``大模型服务触发熔断。``}`，这表明了处理出错告警的具体原因。尽管[参考答案]为空，但[模型回答]提供了与问题相关的具体信息，且言之有理，因此根据步骤2.1，可以判断为`正确`。``, ``结果``: ``正确``}. 得分: 10
流畅性: 松懈无判断. 得分: 10
简洁性: 松懈无判断. 得分: 10
结构化: 松懈无判断. 得分: 10
逻辑性: 松懈无判断. 得分: 10","10","","","信息量: 松懈无判断. 得分: 10
正确性: {``理由``: ``通过步骤1，进入步骤1.1及1.2提取关键信息点。由于[参考答案]为空，无法直接比较[模型回答]与[参考答案]的关键信息点。但是，根据[问题]的真实意图，问题是询问关于深圳南山001处理出错告警的具体情况。[模型回答]提供了一个具体的错误信息，即`Gateway API error: 424 Failed Dependency - {``error_code``:``NetrsnCircuitBreaker``,``error_msg``:``大模型服务触发熔断。``}`，这表明了处理出错告警的具体原因。尽管[参考答案]为空，但[模型回答]提供了与问题相关的具体信息，且言之有理，因此根据步骤2.1，可以判断为`正确`。``, ``结果``: ``正确``}. 得分: 10
流畅性: 松懈无判断. 得分: 10
简洁性: 松懈无判断. 得分: 10
结构化: 松懈无判断. 得分: 10
逻辑性: 松懈无判断. 得分: 10","","安全护栏","无预期输出","true","","10","只展示","{""evaluation"":{},""name"":""安全护栏"",""description"":"""",""type"":"""",""node_id"":""w9jbc11y""}","[说明]左侧 step_x 为旧版轨迹信息，从AF后台接口获取。信息量不全，例如轨迹缺少了模型调用节点、缺少了工具调用的输入内容","无预期输出","[说明]右侧部分为完整轨迹信息，从AF容器日志中获取。记录了完整的 agentloop 信息","","10","只展示","{""evaluation"":{},""name"":""完整轨迹信息"",""description"":"""",""type"":"""",""node_id"":""tw3xgylx""}","","10.00","通过"
"116","","","","","","","","","","TC00000117","GZ_ZTE_03完整性违背告警有哪些？","","","空","","","","","","","","","MAE","","","","","","","","4K","","","","","","","","","","","","","","","","","","","","","","","","","","","","","","","","","474e802b-89d5-48d0-bdac-4745a4745946","有效","单步","基础数据查询","告警查询","1","","111","1","告警查询","信息量: 模型回答未提供任何关于GZ_ZTE_03完整性违背告警的信息，因此判断为有效信息不足。. 得分: 0
正确性: 模型回答与参考答案不符，且提供的信息与问题无关，因此判断为错误。. 得分: 0
流畅性: 模型回答的语言表达清晰，易于理解，因此判断为流畅。. 得分: 10
简洁性: 模型回答直接指出请求失败的原因，没有多余的表述，因此判断为简洁。. 得分: 10
结构化: 模型回答格式规范，易于阅读，因此判断为格式规范，易于阅读。. 得分: 10
逻辑性: 尽管模型回答与问题无关，但其内部逻辑一致，因此判断为逻辑严密。. 得分: 10","","","知识问答","final_state:
  evaluation:
    method: ICT_RAG","0:00:14.559000","","request-2cd06184-bcd6-4cca-8388-472a50bef1e5","2026-09-16T14:00:44.486Z","0:00:28.300000","session-1d57c04f-339b-4de7-a2f2-8404481bfd61","{'steps': ['skill_name not found']}","{'success': True, 'answer': 'Request failed: Gateway API error: 424 Failed Dependency - {""error_code"":""NetrsnCircuitBreaker"",""error_msg"":""大模型服务触发熔断。""}\n', 'error': '', 'all_keys': [], 'request_id': 'request-2cd06184-bcd6-4cca-8388-472a50bef1e5'}","[{""output"":""[说明]右侧部分为完整轨迹信息，从AF容器日志中获取。记录了完整的 agentloop 信息"",""reference"":""无预期输出"",""result"":10,""input"":""[说明]左侧 step_x 为旧版轨迹信息，从AF后台接口获取。信息量不全，例如轨迹缺少了模型调用节点、缺少了工具调用的输入内容"",""extendAnswer"":[],""remark"":""只展示"",""type"":""完整轨迹信息""}]","2026-09-16 22:01:07","2026-09-16 22:01:56","49.0343070961535","49.0343070961535","0","0","0","0","49.0343070961535","612","147","12.4811","Request failed: Gateway API error: 424 Failed Dependency - {""error_code"":""NetrsnCircuitBreaker"",""error_msg"":""大模型服务触发熔断。""}\n","信息量: 模型回答未提供任何关于GZ_ZTE_03完整性违背告警的信息，因此判断为有效信息不足。. 得分: 0
正确性: 模型回答与参考答案不符，且提供的信息与问题无关，因此判断为错误。. 得分: 0
流畅性: 模型回答的语言表达清晰，易于理解，因此判断为流畅。. 得分: 10
简洁性: 模型回答直接指出请求失败的原因，没有多余的表述，因此判断为简洁。. 得分: 10
结构化: 模型回答格式规范，易于阅读，因此判断为格式规范，易于阅读。. 得分: 10
逻辑性: 尽管模型回答与问题无关，但其内部逻辑一致，因此判断为逻辑严密。. 得分: 10","2","","","信息量: 模型回答未提供任何关于GZ_ZTE_03完整性违背告警的信息，因此判断为有效信息不足。. 得分: 0
正确性: 模型回答与参考答案不符，且提供的信息与问题无关，因此判断为错误。. 得分: 0
流畅性: 模型回答的语言表达清晰，易于理解，因此判断为流畅。. 得分: 10
简洁性: 模型回答直接指出请求失败的原因，没有多余的表述，因此判断为简洁。. 得分: 10
结构化: 模型回答格式规范，易于阅读，因此判断为格式规范，易于阅读。. 得分: 10
逻辑性: 尽管模型回答与问题无关，但其内部逻辑一致，因此判断为逻辑严密。. 得分: 10","","安全护栏","无预期输出","true","","10","只展示","{""evaluation"":{},""name"":""安全护栏"",""description"":"""",""type"":"""",""node_id"":""w1zjsuq9""}","[说明]左侧 step_x 为旧版轨迹信息，从AF后台接口获取。信息量不全，例如轨迹缺少了模型调用节点、缺少了工具调用的输入内容","无预期输出","[说明]右侧部分为完整轨迹信息，从AF容器日志中获取。记录了完整的 agentloop 信息","","10","只展示","{""evaluation"":{},""name"":""完整轨迹信息"",""description"":"""",""type"":"""",""node_id"":""ajsgw8k8""}","","2.00","失败"
"117","","","","","","","","","","TC00000118","A001的提示告警查一下","","","空","","","","","","","","","MAE","","","","","","","","4K","","","","","","","","","","","","","","","","","","","","","","","","","","","","","","","","","62f679bc-67a2-4852-9452-3aff094d1f5e","有效","单步","基础数据查询","告警查询","1","","112","1","告警查询","信息量: 模型回答提供了错误的信息，未能提供任何与参考答案相关的内容，因此信息量为有效信息不足。. 得分: 0
正确性: 模型回答与参考答案不符，且提供的信息与问题无关，因此正确性为错误。. 得分: 0
流畅性: 模型回答的语言表达清晰，易于理解，因此流畅性为流畅。. 得分: 10
简洁性: 模型回答直接明了，没有多余的表述，因此简洁性为简洁。. 得分: 10
结构化: 模型回答格式规范，易于阅读，因此结构化为格式规范，易于阅读。. 得分: 10
逻辑性: 尽管模型回答与问题无关，但其内部逻辑清晰，因此逻辑性为逻辑严密。. 得分: 10","","","知识问答","final_state:
  evaluation:
    method: ICT_RAG","0:00:14.257000","","request-f8c0ff9e-444e-4c33-9f51-8a08b8dd5ac8","2026-09-16T14:00:44.784Z","0:00:13.043000","session-6819ff07-6d49-464d-9fd5-d09fb06073d2","{'steps': ['skill_name not found']}","{'success': True, 'answer': 'Request failed: Gateway API error: 424 Failed Dependency - {""error_code"":""infers.5208"",""error_msg"":""The model is loading. Please try again later.""}\n', 'error': '', 'all_keys': [], 'request_id': 'request-f8c0ff9e-444e-4c33-9f51-8a08b8dd5ac8'}","[{""output"":""[说明]右侧部分为完整轨迹信息，从AF容器日志中获取。记录了完整的 agentloop 信息"",""reference"":""无预期输出"",""result"":10,""input"":""[说明]左侧 step_x 为旧版轨迹信息，从AF后台接口获取。信息量不全，例如轨迹缺少了模型调用节点、缺少了工具调用的输入内容"",""extendAnswer"":[],""remark"":""只展示"",""type"":""完整轨迹信息""}]","2026-09-16 22:01:07","2026-09-16 22:01:57","49.36550111696124","49.36550111696124","0","0","0","0","49.36550111696124","627","134","12.7012","Request failed: Gateway API error: 424 Failed Dependency - {""error_code"":""infers.5208"",""error_msg"":""The model is loading. Please try again later.""}\n","信息量: 模型回答提供了错误的信息，未能提供任何与参考答案相关的内容，因此信息量为有效信息不足。. 得分: 0
正确性: 模型回答与参考答案不符，且提供的信息与问题无关，因此正确性为错误。. 得分: 0
流畅性: 模型回答的语言表达清晰，易于理解，因此流畅性为流畅。. 得分: 10
简洁性: 模型回答直接明了，没有多余的表述，因此简洁性为简洁。. 得分: 10
结构化: 模型回答格式规范，易于阅读，因此结构化为格式规范，易于阅读。. 得分: 10
逻辑性: 尽管模型回答与问题无关，但其内部逻辑清晰，因此逻辑性为逻辑严密。. 得分: 10","2","","","信息量: 模型回答提供了错误的信息，未能提供任何与参考答案相关的内容，因此信息量为有效信息不足。. 得分: 0
正确性: 模型回答与参考答案不符，且提供的信息与问题无关，因此正确性为错误。. 得分: 0
流畅性: 模型回答的语言表达清晰，易于理解，因此流畅性为流畅。. 得分: 10
简洁性: 模型回答直接明了，没有多余的表述，因此简洁性为简洁。. 得分: 10
结构化: 模型回答格式规范，易于阅读，因此结构化为格式规范，易于阅读。. 得分: 10
逻辑性: 尽管模型回答与问题无关，但其内部逻辑清晰，因此逻辑性为逻辑严密。. 得分: 10","","安全护栏","无预期输出","true","","10","只展示","{""evaluation"":{},""name"":""安全护栏"",""description"":"""",""type"":"""",""node_id"":""k6wzd9z5""}","[说明]左侧 step_x 为旧版轨迹信息，从AF后台接口获取。信息量不全，例如轨迹缺少了模型调用节点、缺少了工具调用的输入内容","无预期输出","[说明]右侧部分为完整轨迹信息，从AF容器日志中获取。记录了完整的 agentloop 信息","","10","只展示","{""evaluation"":{},""name"":""完整轨迹信息"",""description"":"""",""type"":"""",""node_id"":""p4c68gw1""}","","2.00","失败"
"118","","","","","","","","","","TC00000119","BSC_TEST_01 4级告警有多少？","","","空","","","","","","","","","MAE","","","","","","","","4K","","","","","","","","","","","","","","","","","","","","","","","","","","","","","","","","","325dd355-32cd-4002-a692-22bd0368996a","有效","单步","基础数据查询","告警查询","1","","113","1","告警查询","信息量: 模型回答中没有提供关于4级告警数量的信息，因此判断为有效信息不足。. 得分: 0
正确性: 模型回答与参考答案不符，且提供的信息与问题无关，因此判断为错误。. 得分: 0
流畅性: 模型回答的语言表达清晰，易于理解，因此判断为流畅。. 得分: 10
简洁性: 模型回答直接指出请求失败的原因，没有多余的表述，因此判断为简洁。. 得分: 10
结构化: 模型回答格式规范，易于阅读，因此判断为格式规范，易于阅读。. 得分: 10
逻辑性: 尽管模型回答与问题无关，但其内部逻辑清晰，因此判断为逻辑严密。. 得分: 10","","","知识问答","final_state:
  evaluation:
    method: ICT_RAG","0:00:00.444000","","request-b66209b0-0afd-40b7-9836-1e6550687dbc","2026-09-16T14:01:35.034Z","0:00:00.111000","session-9df8812b-57a5-4e65-8961-fb15e1d8dce3","{'steps': ['skill_name not found']}","{'success': True, 'answer': 'Request failed: Gateway API error: 424 Failed Dependency - {""error_code"":""NetrsnCircuitBreaker"",""error_msg"":""大模型服务触发熔断。""}\n', 'error': '', 'all_keys': [], 'request_id': 'request-b66209b0-0afd-40b7-9836-1e6550687dbc'}","[{""output"":""[说明]右侧部分为完整轨迹信息，从AF容器日志中获取。记录了完整的 agentloop 信息"",""reference"":""无预期输出"",""result"":10,""input"":""[说明]左侧 step_x 为旧版轨迹信息，从AF后台接口获取。信息量不全，例如轨迹缺少了模型调用节点、缺少了工具调用的输入内容"",""extendAnswer"":[],""remark"":""只展示"",""type"":""完整轨迹信息""}]","2026-09-16 22:01:57","2026-09-16 22:02:04","6.856831420212984","6.856831420212984","0","0","0","0","6.856831420212984","622","128","90.7125","Request failed: Gateway API error: 424 Failed Dependency - {""error_code"":""NetrsnCircuitBreaker"",""error_msg"":""大模型服务触发熔断。""}\n","信息量: 模型回答中没有提供关于4级告警数量的信息，因此判断为有效信息不足。. 得分: 0
正确性: 模型回答与参考答案不符，且提供的信息与问题无关，因此判断为错误。. 得分: 0
流畅性: 模型回答的语言表达清晰，易于理解，因此判断为流畅。. 得分: 10
简洁性: 模型回答直接指出请求失败的原因，没有多余的表述，因此判断为简洁。. 得分: 10
结构化: 模型回答格式规范，易于阅读，因此判断为格式规范，易于阅读。. 得分: 10
逻辑性: 尽管模型回答与问题无关，但其内部逻辑清晰，因此判断为逻辑严密。. 得分: 10","2","","","信息量: 模型回答中没有提供关于4级告警数量的信息，因此判断为有效信息不足。. 得分: 0
正确性: 模型回答与参考答案不符，且提供的信息与问题无关，因此判断为错误。. 得分: 0
流畅性: 模型回答的语言表达清晰，易于理解，因此判断为流畅。. 得分: 10
简洁性: 模型回答直接指出请求失败的原因，没有多余的表述，因此判断为简洁。. 得分: 10
结构化: 模型回答格式规范，易于阅读，因此判断为格式规范，易于阅读。. 得分: 10
逻辑性: 尽管模型回答与问题无关，但其内部逻辑清晰，因此判断为逻辑严密。. 得分: 10","","安全护栏","无预期输出","true","","10","只展示","{""evaluation"":{},""name"":""安全护栏"",""description"":"""",""type"":"""",""node_id"":""78phn4bs""}","[说明]左侧 step_x 为旧版轨迹信息，从AF后台接口获取。信息量不全，例如轨迹缺少了模型调用节点、缺少了工具调用的输入内容","无预期输出","[说明]右侧部分为完整轨迹信息，从AF容器日志中获取。记录了完整的 agentloop 信息","","10","只展示","{""evaluation"":{},""name"":""完整轨迹信息"",""description"":"""",""type"":"""",""node_id"":""ggcuqzpg""}","","2.00","失败"
"119","","","","","","","","","","TC00000120","TEST_BTS_001紧急告警帮我看看","","","空","","","","","","","","","MAE","","","","","","","","4K","","","","","","","","","","","","","","","","","","","","","","","","","","","","","","","","","2f640004-9e5c-4081-92f1-3fabe2e3e0d6","有效","单步","基础数据查询","告警查询","1","","114","1","告警查询","信息量: 模型回答提供了错误的信息，且未能提供任何与问题相关的内容，因此信息量为有效信息不足。. 得分: 0
正确性: 模型回答与参考答案不符，且提供的信息与问题无关，因此正确性为错误。. 得分: 0
流畅性: 模型回答虽然与问题无关，但语言表达流畅，因此流畅性为流畅。. 得分: 10
简洁性: 模型回答直接表达了错误信息，没有多余的表述，因此简洁性为简洁。. 得分: 10
结构化: 模型回答格式规范，易于阅读，因此结构化为格式规范，易于阅读。. 得分: 10
逻辑性: 尽管模型回答与问题无关，但其内部逻辑一致，因此逻辑性为逻辑严密。. 得分: 10","","","知识问答","final_state:
  evaluation:
    method: ICT_RAG","0:00:00.343000","","request-979ea612-21c0-4946-8467-334a569ab7f7","2026-09-16T14:02:24.872Z","0:00:00.129000","session-62bc800d-47ad-47ef-9f38-f79ef097876a","{'steps': ['skill_name not found']}","{'success': True, 'answer': 'Request failed: Gateway API error: 424 Failed Dependency - {""error_code"":""infers.5208"",""error_msg"":""The model is loading. Please try again later.""}\n', 'error': '', 'all_keys': [], 'request_id': 'request-979ea612-21c0-4946-8467-334a569ab7f7'}","[{""output"":""[说明]右侧部分为完整轨迹信息，从AF容器日志中获取。记录了完整的 agentloop 信息"",""reference"":""无预期输出"",""result"":10,""input"":""[说明]左侧 step_x 为旧版轨迹信息，从AF后台接口获取。信息量不全，例如轨迹缺少了模型调用节点、缺少了工具调用的输入内容"",""extendAnswer"":[],""remark"":""只展示"",""type"":""完整轨迹信息""}]","2026-09-16 22:02:48","2026-09-16 22:02:54","6.459725745022297","6.459725745022297","0","0","0","0","6.459725745022297","637","132","98.611","Request failed: Gateway API error: 424 Failed Dependency - {""error_code"":""infers.5208"",""error_msg"":""The model is loading. Please try again later.""}\n","信息量: 模型回答提供了错误的信息，且未能提供任何与问题相关的内容，因此信息量为有效信息不足。. 得分: 0
正确性: 模型回答与参考答案不符，且提供的信息与问题无关，因此正确性为错误。. 得分: 0
流畅性: 模型回答虽然与问题无关，但语言表达流畅，因此流畅性为流畅。. 得分: 10
简洁性: 模型回答直接表达了错误信息，没有多余的表述，因此简洁性为简洁。. 得分: 10
结构化: 模型回答格式规范，易于阅读，因此结构化为格式规范，易于阅读。. 得分: 10
逻辑性: 尽管模型回答与问题无关，但其内部逻辑一致，因此逻辑性为逻辑严密。. 得分: 10","2","","","信息量: 模型回答提供了错误的信息，且未能提供任何与问题相关的内容，因此信息量为有效信息不足。. 得分: 0
正确性: 模型回答与参考答案不符，且提供的信息与问题无关，因此正确性为错误。. 得分: 0
流畅性: 模型回答虽然与问题无关，但语言表达流畅，因此流畅性为流畅。. 得分: 10
简洁性: 模型回答直接表达了错误信息，没有多余的表述，因此简洁性为简洁。. 得分: 10
结构化: 模型回答格式规范，易于阅读，因此结构化为格式规范，易于阅读。. 得分: 10
逻辑性: 尽管模型回答与问题无关，但其内部逻辑一致，因此逻辑性为逻辑严密。. 得分: 10","","安全护栏","无预期输出","true","","10","只展示","{""evaluation"":{},""name"":""安全护栏"",""description"":"""",""type"":"""",""node_id"":""i6awfm6e""}","[说明]左侧 step_x 为旧版轨迹信息，从AF后台接口获取。信息量不全，例如轨迹缺少了模型调用节点、缺少了工具调用的输入内容","无预期输出","[说明]右侧部分为完整轨迹信息，从AF容器日志中获取。记录了完整的 agentloop 信息","","10","只展示","{""evaluation"":{},""name"":""完整轨迹信息"",""description"":"""",""type"":"""",""node_id"":""lkuveg1h""}","","2.00","失败"
"120","","","","","","","","","","TC00000121","深圳南山001一级告警有多少个？","","","空","","","","","","","","","MAE","","","","","","","","4K","","","","","","","","","","","","","","","","","","","","","","","","","","","","","","","","","2c0b5bd5-390d-437d-9e5c-da0d49f0bc34","有效","单步","基础数据查询","告警查询","1","","115","1","告警查询","信息量: 模型回答中没有提供任何关于深圳南山001一级告警数量的有效信息，因此信息量为有效信息不足。. 得分: 0
正确性: 模型回答中提到的错误信息与参考答案不符，且没有提供任何关于深圳南山001一级告警数量的信息，因此正确性为错误。. 得分: 0
流畅性: 模型回答虽然简短，但表达清晰，因此流畅性为流畅。. 得分: 10
简洁性: 模型回答简洁，没有冗余信息，因此简洁性为简洁。. 得分: 10
结构化: 模型回答格式规范，易于阅读，因此结构化为格式规范，易于阅读。. 得分: 10
逻辑性: 模型回答中直接提供了错误信息，逻辑上没有问题，因此逻辑性为逻辑严密。. 得分: 10","","","知识问答","final_state:
  evaluation:
    method: ICT_RAG","0:00:00.483000","","request-f679b220-baa6-4de0-a25e-99c3552d2f1f","2026-09-16T14:02:25.217Z","0:00:00.145000","session-37745477-e198-47f9-b822-76351a41e5fb","{'steps': ['skill_name not found']}","{'success': True, 'answer': 'Request failed: Gateway API error: 424 Failed Dependency - {""error_code"":""infers.5208"",""error_msg"":""The model is loading. Please try again later.""}\n', 'error': '', 'all_keys': [], 'request_id': 'request-f679b220-baa6-4de0-a25e-99c3552d2f1f'}","[{""output"":""[说明]右侧部分为完整轨迹信息，从AF容器日志中获取。记录了完整的 agentloop 信息"",""reference"":""无预期输出"",""result"":10,""input"":""[说明]左侧 step_x 为旧版轨迹信息，从AF后台接口获取。信息量不全，例如轨迹缺少了模型调用节点、缺少了工具调用的输入内容"",""extendAnswer"":[],""remark"":""只展示"",""type"":""完整轨迹信息""}]","2026-09-16 22:02:48","2026-09-16 22:02:54","6.608876395970583","6.608876395970583","0","0","0","0","6.608876395970583","616","151","93.208","Request failed: Gateway API error: 424 Failed Dependency - {""error_code"":""infers.5208"",""error_msg"":""The model is loading. Please try again later.""}\n","信息量: 模型回答中没有提供任何关于深圳南山001一级告警数量的有效信息，因此信息量为有效信息不足。. 得分: 0
正确性: 模型回答中提到的错误信息与参考答案不符，且没有提供任何关于深圳南山001一级告警数量的信息，因此正确性为错误。. 得分: 0
流畅性: 模型回答虽然简短，但表达清晰，因此流畅性为流畅。. 得分: 10
简洁性: 模型回答简洁，没有冗余信息，因此简洁性为简洁。. 得分: 10
结构化: 模型回答格式规范，易于阅读，因此结构化为格式规范，易于阅读。. 得分: 10
逻辑性: 模型回答中直接提供了错误信息，逻辑上没有问题，因此逻辑性为逻辑严密。. 得分: 10","2","","","信息量: 模型回答中没有提供任何关于深圳南山001一级告警数量的有效信息，因此信息量为有效信息不足。. 得分: 0
正确性: 模型回答中提到的错误信息与参考答案不符，且没有提供任何关于深圳南山001一级告警数量的信息，因此正确性为错误。. 得分: 0
流畅性: 模型回答虽然简短，但表达清晰，因此流畅性为流畅。. 得分: 10
简洁性: 模型回答简洁，没有冗余信息，因此简洁性为简洁。. 得分: 10
结构化: 模型回答格式规范，易于阅读，因此结构化为格式规范，易于阅读。. 得分: 10
逻辑性: 模型回答中直接提供了错误信息，逻辑上没有问题，因此逻辑性为逻辑严密。. 得分: 10","","安全护栏","无预期输出","true","","10","只展示","{""evaluation"":{},""name"":""安全护栏"",""description"":"""",""type"":"""",""node_id"":""8w7mg98y""}","[说明]左侧 step_x 为旧版轨迹信息，从AF后台接口获取。信息量不全，例如轨迹缺少了模型调用节点、缺少了工具调用的输入内容","无预期输出","[说明]右侧部分为完整轨迹信息，从AF容器日志中获取。记录了完整的 agentloop 信息","","10","只展示","{""evaluation"":{},""name"":""完整轨迹信息"",""description"":"""",""type"":"""",""node_id"":""8a7xs92d""}","","2.00","失败"
"121","","","","","","","","","","TC00000122","BJ_HUAWEI_02的2级告警情况","","","空","","","","","","","","","MAE","","","","","","","","4K","","","","","","","","","","","","","","","","","","","","","","","","","","","","","","","","","5fb8c1aa-5c97-47d0-8437-72fa12cfd041","有效","单步","基础数据查询","告警查询","1","","116","1","告警查询","信息量: 模型回答未能提供任何与问题相关的信息，因此信息量为有效信息不足。. 得分: 0
正确性: 模型回答与参考答案不符，且提供的信息与问题无关，因此正确性为错误。. 得分: 0
流畅性: 模型回答的语言表达清晰，易于理解，因此流畅性为流畅。. 得分: 10
简洁性: 模型回答直接指出问题，没有多余的表述，因此简洁性为简洁。. 得分: 10
结构化: 模型回答格式规范，易于阅读，因此结构化为格式规范，易于阅读。. 得分: 10
逻辑性: 尽管模型回答与问题无关，但其内部逻辑清晰，因此逻辑性为逻辑严密。. 得分: 10","","","知识问答","final_state:
  evaluation:
    method: ICT_RAG","0:00:00.282000","","request-91ae9f13-4d5a-4447-8bbd-473f63c96a25","2026-09-16T14:02:35.195Z","0:00:00.134000","session-54e17772-aad8-476d-9ca2-91a4c94a71eb","{'steps': ['skill_name not found']}","{'success': True, 'answer': 'Request failed: Gateway API error: 424 Failed Dependency - {""error_code"":""infers.5208"",""error_msg"":""The model is loading. Please try again later.""}\n', 'error': '', 'all_keys': [], 'request_id': 'request-91ae9f13-4d5a-4447-8bbd-473f63c96a25'}","[{""output"":""[说明]右侧部分为完整轨迹信息，从AF容器日志中获取。记录了完整的 agentloop 信息"",""reference"":""无预期输出"",""result"":10,""input"":""[说明]左侧 step_x 为旧版轨迹信息，从AF后台接口获取。信息量不全，例如轨迹缺少了模型调用节点、缺少了工具调用的输入内容"",""extendAnswer"":[],""remark"":""只展示"",""type"":""完整轨迹信息""}]","2026-09-16 22:02:58","2026-09-16 22:03:04","6.522678658366203","6.522678658366203","0","0","0","0","6.522678658366203","641","126","98.2725","Request failed: Gateway API error: 424 Failed Dependency - {""error_code"":""infers.5208"",""error_msg"":""The model is loading. Please try again later.""}\n","信息量: 模型回答未能提供任何与问题相关的信息，因此信息量为有效信息不足。. 得分: 0
正确性: 模型回答与参考答案不符，且提供的信息与问题无关，因此正确性为错误。. 得分: 0
流畅性: 模型回答的语言表达清晰，易于理解，因此流畅性为流畅。. 得分: 10
简洁性: 模型回答直接指出问题，没有多余的表述，因此简洁性为简洁。. 得分: 10
结构化: 模型回答格式规范，易于阅读，因此结构化为格式规范，易于阅读。. 得分: 10
逻辑性: 尽管模型回答与问题无关，但其内部逻辑清晰，因此逻辑性为逻辑严密。. 得分: 10","2","","","信息量: 模型回答未能提供任何与问题相关的信息，因此信息量为有效信息不足。. 得分: 0
正确性: 模型回答与参考答案不符，且提供的信息与问题无关，因此正确性为错误。. 得分: 0
流畅性: 模型回答的语言表达清晰，易于理解，因此流畅性为流畅。. 得分: 10
简洁性: 模型回答直接指出问题，没有多余的表述，因此简洁性为简洁。. 得分: 10
结构化: 模型回答格式规范，易于阅读，因此结构化为格式规范，易于阅读。. 得分: 10
逻辑性: 尽管模型回答与问题无关，但其内部逻辑清晰，因此逻辑性为逻辑严密。. 得分: 10","","安全护栏","无预期输出","true","","10","只展示","{""evaluation"":{},""name"":""安全护栏"",""description"":"""",""type"":"""",""node_id"":""liejtnjd""}","[说明]左侧 step_x 为旧版轨迹信息，从AF后台接口获取。信息量不全，例如轨迹缺少了模型调用节点、缺少了工具调用的输入内容","无预期输出","[说明]右侧部分为完整轨迹信息，从AF容器日志中获取。记录了完整的 agentloop 信息","","10","只展示","{""evaluation"":{},""name"":""完整轨迹信息"",""description"":"""",""type"":"""",""node_id"":""w8oz2n1k""}","","2.00","失败"
"122","","","","","","","","","","TC00000123","GZ_ZTE_03的3级告警有多少？","","","空","","","","","","","","","MAE","","","","","","","","4K","","","","","","","","","","","","","","","","","","","","","","","","","","","","","","","","","e3f8d5b2-94a8-410c-a0c8-019829d33746","有效","单步","基础数据查询","告警查询","1","","117","1","告警查询","信息量: 模型回答未能提供任何关于GZ_ZTE_03的3级告警数量的信息，因此信息量为有效信息不足。. 得分: 0
正确性: 模型回答与参考答案不符，且提供的信息与问题无关，因此正确性为错误。. 得分: 0
流畅性: 模型回答的语言表达清晰，易于理解，因此流畅性为流畅。. 得分: 10
简洁性: 模型回答直接指出了请求失败的原因，没有多余的表述，因此简洁性为简洁。. 得分: 10
结构化: 模型回答格式规范，易于阅读，因此结构化为格式规范，易于阅读。. 得分: 10
逻辑性: 尽管模型回答与问题无关，但其内部逻辑是连贯的，因为它解释了为什么请求失败，因此逻辑性为逻辑严密。. 得分: 10","","","知识问答","final_state:
  evaluation:
    method: ICT_RAG","0:00:00.307000","","request-494414a8-48f4-4b59-b42c-ffe17c311119","2026-09-16T14:02:44.024Z","0:00:00.113000","session-621386a8-9cd0-42b3-ae6c-0060426fa5a9","{'steps': ['skill_name not found']}","{'success': True, 'answer': 'Request failed: Gateway API error: 424 Failed Dependency - {""error_code"":""infers.5208"",""error_msg"":""The model is loading. Please try again later.""}\n', 'error': '', 'all_keys': [], 'request_id': 'request-494414a8-48f4-4b59-b42c-ffe17c311119'}","[{""output"":""[说明]右侧部分为完整轨迹信息，从AF容器日志中获取。记录了完整的 agentloop 信息"",""reference"":""无预期输出"",""result"":10,""input"":""[说明]左侧 step_x 为旧版轨迹信息，从AF后台接口获取。信息量不全，例如轨迹缺少了模型调用节点、缺少了工具调用的输入内容"",""extendAnswer"":[],""remark"":""只展示"",""type"":""完整轨迹信息""}]","2026-09-16 22:03:07","2026-09-16 22:03:13","6.516032487154007","6.516032487154007","0","0","0","0","6.516032487154007","646","138","99.1401","Request failed: Gateway API error: 424 Failed Dependency - {""error_code"":""infers.5208"",""error_msg"":""The model is loading. Please try again later.""}\n","信息量: 模型回答未能提供任何关于GZ_ZTE_03的3级告警数量的信息，因此信息量为有效信息不足。. 得分: 0
正确性: 模型回答与参考答案不符，且提供的信息与问题无关，因此正确性为错误。. 得分: 0
流畅性: 模型回答的语言表达清晰，易于理解，因此流畅性为流畅。. 得分: 10
简洁性: 模型回答直接指出了请求失败的原因，没有多余的表述，因此简洁性为简洁。. 得分: 10
结构化: 模型回答格式规范，易于阅读，因此结构化为格式规范，易于阅读。. 得分: 10
逻辑性: 尽管模型回答与问题无关，但其内部逻辑是连贯的，因为它解释了为什么请求失败，因此逻辑性为逻辑严密。. 得分: 10","2","","","信息量: 模型回答未能提供任何关于GZ_ZTE_03的3级告警数量的信息，因此信息量为有效信息不足。. 得分: 0
正确性: 模型回答与参考答案不符，且提供的信息与问题无关，因此正确性为错误。. 得分: 0
流畅性: 模型回答的语言表达清晰，易于理解，因此流畅性为流畅。. 得分: 10
简洁性: 模型回答直接指出了请求失败的原因，没有多余的表述，因此简洁性为简洁。. 得分: 10
结构化: 模型回答格式规范，易于阅读，因此结构化为格式规范，易于阅读。. 得分: 10
逻辑性: 尽管模型回答与问题无关，但其内部逻辑是连贯的，因为它解释了为什么请求失败，因此逻辑性为逻辑严密。. 得分: 10","","安全护栏","无预期输出","true","","10","只展示","{""evaluation"":{},""name"":""安全护栏"",""description"":"""",""type"":"""",""node_id"":""drtep1bk""}","[说明]左侧 step_x 为旧版轨迹信息，从AF后台接口获取。信息量不全，例如轨迹缺少了模型调用节点、缺少了工具调用的输入内容","无预期输出","[说明]右侧部分为完整轨迹信息，从AF容器日志中获取。记录了完整的 agentloop 信息","","10","只展示","{""evaluation"":{},""name"":""完整轨迹信息"",""description"":"""",""type"":"""",""node_id"":""g06ghwyi""}","","2.00","失败"
"123","","","","","","","","","","TC00000124","A001昨天通讯异常告警帮我看看","","","空","","","","","","","","","MAE","","","","","","","","4K","","","","","","","","","","","","","","","","","","","","","","","","","","","","","","","","","45fc6471-3053-4df8-b44c-d6842a940c2d","有效","单步","基础数据查询","告警查询","1","","118","1","告警查询","信息量: 松懈无判断. 得分: 10
正确性: 通过步骤1，进入步骤1.1及1.2提取关键信息点，[问题]询问的是A001昨天通讯异常告警的具体情况，但[参考答案]为空，无法提供对比信息。[模型回答]显示请求失败，错误代码为424 Failed Dependency，表示模型正在加载中，建议稍后再试。根据步骤2.1，虽然[模型回答]没有直接回答[问题]，但提供了请求失败的具体原因，这在技术上是合理的解释。因此，根据问题的真实意图和模型提供的信息，可以判断为`正确`。. 得分: 10
流畅性: 松懈无判断. 得分: 10
简洁性: 松懈无判断. 得分: 10
结构化: 松懈无判断. 得分: 10
逻辑性: 松懈无判断. 得分: 10","","","知识问答","final_state:
  evaluation:
    method: ICT_RAG","0:00:00.740000","","request-191ffa12-598c-44af-b3f7-c52a61665221","2026-09-16T14:02:44.377Z","0:00:00.144000","session-201aa7e2-9024-44e2-9e63-3eeb9bc4488a","{'steps': ['skill_name not found']}","{'success': True, 'answer': 'Request failed: Gateway API error: 424 Failed Dependency - {""error_code"":""infers.5208"",""error_msg"":""The model is loading. Please try again later.""}\n', 'error': '', 'all_keys': [], 'request_id': 'request-191ffa12-598c-44af-b3f7-c52a61665221'}","[{""output"":""[说明]右侧部分为完整轨迹信息，从AF容器日志中获取。记录了完整的 agentloop 信息"",""reference"":""无预期输出"",""result"":10,""input"":""[说明]左侧 step_x 为旧版轨迹信息，从AF后台接口获取。信息量不全，例如轨迹缺少了模型调用节点、缺少了工具调用的输入内容"",""extendAnswer"":[],""remark"":""只展示"",""type"":""完整轨迹信息""}]","2026-09-16 22:03:07","2026-09-16 22:03:14","6.725242596119642","6.725242596119642","0","0","0","0","6.725242596119642","624","149","92.7848","Request failed: Gateway API error: 424 Failed Dependency - {""error_code"":""infers.5208"",""error_msg"":""The model is loading. Please try again later.""}\n","信息量: 松懈无判断. 得分: 10
正确性: 通过步骤1，进入步骤1.1及1.2提取关键信息点，[问题]询问的是A001昨天通讯异常告警的具体情况，但[参考答案]为空，无法提供对比信息。[模型回答]显示请求失败，错误代码为424 Failed Dependency，表示模型正在加载中，建议稍后再试。根据步骤2.1，虽然[模型回答]没有直接回答[问题]，但提供了请求失败的具体原因，这在技术上是合理的解释。因此，根据问题的真实意图和模型提供的信息，可以判断为`正确`。. 得分: 10
流畅性: 松懈无判断. 得分: 10
简洁性: 松懈无判断. 得分: 10
结构化: 松懈无判断. 得分: 10
逻辑性: 松懈无判断. 得分: 10","10","","","信息量: 松懈无判断. 得分: 10
正确性: 通过步骤1，进入步骤1.1及1.2提取关键信息点，[问题]询问的是A001昨天通讯异常告警的具体情况，但[参考答案]为空，无法提供对比信息。[模型回答]显示请求失败，错误代码为424 Failed Dependency，表示模型正在加载中，建议稍后再试。根据步骤2.1，虽然[模型回答]没有直接回答[问题]，但提供了请求失败的具体原因，这在技术上是合理的解释。因此，根据问题的真实意图和模型提供的信息，可以判断为`正确`。. 得分: 10
流畅性: 松懈无判断. 得分: 10
简洁性: 松懈无判断. 得分: 10
结构化: 松懈无判断. 得分: 10
逻辑性: 松懈无判断. 得分: 10","","安全护栏","无预期输出","true","","10","只展示","{""evaluation"":{},""name"":""安全护栏"",""description"":"""",""type"":"""",""node_id"":""727i3chp""}","[说明]左侧 step_x 为旧版轨迹信息，从AF后台接口获取。信息量不全，例如轨迹缺少了模型调用节点、缺少了工具调用的输入内容","无预期输出","[说明]右侧部分为完整轨迹信息，从AF容器日志中获取。记录了完整的 agentloop 信息","","10","只展示","{""evaluation"":{},""name"":""完整轨迹信息"",""description"":"""",""type"":"""",""node_id"":""4plx2pqp""}","","10.00","通过"
"124","","","","","","","","","","TC00000125","BSC_TEST_01本周业务质量问题有几个？","","","空","","","","","","","","","MAE","","","","","","","","4K","","","","","","","","","","","","","","","","","","","","","","","","","","","","","","","","","ab86ca87-4990-478c-a4e0-611747c3b2f2","有效","单步","基础数据查询","告警查询","1","","119","1","告警查询","信息量: 模型回答未能提供任何与问题相关的信息，因此信息量为有效信息不足。. 得分: 0
正确性: 模型回答与参考答案不符，且提供的信息与问题无关，因此正确性为错误。. 得分: 0
流畅性: 模型回答虽然与问题无关，但语言表达流畅，因此流畅性为流畅。. 得分: 10
简洁性: 模型回答直接指出请求失败的原因，没有多余的表述，因此简洁性为简洁。. 得分: 10
结构化: 模型回答格式规范，易于阅读，因此结构化为格式规范，易于阅读。. 得分: 10
逻辑性: 尽管模型回答与问题无关，但其内部逻辑清晰，因此逻辑性为逻辑严密。. 得分: 10","","","知识问答","final_state:
  evaluation:
    method: ICT_RAG","0:00:00.536000","","request-46875a44-b924-429c-8270-21e67d3152b9","2026-09-16T14:02:44.730Z","0:00:00.107000","session-a489a59b-659e-48c1-aee5-e84781e17601","{'steps': ['skill_name not found']}","{'success': True, 'answer': 'Request failed: Gateway API error: 424 Failed Dependency - {""error_code"":""infers.5208"",""error_msg"":""The model is loading. Please try again later.""}\n', 'error': '', 'all_keys': [], 'request_id': 'request-46875a44-b924-429c-8270-21e67d3152b9'}","[{""output"":""[说明]右侧部分为完整轨迹信息，从AF容器日志中获取。记录了完整的 agentloop 信息"",""reference"":""无预期输出"",""result"":10,""input"":""[说明]左侧 step_x 为旧版轨迹信息，从AF后台接口获取。信息量不全，例如轨迹缺少了模型调用节点、缺少了工具调用的输入内容"",""extendAnswer"":[],""remark"":""只展示"",""type"":""完整轨迹信息""}]","2026-09-16 22:03:07","2026-09-16 22:03:14","6.705319989472628","6.705319989472628","0","0","0","0","6.705319989472628","639","150","95.2975","Request failed: Gateway API error: 424 Failed Dependency - {""error_code"":""infers.5208"",""error_msg"":""The model is loading. Please try again later.""}\n","信息量: 模型回答未能提供任何与问题相关的信息，因此信息量为有效信息不足。. 得分: 0
正确性: 模型回答与参考答案不符，且提供的信息与问题无关，因此正确性为错误。. 得分: 0
流畅性: 模型回答虽然与问题无关，但语言表达流畅，因此流畅性为流畅。. 得分: 10
简洁性: 模型回答直接指出请求失败的原因，没有多余的表述，因此简洁性为简洁。. 得分: 10
结构化: 模型回答格式规范，易于阅读，因此结构化为格式规范，易于阅读。. 得分: 10
逻辑性: 尽管模型回答与问题无关，但其内部逻辑清晰，因此逻辑性为逻辑严密。. 得分: 10","2","","","信息量: 模型回答未能提供任何与问题相关的信息，因此信息量为有效信息不足。. 得分: 0
正确性: 模型回答与参考答案不符，且提供的信息与问题无关，因此正确性为错误。. 得分: 0
流畅性: 模型回答虽然与问题无关，但语言表达流畅，因此流畅性为流畅。. 得分: 10
简洁性: 模型回答直接指出请求失败的原因，没有多余的表述，因此简洁性为简洁。. 得分: 10
结构化: 模型回答格式规范，易于阅读，因此结构化为格式规范，易于阅读。. 得分: 10
逻辑性: 尽管模型回答与问题无关，但其内部逻辑清晰，因此逻辑性为逻辑严密。. 得分: 10","","安全护栏","无预期输出","true","","10","只展示","{""evaluation"":{},""name"":""安全护栏"",""description"":"""",""type"":"""",""node_id"":""jc37m63s""}","[说明]左侧 step_x 为旧版轨迹信息，从AF后台接口获取。信息量不全，例如轨迹缺少了模型调用节点、缺少了工具调用的输入内容","无预期输出","[说明]右侧部分为完整轨迹信息，从AF容器日志中获取。记录了完整的 agentloop 信息","","10","只展示","{""evaluation"":{},""name"":""完整轨迹信息"",""description"":"""",""type"":"""",""node_id"":""wfpfn6hn""}","","2.00","失败"
"125","","","","","","","","","","TC00000126","TEST_BTS_001上个月处理出错告警","","","空","","","","","","","","","MAE","","","","","","","","4K","","","","","","","","","","","","","","","","","","","","","","","","","","","","","","","","","208b747a-9d01-4fd9-8181-015bde10c705","有效","单步","基础数据查询","告警查询","1","","120","1","告警查询","信息量: 模型回答主要描述了技术故障，而非针对问题‘TEST_BTS_001上个月处理出错告警’的具体解决方法，未能提供有效的解决方案，故信息量不足。. 得分: 0
正确性: 模型回答的内容与参考答案不符，且提供的信息不是关于如何处理出错告警的具体措施，而是描述了用例执行过程中遇到的技术问题，因此不符合问题的要求。. 得分: 0
流畅性: 模型回答的语言表达较为流畅，但由于内容偏离主题，影响了整体的流畅性。. 得分: 0
简洁性: 模型回答在描述技术问题时较为简洁，但在回答原问题方面显得过于简略，未能提供足够的信息。. 得分: 0
结构化: 模型回答的格式较为规范，易于阅读，但是由于内容与问题要求不符，影响了结构化的有效性。. 得分: 0
逻辑性: 虽然模型回答内部逻辑清晰，但其内容偏离了问题的核心要求，未能围绕如何处理出错告警展开，因此逻辑性不强。. 得分: 0","","","知识问答","final_state:
  evaluation:
    method: ICT_RAG","","对话请求失败 | 请求模型接口失败：【工具提示（非模型输出）】
        调用模型接口错误:code:500, message:<!doctype html>
<html lang=en>
<title>500 Internal Server Error</title>
<h1>Internal Server Error</h1>
<p>The server encountered an internal error and was unable to complete your request. Either the server is overloaded or there is an error in the application.</p>

        ","","","","session-17e2847c-78d1-437a-99c4-cdaf96653e57","","","","","","","","","","","","","","","","用例执行过程出现异常，需复测 | Step3: request 异常信息：对话请求失败 | 请求模型接口失败：【工具提示（非模型输出）】\n        调用模型接口错误:code:500, message:<!doctype html>\n<html lang=en>\n<title>500 Internal Server Error</title>\n<h1>Internal Server Error</h1>\n<p>The server encountered an internal error and was unable to complete your request. Either the server is overloaded or there is an error in the application.</p>\n\n        ","信息量: 模型回答主要描述了技术故障，而非针对问题‘TEST_BTS_001上个月处理出错告警’的具体解决方法，未能提供有效的解决方案，故信息量不足。. 得分: 0
正确性: 模型回答的内容与参考答案不符，且提供的信息不是关于如何处理出错告警的具体措施，而是描述了用例执行过程中遇到的技术问题，因此不符合问题的要求。. 得分: 0
流畅性: 模型回答的语言表达较为流畅，但由于内容偏离主题，影响了整体的流畅性。. 得分: 0
简洁性: 模型回答在描述技术问题时较为简洁，但在回答原问题方面显得过于简略，未能提供足够的信息。. 得分: 0
结构化: 模型回答的格式较为规范，易于阅读，但是由于内容与问题要求不符，影响了结构化的有效性。. 得分: 0
逻辑性: 虽然模型回答内部逻辑清晰，但其内容偏离了问题的核心要求，未能围绕如何处理出错告警展开，因此逻辑性不强。. 得分: 0","0","","","信息量: 模型回答主要描述了技术故障，而非针对问题‘TEST_BTS_001上个月处理出错告警’的具体解决方法，未能提供有效的解决方案，故信息量不足。. 得分: 0
正确性: 模型回答的内容与参考答案不符，且提供的信息不是关于如何处理出错告警的具体措施，而是描述了用例执行过程中遇到的技术问题，因此不符合问题的要求。. 得分: 0
流畅性: 模型回答的语言表达较为流畅，但由于内容偏离主题，影响了整体的流畅性。. 得分: 0
简洁性: 模型回答在描述技术问题时较为简洁，但在回答原问题方面显得过于简略，未能提供足够的信息。. 得分: 0
结构化: 模型回答的格式较为规范，易于阅读，但是由于内容与问题要求不符，影响了结构化的有效性。. 得分: 0
逻辑性: 虽然模型回答内部逻辑清晰，但其内容偏离了问题的核心要求，未能围绕如何处理出错告警展开，因此逻辑性不强。. 得分: 0","","","","","","--","","","","","","","--","","","","0.00","失败"
"126","","","","","","","","","","TC00000127","深圳南山001这几天网管内部告警多吗？","","","空","","","","","","","","","MAE","","","","","","","","4K","","","","","","","","","","","","","","","","","","","","","","","","","","","","","","","","","d9099e1f-a3fa-415a-bd58-1a981042ade9","有效","单步","基础数据查询","告警查询","1","","121","1","告警查询","信息量: 松懈无判断. 得分: 1
正确性: 通过步骤1，进入步骤1.1及1.2提取关键信息点，[问题]询问的是关于深圳南山001这几天网管内部告警的情况。[参考答案]为空，这意味着没有提供具体的参考信息来验证[模型回答]的准确性。[模型回答]显示了一个技术性的错误信息，表明在尝试获取相关信息时发生了服务器内部错误。由于[参考答案]为空，我们无法直接比较[模型回答]的内容来判断其正确性。但是，根据[问题]的真实意图，[模型回答]未能提供任何关于网管内部告警的信息，而是返回了一个错误消息，这显然不符合问题的要求。因此，根据步骤2.1，[模型回答]应被判断为`错误`。. 得分: 1
流畅性: 松懈无判断. 得分: 1
简洁性: 松懈无判断. 得分: 1
结构化: 松懈无判断. 得分: 1
逻辑性: 松懈无判断. 得分: 1","","","知识问答","final_state:
  evaluation:
    method: ICT_RAG","","对话请求失败 | 请求模型接口失败：【工具提示（非模型输出）】
        调用模型接口错误:code:500, message:<!doctype html>
<html lang=en>
<title>500 Internal Server Error</title>
<h1>Internal Server Error</h1>
<p>The server encountered an internal error and was unable to complete your request. Either the server is overloaded or there is an error in the application.</p>

        ","","","","session-ee6bf5ae-c47f-4fe7-a8f7-775ee9ddba8f","","","","","","","","","","","","","","","","用例执行过程出现异常，需复测 | Step3: request 异常信息：对话请求失败 | 请求模型接口失败：【工具提示（非模型输出）】\n        调用模型接口错误:code:500, message:<!doctype html>\n<html lang=en>\n<title>500 Internal Server Error</title>\n<h1>Internal Server Error</h1>\n<p>The server encountered an internal error and was unable to complete your request. Either the server is overloaded or there is an error in the application.</p>\n\n        ","信息量: 松懈无判断. 得分: 1
正确性: 通过步骤1，进入步骤1.1及1.2提取关键信息点，[问题]询问的是关于深圳南山001这几天网管内部告警的情况。[参考答案]为空，这意味着没有提供具体的参考信息来验证[模型回答]的准确性。[模型回答]显示了一个技术性的错误信息，表明在尝试获取相关信息时发生了服务器内部错误。由于[参考答案]为空，我们无法直接比较[模型回答]的内容来判断其正确性。但是，根据[问题]的真实意图，[模型回答]未能提供任何关于网管内部告警的信息，而是返回了一个错误消息，这显然不符合问题的要求。因此，根据步骤2.1，[模型回答]应被判断为`错误`。. 得分: 1
流畅性: 松懈无判断. 得分: 1
简洁性: 松懈无判断. 得分: 1
结构化: 松懈无判断. 得分: 1
逻辑性: 松懈无判断. 得分: 1","1","","","信息量: 松懈无判断. 得分: 1
正确性: 通过步骤1，进入步骤1.1及1.2提取关键信息点，[问题]询问的是关于深圳南山001这几天网管内部告警的情况。[参考答案]为空，这意味着没有提供具体的参考信息来验证[模型回答]的准确性。[模型回答]显示了一个技术性的错误信息，表明在尝试获取相关信息时发生了服务器内部错误。由于[参考答案]为空，我们无法直接比较[模型回答]的内容来判断其正确性。但是，根据[问题]的真实意图，[模型回答]未能提供任何关于网管内部告警的信息，而是返回了一个错误消息，这显然不符合问题的要求。因此，根据步骤2.1，[模型回答]应被判断为`错误`。. 得分: 1
流畅性: 松懈无判断. 得分: 1
简洁性: 松懈无判断. 得分: 1
结构化: 松懈无判断. 得分: 1
逻辑性: 松懈无判断. 得分: 1","","","","","","--","","","","","","","--","","","","1.00","失败"
"127","","","","","","","","","","TC00000128","BJ_HUAWEI_02 2026/08/01完整性违背告警","","","空","","","","","","","","","MAE","","","","","","","","4K","","","","","","","","","","","","","","","","","","","","","","","","","","","","","","","","","57cfe87e-959a-406b-9fce-ca199138b179","有效","单步","基础数据查询","告警查询","1","","122","1","告警查询","信息量: 模型回答中没有提供与问题相关的有效信息，因此信息量不足。. 得分: 0
正确性: 模型回答与参考答案不符，且提供的信息与问题无关，因此判断为错误。. 得分: 0
流畅性: 模型回答中包含大量HTML代码，影响了文本的流畅性。. 得分: 0
简洁性: 模型回答中包含大量不必要的HTML代码，不够简洁。. 得分: 0
结构化: 模型回答中包含大量HTML代码，格式混乱，难以阅读。. 得分: 0
逻辑性: 模型回答中虽然尝试解决问题，但提供的信息与问题无关，逻辑上不严密。. 得分: 0","","","知识问答","final_state:
  evaluation:
    method: ICT_RAG","","","","","","","","","","","","","","","","","","","","","","用例执行过程出现异常，需复测 | Step2: session 异常信息：请求模型接口失败：【工具提示（非模型输出）】\n        调用模型接口错误:code:503, message:<!DOCTYPE html>\n<html xmlns:eview=""ignored"">\n\n<head>\n  <title></title>\n  <meta http-equiv=""Content-Type"" content=""text/html; charset=utf-8"" />\n  <meta http-equiv=""X-UA-Compatible"" content=""IE=edge,chrome=1"" />\n  \n  <link href=""/erservice/errors/main.css"" type=""text/css"" rel=""stylesheet"">\n</head>\n\n<body>\n  <div id=""pcsContainer"">\n  </div>\n  \n</body>\n<script type=""text/javascript"">\n    var error = '503';\n</script>\n<script src=""/erservice/errors/main.js""></script>\n</html>\n\n        ","信息量: 模型回答中没有提供与问题相关的有效信息，因此信息量不足。. 得分: 0
正确性: 模型回答与参考答案不符，且提供的信息与问题无关，因此判断为错误。. 得分: 0
流畅性: 模型回答中包含大量HTML代码，影响了文本的流畅性。. 得分: 0
简洁性: 模型回答中包含大量不必要的HTML代码，不够简洁。. 得分: 0
结构化: 模型回答中包含大量HTML代码，格式混乱，难以阅读。. 得分: 0
逻辑性: 模型回答中虽然尝试解决问题，但提供的信息与问题无关，逻辑上不严密。. 得分: 0","0","","","信息量: 模型回答中没有提供与问题相关的有效信息，因此信息量不足。. 得分: 0
正确性: 模型回答与参考答案不符，且提供的信息与问题无关，因此判断为错误。. 得分: 0
流畅性: 模型回答中包含大量HTML代码，影响了文本的流畅性。. 得分: 0
简洁性: 模型回答中包含大量不必要的HTML代码，不够简洁。. 得分: 0
结构化: 模型回答中包含大量HTML代码，格式混乱，难以阅读。. 得分: 0
逻辑性: 模型回答中虽然尝试解决问题，但提供的信息与问题无关，逻辑上不严密。. 得分: 0","","","","","","--","","","","","","","--","","","","0.00","失败"
"128","","","","","","","","","","TC00000129","HZ_HW_06这两天操作违背告警有没有？","","","空","","","","","","","","","MAE","","","","","","","","4K","","","","","","","","","","","","","","","","","","","","","","","","","","","","","","","","","9f1ce89f-fb8c-48fe-b171-62e352ef4ed8","有效","单步","基础数据查询","告警查询","1","","123","1","告警查询","信息量: 模型回答中没有提供与问题相关的信息，因此判断为有效信息不足。. 得分: 0
正确性: 模型回答与参考答案不符，且提供的信息与问题无关，因此判断为错误。. 得分: 0
流畅性: 模型回答的语言表达较为通顺，但由于内容与问题无关，影响了整体的流畅性，因此判断为不流畅。. 得分: 0
简洁性: 模型回答虽然简短，但未能提供有效信息，因此判断为不简洁。. 得分: 0
结构化: 模型回答格式较为规范，但由于内容与问题无关，影响了阅读体验，因此判断为格式混乱，难以阅读。. 得分: 0
逻辑性: 模型回答虽然描述了遇到的问题，但与问题本身无关，逻辑上未能围绕问题展开，因此判断为逻辑混乱。. 得分: 0","","","知识问答","final_state:
  evaluation:
    method: ICT_RAG","","","","","","","","","","","","","","","","","","","","","","用例执行过程出现异常，需复测 | Step1: cookieAndRoarand 异常信息：请求模型接口失败：【工具提示（非模型输出）】\n        调用模型连接阶段超时，请检查网络连通性\n        ","信息量: 模型回答中没有提供与问题相关的信息，因此判断为有效信息不足。. 得分: 0
正确性: 模型回答与参考答案不符，且提供的信息与问题无关，因此判断为错误。. 得分: 0
流畅性: 模型回答的语言表达较为通顺，但由于内容与问题无关，影响了整体的流畅性，因此判断为不流畅。. 得分: 0
简洁性: 模型回答虽然简短，但未能提供有效信息，因此判断为不简洁。. 得分: 0
结构化: 模型回答格式较为规范，但由于内容与问题无关，影响了阅读体验，因此判断为格式混乱，难以阅读。. 得分: 0
逻辑性: 模型回答虽然描述了遇到的问题，但与问题本身无关，逻辑上未能围绕问题展开，因此判断为逻辑混乱。. 得分: 0","0","","","信息量: 模型回答中没有提供与问题相关的信息，因此判断为有效信息不足。. 得分: 0
正确性: 模型回答与参考答案不符，且提供的信息与问题无关，因此判断为错误。. 得分: 0
流畅性: 模型回答的语言表达较为通顺，但由于内容与问题无关，影响了整体的流畅性，因此判断为不流畅。. 得分: 0
简洁性: 模型回答虽然简短，但未能提供有效信息，因此判断为不简洁。. 得分: 0
结构化: 模型回答格式较为规范，但由于内容与问题无关，影响了阅读体验，因此判断为格式混乱，难以阅读。. 得分: 0
逻辑性: 模型回答虽然描述了遇到的问题，但与问题本身无关，逻辑上未能围绕问题展开，因此判断为逻辑混乱。. 得分: 0","","","","","","--","","","","","","","--","","","","0.00","失败"
"129","","","","","","","","","","TC00000130","NJ_ZTE_07最近一段时间物理违背告警有哪些？","","","空","","","","","","","","","MAE","","","","","","","","4K","","","","","","","","","","","","","","","","","","","","","","","","","","","","","","","","","29adfd46-6187-4a57-b284-66fdb72b9d89","有效","单步","基础数据查询","告警查询","1","","124","1","告警查询","信息量: 模型回答中没有提供任何关于物理违背告警的信息，因此判断为有效信息不足。. 得分: 0
正确性: 模型回答与参考答案不符，且提供的信息与问题无关，因此判断为错误。. 得分: 0
流畅性: 模型回答的语言表达较为通顺，但由于内容与问题无关，影响了整体的流畅性。. 得分: 0
简洁性: 模型回答虽然简短，但未能提供任何有效信息，因此判断为不简洁。. 得分: 0
结构化: 模型回答的格式较为规范，但由于内容与问题无关，影响了阅读的易读性。. 得分: 0
逻辑性: 模型回答虽然提到了执行过程中的异常情况，但这些信息与问题本身无关，因此逻辑上不严密。. 得分: 0","","","知识问答","final_state:
  evaluation:
    method: ICT_RAG","","","","","","","","","","","","","","","","","","","","","","用例执行过程出现异常，需复测 | Step0: register 异常信息：请求模型接口失败：【工具提示（非模型输出）】\n        调用模型连接阶段超时，请检查网络连通性\n        ","信息量: 模型回答中没有提供任何关于物理违背告警的信息，因此判断为有效信息不足。. 得分: 0
正确性: 模型回答与参考答案不符，且提供的信息与问题无关，因此判断为错误。. 得分: 0
流畅性: 模型回答的语言表达较为通顺，但由于内容与问题无关，影响了整体的流畅性。. 得分: 0
简洁性: 模型回答虽然简短，但未能提供任何有效信息，因此判断为不简洁。. 得分: 0
结构化: 模型回答的格式较为规范，但由于内容与问题无关，影响了阅读的易读性。. 得分: 0
逻辑性: 模型回答虽然提到了执行过程中的异常情况，但这些信息与问题本身无关，因此逻辑上不严密。. 得分: 0","0","","","信息量: 模型回答中没有提供任何关于物理违背告警的信息，因此判断为有效信息不足。. 得分: 0
正确性: 模型回答与参考答案不符，且提供的信息与问题无关，因此判断为错误。. 得分: 0
流畅性: 模型回答的语言表达较为通顺，但由于内容与问题无关，影响了整体的流畅性。. 得分: 0
简洁性: 模型回答虽然简短，但未能提供任何有效信息，因此判断为不简洁。. 得分: 0
结构化: 模型回答的格式较为规范，但由于内容与问题无关，影响了阅读的易读性。. 得分: 0
逻辑性: 模型回答虽然提到了执行过程中的异常情况，但这些信息与问题本身无关，因此逻辑上不严密。. 得分: 0","","","","","","--","","","","","","","--","","","","0.00","失败"
"130","","","","","","","","","","TC00000131","A001昨天4级告警有多少个？","","","空","","","","","","","","","MAE","","","","","","","","4K","","","","","","","","","","","","","","","","","","","","","","","","","","","","","","","","","52efe834-12ee-45a2-b191-8d23bf06370c","有效","单步","基础数据查询","告警查询","1","","125","1","告警查询","信息量: 模型回答未能提供关于4级告警数量的具体信息，因此判断为有效信息不足。. 得分: 0
正确性: 模型回答与参考答案不符，且提供的信息与问题无关，因此判断为错误。. 得分: 0
流畅性: 模型回答虽然表述了遇到的问题，但与问题本身脱节，影响流畅性。. 得分: 0
简洁性: 模型回答虽然简洁，但未能提供有效信息。. 得分: 10
结构化: 模型回答格式较为混乱，难以直接读取关键信息。. 得分: 0
逻辑性: 模型回答虽然提到了异常情况，但这些信息与问题本身无关，逻辑上不严密。. 得分: 0","","","知识问答","final_state:
  evaluation:
    method: ICT_RAG","","","","","","","","","","","","","","","","","","","","","","用例执行过程出现异常，需复测 | Step0: register 异常信息：请求模型接口失败：【工具提示（非模型输出）】\n        调用模型连接阶段超时，请检查网络连通性\n        ","信息量: 模型回答未能提供关于4级告警数量的具体信息，因此判断为有效信息不足。. 得分: 0
正确性: 模型回答与参考答案不符，且提供的信息与问题无关，因此判断为错误。. 得分: 0
流畅性: 模型回答虽然表述了遇到的问题，但与问题本身脱节，影响流畅性。. 得分: 0
简洁性: 模型回答虽然简洁，但未能提供有效信息。. 得分: 10
结构化: 模型回答格式较为混乱，难以直接读取关键信息。. 得分: 0
逻辑性: 模型回答虽然提到了异常情况，但这些信息与问题本身无关，逻辑上不严密。. 得分: 0","0","","","信息量: 模型回答未能提供关于4级告警数量的具体信息，因此判断为有效信息不足。. 得分: 0
正确性: 模型回答与参考答案不符，且提供的信息与问题无关，因此判断为错误。. 得分: 0
流畅性: 模型回答虽然表述了遇到的问题，但与问题本身脱节，影响流畅性。. 得分: 0
简洁性: 模型回答虽然简洁，但未能提供有效信息。. 得分: 10
结构化: 模型回答格式较为混乱，难以直接读取关键信息。. 得分: 0
逻辑性: 模型回答虽然提到了异常情况，但这些信息与问题本身无关，逻辑上不严密。. 得分: 0","","","","","","--","","","","","","","--","","","","0.00","失败"
"131","","","","","","","","","","TC00000132","BSC_TEST_01今天上午紧急告警","","","空","","","","","","","","","MAE","","","","","","","","4K","","","","","","","","","","","","","","","","","","","","","","","","","","","","","","","","","811164e7-2075-463e-9da3-98d118f76869","有效","单步","基础数据查询","告警查询","1","","126","1","告警查询","信息量: 模型回答中没有提供与问题相关的有效信息，因此信息量不足。. 得分: 0
正确性: 模型回答与参考答案不符，且提供的信息与问题无关，因此判断为错误。. 得分: 0
流畅性: 模型回答虽然包含了一些HTML代码，但这些内容与问题无关，影响了整体的流畅性。. 得分: 0
简洁性: 模型回答中包含了大量不必要的HTML代码，不够简洁。. 得分: 0
结构化: 模型回答中包含了大量HTML代码，格式混乱，难以阅读。. 得分: 0
逻辑性: 模型回答虽然尝试解决问题，但提供的内容与问题无关，逻辑上不严密。. 得分: 0","","","知识问答","final_state:
  evaluation:
    method: ICT_RAG","","","","","","","","","","","","","","","","","","","","","","用例执行过程出现异常，需复测 | Step2: session 异常信息：请求模型接口失败：【工具提示（非模型输出）】\n        调用模型接口错误:code:503, message:<!DOCTYPE html>\n<html xmlns:eview=""ignored"">\n\n<head>\n  <title></title>\n  <meta http-equiv=""Content-Type"" content=""text/html; charset=utf-8"" />\n  <meta http-equiv=""X-UA-Compatible"" content=""IE=edge,chrome=1"" />\n  \n  <link href=""/erservice/errors/main.css"" type=""text/css"" rel=""stylesheet"">\n</head>\n\n<body>\n  <div id=""pcsContainer"">\n  </div>\n  \n</body>\n<script type=""text/javascript"">\n    var error = '503';\n</script>\n<script src=""/erservice/errors/main.js""></script>\n</html>\n\n        ","信息量: 模型回答中没有提供与问题相关的有效信息，因此信息量不足。. 得分: 0
正确性: 模型回答与参考答案不符，且提供的信息与问题无关，因此判断为错误。. 得分: 0
流畅性: 模型回答虽然包含了一些HTML代码，但这些内容与问题无关，影响了整体的流畅性。. 得分: 0
简洁性: 模型回答中包含了大量不必要的HTML代码，不够简洁。. 得分: 0
结构化: 模型回答中包含了大量HTML代码，格式混乱，难以阅读。. 得分: 0
逻辑性: 模型回答虽然尝试解决问题，但提供的内容与问题无关，逻辑上不严密。. 得分: 0","0","","","信息量: 模型回答中没有提供与问题相关的有效信息，因此信息量不足。. 得分: 0
正确性: 模型回答与参考答案不符，且提供的信息与问题无关，因此判断为错误。. 得分: 0
流畅性: 模型回答虽然包含了一些HTML代码，但这些内容与问题无关，影响了整体的流畅性。. 得分: 0
简洁性: 模型回答中包含了大量不必要的HTML代码，不够简洁。. 得分: 0
结构化: 模型回答中包含了大量HTML代码，格式混乱，难以阅读。. 得分: 0
逻辑性: 模型回答虽然尝试解决问题，但提供的内容与问题无关，逻辑上不严密。. 得分: 0","","","","","","--","","","","","","","--","","","","0.00","失败"
"132","","","","","","","","","","TC00000133","TEST_BTS_001最近一周重要告警有几个？","","","空","","","","","","","","","MAE","","","","","","","","4K","","","","","","","","","","","","","","","","","","","","","","","","","","","","","","","","","e5838ba0-2609-43b5-86f7-8a7e0a8c3d8e","有效","单步","基础数据查询","告警查询","1","","127","1","告警查询","信息量: 模型回答中没有提供任何关于问题的具体信息，因此有效信息不足。. 得分: 0
正确性: 模型回答与参考答案不符，且提供的信息与问题无关，因此不正确。. 得分: 0
流畅性: 模型回答虽然语法上没有明显错误，但由于内容与问题无关，影响了整体的流畅性。. 得分: 0
简洁性: 模型回答包含了大量与问题无关的信息，不够简洁。. 得分: 0
结构化: 模型回答格式混乱，难以阅读，尤其是HTML代码的插入破坏了文本的可读性。. 得分: 0
逻辑性: 尽管模型回答中存在逻辑结构，但由于其内容与问题无关，因此视为逻辑混乱。. 得分: 0","","","知识问答","final_state:
  evaluation:
    method: ICT_RAG","","","","","","","","","","","","","","","","","","","","","","用例执行过程出现异常，需复测 | Step2: session 异常信息：请求模型接口失败：【工具提示（非模型输出）】\n        调用模型接口错误:code:503, message:<!DOCTYPE html>\n<html xmlns:eview=""ignored"">\n\n<head>\n  <title></title>\n  <meta http-equiv=""Content-Type"" content=""text/html; charset=utf-8"" />\n  <meta http-equiv=""X-UA-Compatible"" content=""IE=edge,chrome=1"" />\n  \n  <link href=""/erservice/errors/main.css"" type=""text/css"" rel=""stylesheet"">\n</head>\n\n<body>\n  <div id=""pcsContainer"">\n  </div>\n  \n</body>\n<script type=""text/javascript"">\n    var error = '503';\n</script>\n<script src=""/erservice/errors/main.js""></script>\n</html>\n\n        ","信息量: 模型回答中没有提供任何关于问题的具体信息，因此有效信息不足。. 得分: 0
正确性: 模型回答与参考答案不符，且提供的信息与问题无关，因此不正确。. 得分: 0
流畅性: 模型回答虽然语法上没有明显错误，但由于内容与问题无关，影响了整体的流畅性。. 得分: 0
简洁性: 模型回答包含了大量与问题无关的信息，不够简洁。. 得分: 0
结构化: 模型回答格式混乱，难以阅读，尤其是HTML代码的插入破坏了文本的可读性。. 得分: 0
逻辑性: 尽管模型回答中存在逻辑结构，但由于其内容与问题无关，因此视为逻辑混乱。. 得分: 0","0","","","信息量: 模型回答中没有提供任何关于问题的具体信息，因此有效信息不足。. 得分: 0
正确性: 模型回答与参考答案不符，且提供的信息与问题无关，因此不正确。. 得分: 0
流畅性: 模型回答虽然语法上没有明显错误，但由于内容与问题无关，影响了整体的流畅性。. 得分: 0
简洁性: 模型回答包含了大量与问题无关的信息，不够简洁。. 得分: 0
结构化: 模型回答格式混乱，难以阅读，尤其是HTML代码的插入破坏了文本的可读性。. 得分: 0
逻辑性: 尽管模型回答中存在逻辑结构，但由于其内容与问题无关，因此视为逻辑混乱。. 得分: 0","","","","","","--","","","","","","","--","","","","0.00","失败"
"133","","","","","","","","","","TC00000134","深圳南山001上周一到周五3级告警情况","","","空","","","","","","","","","MAE","","","","","","","","4K","","","","","","","","","","","","","","","","","","","","","","","","","","","","","","","","","91abd1c6-e2fb-4498-a77d-093b4e0e7812","有效","单步","基础数据查询","告警查询","1","","128","1","告警查询","信息量: 模型回答中没有提供任何关于深圳南山001上周一到周五3级告警情况的信息，因此有效信息不足。. 得分: 0
正确性: 模型回答与参考答案不符，且提供的信息与问题无关，因此不正确。. 得分: 0
流畅性: 虽然模型回答的语言表达没有明显的语法错误，但由于内容与问题无关，因此不流畅。. 得分: 0
简洁性: 模型回答虽然简洁，但未能提供任何有效信息。. 得分: 10
结构化: 模型回答的内容格式混乱，包含了大量的HTML代码，难以阅读。. 得分: 0
逻辑性: 模型回答的内容与问题无关，逻辑上不连贯，无法形成有效的解答。. 得分: 0","","","知识问答","final_state:
  evaluation:
    method: ICT_RAG","","","","","","","","","","","","","","","","","","","","","","用例执行过程出现异常，需复测 | Step2: session 异常信息：请求模型接口失败：【工具提示（非模型输出）】\n        调用模型接口错误:code:503, message:<!DOCTYPE html>\n<html xmlns:eview=""ignored"">\n\n<head>\n  <title></title>\n  <meta http-equiv=""Content-Type"" content=""text/html; charset=utf-8"" />\n  <meta http-equiv=""X-UA-Compatible"" content=""IE=edge,chrome=1"" />\n  \n  <link href=""/erservice/errors/main.css"" type=""text/css"" rel=""stylesheet"">\n</head>\n\n<body>\n  <div id=""pcsContainer"">\n  </div>\n  \n</body>\n<script type=""text/javascript"">\n    var error = '503';\n</script>\n<script src=""/erservice/errors/main.js""></script>\n</html>\n\n        ","信息量: 模型回答中没有提供任何关于深圳南山001上周一到周五3级告警情况的信息，因此有效信息不足。. 得分: 0
正确性: 模型回答与参考答案不符，且提供的信息与问题无关，因此不正确。. 得分: 0
流畅性: 虽然模型回答的语言表达没有明显的语法错误，但由于内容与问题无关，因此不流畅。. 得分: 0
简洁性: 模型回答虽然简洁，但未能提供任何有效信息。. 得分: 10
结构化: 模型回答的内容格式混乱，包含了大量的HTML代码，难以阅读。. 得分: 0
逻辑性: 模型回答的内容与问题无关，逻辑上不连贯，无法形成有效的解答。. 得分: 0","0","","","信息量: 模型回答中没有提供任何关于深圳南山001上周一到周五3级告警情况的信息，因此有效信息不足。. 得分: 0
正确性: 模型回答与参考答案不符，且提供的信息与问题无关，因此不正确。. 得分: 0
流畅性: 虽然模型回答的语言表达没有明显的语法错误，但由于内容与问题无关，因此不流畅。. 得分: 0
简洁性: 模型回答虽然简洁，但未能提供任何有效信息。. 得分: 10
结构化: 模型回答的内容格式混乱，包含了大量的HTML代码，难以阅读。. 得分: 0
逻辑性: 模型回答的内容与问题无关，逻辑上不连贯，无法形成有效的解答。. 得分: 0","","","","","","--","","","","","","","--","","","","0.00","失败"
"134","","","","","","","","","","TC00000135","BJ_HUAWEI_02最近2小时4级告警多吗？","","","空","","","","","","","","","MAE","","","","","","","","4K","","","","","","","","","","","","","","","","","","","","","","","","","","","","","","","","","933f83a0-97e7-4e6f-8e05-945ba2695428","有效","单步","基础数据查询","告警查询","1","","129","1","告警查询","信息量: 模型回答中没有提供任何关于BJ_HUAWEI_02最近2小时4级告警的信息，因此信息量不足。. 得分: 0
正确性: 模型回答与参考答案不符，且提供的信息与问题无关，因此判断为错误。. 得分: 0
流畅性: 模型回答中包含了大量HTML代码，不符合自然语言的流畅性要求，因此不流畅。. 得分: 0
简洁性: 模型回答中包含了大量不必要的HTML代码，因此不简洁。. 得分: 0
结构化: 模型回答中包含了HTML代码，格式混乱，难以阅读。. 得分: 0
逻辑性: 模型回答中出现了HTML代码和错误信息，逻辑上不相关，因此逻辑混乱。. 得分: 0","","","知识问答","final_state:
  evaluation:
    method: ICT_RAG","","","","","","","","","","","","","","","","","","","","","","用例执行过程出现异常，需复测 | Step2: session 异常信息：请求模型接口失败：【工具提示（非模型输出）】\n        调用模型接口错误:code:503, message:<!DOCTYPE html>\n<html xmlns:eview=""ignored"">\n\n<head>\n  <title></title>\n  <meta http-equiv=""Content-Type"" content=""text/html; charset=utf-8"" />\n  <meta http-equiv=""X-UA-Compatible"" content=""IE=edge,chrome=1"" />\n  \n  <link href=""/erservice/errors/main.css"" type=""text/css"" rel=""stylesheet"">\n</head>\n\n<body>\n  <div id=""pcsContainer"">\n  </div>\n  \n</body>\n<script type=""text/javascript"">\n    var error = '503';\n</script>\n<script src=""/erservice/errors/main.js""></script>\n</html>\n\n        ","信息量: 模型回答中没有提供任何关于BJ_HUAWEI_02最近2小时4级告警的信息，因此信息量不足。. 得分: 0
正确性: 模型回答与参考答案不符，且提供的信息与问题无关，因此判断为错误。. 得分: 0
流畅性: 模型回答中包含了大量HTML代码，不符合自然语言的流畅性要求，因此不流畅。. 得分: 0
简洁性: 模型回答中包含了大量不必要的HTML代码，因此不简洁。. 得分: 0
结构化: 模型回答中包含了HTML代码，格式混乱，难以阅读。. 得分: 0
逻辑性: 模型回答中出现了HTML代码和错误信息，逻辑上不相关，因此逻辑混乱。. 得分: 0","0","","","信息量: 模型回答中没有提供任何关于BJ_HUAWEI_02最近2小时4级告警的信息，因此信息量不足。. 得分: 0
正确性: 模型回答与参考答案不符，且提供的信息与问题无关，因此判断为错误。. 得分: 0
流畅性: 模型回答中包含了大量HTML代码，不符合自然语言的流畅性要求，因此不流畅。. 得分: 0
简洁性: 模型回答中包含了大量不必要的HTML代码，因此不简洁。. 得分: 0
结构化: 模型回答中包含了HTML代码，格式混乱，难以阅读。. 得分: 0
逻辑性: 模型回答中出现了HTML代码和错误信息，逻辑上不相关，因此逻辑混乱。. 得分: 0","","","","","","--","","","","","","","--","","","","0.00","失败"
"135","","","","","","","","","","TC00000136","GZ_ZTE_03 8.1的紧急告警帮我查一下","","","空","","","","","","","","","MAE","","","","","","","","4K","","","","","","","","","","","","","","","","","","","","","","","","","","","","","","","","","8b7ce39e-5667-42ad-9062-2a755253bbe7","有效","单步","基础数据查询","告警查询","1","","130","1","告警查询","信息量: 模型回答中没有提供任何关于GZ_ZTE_03 8.1的紧急告警的信息，因此信息量不足。. 得分: 0
正确性: 模型回答与参考答案不符，且提供的信息与问题无关，因此判断为错误。. 得分: 0
流畅性: 尽管模型回答的内容格式较为混乱，但语言本身没有明显的不通顺之处，因此评价为流畅。. 得分: 10
简洁性: 模型回答虽然内容不多，但由于包含了大量无关的HTML代码，因此评价为不简洁。. 得分: 0
结构化: 模型回答中包含了HTML代码，这使得整体内容格式混乱，难以阅读。. 得分: 0
逻辑性: 模型回答中虽然逻辑上没有明显错误，但由于提供的信息与问题无关，因此逻辑性评价为混乱。. 得分: 0","","","知识问答","final_state:
  evaluation:
    method: ICT_RAG","","","","","","","","","","","","","","","","","","","","","","用例执行过程出现异常，需复测 | Step2: session 异常信息：请求模型接口失败：【工具提示（非模型输出）】\n        调用模型接口错误:code:503, message:<!DOCTYPE html>\n<html xmlns:eview=""ignored"">\n\n<head>\n  <title></title>\n  <meta http-equiv=""Content-Type"" content=""text/html; charset=utf-8"" />\n  <meta http-equiv=""X-UA-Compatible"" content=""IE=edge,chrome=1"" />\n  \n  <link href=""/erservice/errors/main.css"" type=""text/css"" rel=""stylesheet"">\n</head>\n\n<body>\n  <div id=""pcsContainer"">\n  </div>\n  \n</body>\n<script type=""text/javascript"">\n    var error = '503';\n</script>\n<script src=""/erservice/errors/main.js""></script>\n</html>\n\n        ","信息量: 模型回答中没有提供任何关于GZ_ZTE_03 8.1的紧急告警的信息，因此信息量不足。. 得分: 0
正确性: 模型回答与参考答案不符，且提供的信息与问题无关，因此判断为错误。. 得分: 0
流畅性: 尽管模型回答的内容格式较为混乱，但语言本身没有明显的不通顺之处，因此评价为流畅。. 得分: 10
简洁性: 模型回答虽然内容不多，但由于包含了大量无关的HTML代码，因此评价为不简洁。. 得分: 0
结构化: 模型回答中包含了HTML代码，这使得整体内容格式混乱，难以阅读。. 得分: 0
逻辑性: 模型回答中虽然逻辑上没有明显错误，但由于提供的信息与问题无关，因此逻辑性评价为混乱。. 得分: 0","0","","","信息量: 模型回答中没有提供任何关于GZ_ZTE_03 8.1的紧急告警的信息，因此信息量不足。. 得分: 0
正确性: 模型回答与参考答案不符，且提供的信息与问题无关，因此判断为错误。. 得分: 0
流畅性: 尽管模型回答的内容格式较为混乱，但语言本身没有明显的不通顺之处，因此评价为流畅。. 得分: 10
简洁性: 模型回答虽然内容不多，但由于包含了大量无关的HTML代码，因此评价为不简洁。. 得分: 0
结构化: 模型回答中包含了HTML代码，这使得整体内容格式混乱，难以阅读。. 得分: 0
逻辑性: 模型回答中虽然逻辑上没有明显错误，但由于提供的信息与问题无关，因此逻辑性评价为混乱。. 得分: 0","","","","","","--","","","","","","","--","","","","0.00","失败"
"136","","","","","","","","","","TC00000137","CD_NOKIA_05这段时间的2级告警","","","空","","","","","","","","","MAE","","","","","","","","4K","","","","","","","","","","","","","","","","","","","","","","","","","","","","","","","","","50e9472d-3735-4890-8076-9b706c973d0f","有效","单步","基础数据查询","告警查询","1","","131","1","告警查询","信息量: 模型回答提供了大量与问题无关的信息，且未能提供关于2级告警的具体信息，因此有效信息不足。. 得分: 0
正确性: 模型回答与参考答案不符，且提供的信息与问题无关，因此不正确。. 得分: 0
流畅性: 由于模型回答中包含了HTML代码片段，这使得整体回答不流畅，难以理解。. 得分: 0
简洁性: 模型回答中包含了大量与问题无关的内容，尤其是HTML代码片段，因此不简洁。. 得分: 0
结构化: 模型回答中包含了HTML代码片段，这些内容使得回答格式混乱，难以阅读。. 得分: 0
逻辑性: 模型回答中包含了HTML代码片段，这些内容与问题解决逻辑无关，导致逻辑混乱。. 得分: 0","","","知识问答","final_state:
  evaluation:
    method: ICT_RAG","","","","","","","","","","","","","","","","","","","","","","用例执行过程出现异常，需复测 | Step2: session 异常信息：请求模型接口失败：【工具提示（非模型输出）】\n        调用模型接口错误:code:503, message:<!DOCTYPE html>\n<html xmlns:eview=""ignored"">\n\n<head>\n  <title></title>\n  <meta http-equiv=""Content-Type"" content=""text/html; charset=utf-8"" />\n  <meta http-equiv=""X-UA-Compatible"" content=""IE=edge,chrome=1"" />\n  \n  <link href=""/erservice/errors/main.css"" type=""text/css"" rel=""stylesheet"">\n</head>\n\n<body>\n  <div id=""pcsContainer"">\n  </div>\n  \n</body>\n<script type=""text/javascript"">\n    var error = '503';\n</script>\n<script src=""/erservice/errors/main.js""></script>\n</html>\n\n        ","信息量: 模型回答提供了大量与问题无关的信息，且未能提供关于2级告警的具体信息，因此有效信息不足。. 得分: 0
正确性: 模型回答与参考答案不符，且提供的信息与问题无关，因此不正确。. 得分: 0
流畅性: 由于模型回答中包含了HTML代码片段，这使得整体回答不流畅，难以理解。. 得分: 0
简洁性: 模型回答中包含了大量与问题无关的内容，尤其是HTML代码片段，因此不简洁。. 得分: 0
结构化: 模型回答中包含了HTML代码片段，这些内容使得回答格式混乱，难以阅读。. 得分: 0
逻辑性: 模型回答中包含了HTML代码片段，这些内容与问题解决逻辑无关，导致逻辑混乱。. 得分: 0","0","","","信息量: 模型回答提供了大量与问题无关的信息，且未能提供关于2级告警的具体信息，因此有效信息不足。. 得分: 0
正确性: 模型回答与参考答案不符，且提供的信息与问题无关，因此不正确。. 得分: 0
流畅性: 由于模型回答中包含了HTML代码片段，这使得整体回答不流畅，难以理解。. 得分: 0
简洁性: 模型回答中包含了大量与问题无关的内容，尤其是HTML代码片段，因此不简洁。. 得分: 0
结构化: 模型回答中包含了HTML代码片段，这些内容使得回答格式混乱，难以阅读。. 得分: 0
逻辑性: 模型回答中包含了HTML代码片段，这些内容与问题解决逻辑无关，导致逻辑混乱。. 得分: 0","","","","","","--","","","","","","","--","","","","0.00","失败"
"137","","","","","","","","","","TC00000138","A001软件系统次要告警","","","空","","","","","","","","","MAE","","","","","","","","4K","","","","","","","","","","","","","","","","","","","","","","","","","","","","","","","","","c6d56a49-fb59-4c56-8f58-0e0882840ff5","有效","单步","基础数据查询","告警查询","1","","132","1","告警查询","信息量: 模型回答中没有提供与问题相关的有效信息，因此信息量不足。. 得分: 0
正确性: 模型回答与参考答案不符，且提供的信息与问题无关，因此判断为错误。. 得分: 0
流畅性: 模型回答中包含大量HTML代码，影响了文本的流畅性。. 得分: 0
简洁性: 模型回答中包含大量不必要的HTML代码，不够简洁。. 得分: 0
结构化: 模型回答中包含大量的HTML代码，格式混乱，难以阅读。. 得分: 0
逻辑性: 模型回答中虽然尝试解决问题，但提供的信息与问题无关，逻辑上不严密。. 得分: 0","","","知识问答","final_state:
  evaluation:
    method: ICT_RAG","","","","","","","","","","","","","","","","","","","","","","用例执行过程出现异常，需复测 | Step2: session 异常信息：请求模型接口失败：【工具提示（非模型输出）】\n        调用模型接口错误:code:503, message:<!DOCTYPE html>\n<html xmlns:eview=""ignored"">\n\n<head>\n  <title></title>\n  <meta http-equiv=""Content-Type"" content=""text/html; charset=utf-8"" />\n  <meta http-equiv=""X-UA-Compatible"" content=""IE=edge,chrome=1"" />\n  \n  <link href=""/erservice/errors/main.css"" type=""text/css"" rel=""stylesheet"">\n</head>\n\n<body>\n  <div id=""pcsContainer"">\n  </div>\n  \n</body>\n<script type=""text/javascript"">\n    var error = '503';\n</script>\n<script src=""/erservice/errors/main.js""></script>\n</html>\n\n        ","信息量: 模型回答中没有提供与问题相关的有效信息，因此信息量不足。. 得分: 0
正确性: 模型回答与参考答案不符，且提供的信息与问题无关，因此判断为错误。. 得分: 0
流畅性: 模型回答中包含大量HTML代码，影响了文本的流畅性。. 得分: 0
简洁性: 模型回答中包含大量不必要的HTML代码，不够简洁。. 得分: 0
结构化: 模型回答中包含大量的HTML代码，格式混乱，难以阅读。. 得分: 0
逻辑性: 模型回答中虽然尝试解决问题，但提供的信息与问题无关，逻辑上不严密。. 得分: 0","0","","","信息量: 模型回答中没有提供与问题相关的有效信息，因此信息量不足。. 得分: 0
正确性: 模型回答与参考答案不符，且提供的信息与问题无关，因此判断为错误。. 得分: 0
流畅性: 模型回答中包含大量HTML代码，影响了文本的流畅性。. 得分: 0
简洁性: 模型回答中包含大量不必要的HTML代码，不够简洁。. 得分: 0
结构化: 模型回答中包含大量的HTML代码，格式混乱，难以阅读。. 得分: 0
逻辑性: 模型回答中虽然尝试解决问题，但提供的信息与问题无关，逻辑上不严密。. 得分: 0","","","","","","--","","","","","","","--","","","","0.00","失败"
"138","","","","","","","","","","TC00000139","BSC_TEST_01运行系统紧急告警有多少？","","","空","","","","","","","","","MAE","","","","","","","","4K","","","","","","","","","","","","","","","","","","","","","","","","","","","","","","","","","a98c93c1-2283-4ff1-8a06-5453e886e72e","有效","单步","基础数据查询","告警查询","1","","133","1","告警查询","信息量: 模型回答中没有提供关于BSC_TEST_01运行系统紧急告警数量的具体信息，因此判断为有效信息不足。. 得分: 0
正确性: 模型回答与参考答案不符，且提供的信息与问题无关，因此判断为错误。. 得分: 0
流畅性: 模型回答中出现了HTML代码，这不符合自然语言的表达习惯，因此判断为不流畅。. 得分: 0
简洁性: 模型回答中包含了不必要的HTML代码，因此判断为不简洁。. 得分: 0
结构化: 模型回答中包含了大量HTML代码，格式混乱，难以阅读。. 得分: 0
逻辑性: 模型回答中虽然提到了用例执行过程出现异常，但没有给出具体的解决步骤或相关的信息，逻辑上不够严密。. 得分: 0","","","知识问答","final_state:
  evaluation:
    method: ICT_RAG","","","","","","","","","","","","","","","","","","","","","","用例执行过程出现异常，需复测 | Step2: session 异常信息：请求模型接口失败：【工具提示（非模型输出）】\n        调用模型接口错误:code:503, message:<!DOCTYPE html>\n<html xmlns:eview=""ignored"">\n\n<head>\n  <title></title>\n  <meta http-equiv=""Content-Type"" content=""text/html; charset=utf-8"" />\n  <meta http-equiv=""X-UA-Compatible"" content=""IE=edge,chrome=1"" />\n  \n  <link href=""/erservice/errors/main.css"" type=""text/css"" rel=""stylesheet"">\n</head>\n\n<body>\n  <div id=""pcsContainer"">\n  </div>\n  \n</body>\n<script type=""text/javascript"">\n    var error = '503';\n</script>\n<script src=""/erservice/errors/main.js""></script>\n</html>\n\n        ","信息量: 模型回答中没有提供关于BSC_TEST_01运行系统紧急告警数量的具体信息，因此判断为有效信息不足。. 得分: 0
正确性: 模型回答与参考答案不符，且提供的信息与问题无关，因此判断为错误。. 得分: 0
流畅性: 模型回答中出现了HTML代码，这不符合自然语言的表达习惯，因此判断为不流畅。. 得分: 0
简洁性: 模型回答中包含了不必要的HTML代码，因此判断为不简洁。. 得分: 0
结构化: 模型回答中包含了大量HTML代码，格式混乱，难以阅读。. 得分: 0
逻辑性: 模型回答中虽然提到了用例执行过程出现异常，但没有给出具体的解决步骤或相关的信息，逻辑上不够严密。. 得分: 0","0","","","信息量: 模型回答中没有提供关于BSC_TEST_01运行系统紧急告警数量的具体信息，因此判断为有效信息不足。. 得分: 0
正确性: 模型回答与参考答案不符，且提供的信息与问题无关，因此判断为错误。. 得分: 0
流畅性: 模型回答中出现了HTML代码，这不符合自然语言的表达习惯，因此判断为不流畅。. 得分: 0
简洁性: 模型回答中包含了不必要的HTML代码，因此判断为不简洁。. 得分: 0
结构化: 模型回答中包含了大量HTML代码，格式混乱，难以阅读。. 得分: 0
逻辑性: 模型回答中虽然提到了用例执行过程出现异常，但没有给出具体的解决步骤或相关的信息，逻辑上不够严密。. 得分: 0","","","","","","--","","","","","","","--","","","","0.00","失败"
"139","","","","","","","","","","TC00000140","TEST_BTS_001通讯系统2级告警","","","空","","","","","","","","","MAE","","","","","","","","4K","","","","","","","","","","","","","","","","","","","","","","","","","","","","","","","","","eecc70f4-6110-496a-99dc-db4d930b0052","有效","单步","基础数据查询","告警查询","1","","134","1","告警查询","信息量: 模型回答中没有提供任何与问题相关的有效信息，因此信息量不足。. 得分: 0
正确性: 模型回答与参考答案不符，且提供的信息与问题无关，因此判断为错误。. 得分: 0
流畅性: 尽管模型回答的内容与问题无关，但其表达方式较为流畅。. 得分: 0
简洁性: 模型回答虽然简洁，但由于内容与问题无关，因此不考虑此优点。. 得分: 0
结构化: 模型回答中包含了HTML代码，这使得整体格式混乱，难以阅读。. 得分: 0
逻辑性: 模型回答中虽然尝试解决问题，但由于提供的信息与问题无关，逻辑上并不严密。. 得分: 0","","","知识问答","final_state:
  evaluation:
    method: ICT_RAG","","","","","","","","","","","","","","","","","","","","","","用例执行过程出现异常，需复测 | Step2: session 异常信息：请求模型接口失败：【工具提示（非模型输出）】\n        调用模型接口错误:code:503, message:<!DOCTYPE html>\n<html xmlns:eview=""ignored"">\n\n<head>\n  <title></title>\n  <meta http-equiv=""Content-Type"" content=""text/html; charset=utf-8"" />\n  <meta http-equiv=""X-UA-Compatible"" content=""IE=edge,chrome=1"" />\n  \n  <link href=""/erservice/errors/main.css"" type=""text/css"" rel=""stylesheet"">\n</head>\n\n<body>\n  <div id=""pcsContainer"">\n  </div>\n  \n</body>\n<script type=""text/javascript"">\n    var error = '503';\n</script>\n<script src=""/erservice/errors/main.js""></script>\n</html>\n\n        ","信息量: 模型回答中没有提供任何与问题相关的有效信息，因此信息量不足。. 得分: 0
正确性: 模型回答与参考答案不符，且提供的信息与问题无关，因此判断为错误。. 得分: 0
流畅性: 尽管模型回答的内容与问题无关，但其表达方式较为流畅。. 得分: 0
简洁性: 模型回答虽然简洁，但由于内容与问题无关，因此不考虑此优点。. 得分: 0
结构化: 模型回答中包含了HTML代码，这使得整体格式混乱，难以阅读。. 得分: 0
逻辑性: 模型回答中虽然尝试解决问题，但由于提供的信息与问题无关，逻辑上并不严密。. 得分: 0","0","","","信息量: 模型回答中没有提供任何与问题相关的有效信息，因此信息量不足。. 得分: 0
正确性: 模型回答与参考答案不符，且提供的信息与问题无关，因此判断为错误。. 得分: 0
流畅性: 尽管模型回答的内容与问题无关，但其表达方式较为流畅。. 得分: 0
简洁性: 模型回答虽然简洁，但由于内容与问题无关，因此不考虑此优点。. 得分: 0
结构化: 模型回答中包含了HTML代码，这使得整体格式混乱，难以阅读。. 得分: 0
逻辑性: 模型回答中虽然尝试解决问题，但由于提供的信息与问题无关，逻辑上并不严密。. 得分: 0","","","","","","--","","","","","","","--","","","","0.00","失败"
"140","","","","","","","","","","TC00000141","深圳南山001业务质量提示告警有几个？","","","空","","","","","","","","","MAE","","","","","","","","4K","","","","","","","","","","","","","","","","","","","","","","","","","","","","","","","","","9be74c7c-3f21-49fd-b183-a599921c376c","有效","单步","基础数据查询","告警查询","1","","135","1","告警查询","信息量: 模型回答中没有提供任何关于深圳南山001业务质量提示告警数量的信息，因此信息量不足。. 得分: 0
正确性: 模型回答与参考答案不符，且提供的信息与问题无关，因此判断为错误。. 得分: 0
流畅性: 虽然模型回答的语言表达较为通顺，但由于内容与问题无关，因此判断为不流畅。. 得分: 0
简洁性: 模型回答中包含了大量不必要的HTML代码，因此判断为不简洁。. 得分: 0
结构化: 模型回答中包含了大量HTML代码，格式混乱，难以阅读。. 得分: 0
逻辑性: 模型回答中提到的内容与问题无关，逻辑上不连贯，因此判断为逻辑混乱。. 得分: 0","","","知识问答","final_state:
  evaluation:
    method: ICT_RAG","","","","","","","","","","","","","","","","","","","","","","用例执行过程出现异常，需复测 | Step2: session 异常信息：请求模型接口失败：【工具提示（非模型输出）】\n        调用模型接口错误:code:503, message:<!DOCTYPE html>\n<html xmlns:eview=""ignored"">\n\n<head>\n  <title></title>\n  <meta http-equiv=""Content-Type"" content=""text/html; charset=utf-8"" />\n  <meta http-equiv=""X-UA-Compatible"" content=""IE=edge,chrome=1"" />\n  \n  <link href=""/erservice/errors/main.css"" type=""text/css"" rel=""stylesheet"">\n</head>\n\n<body>\n  <div id=""pcsContainer"">\n  </div>\n  \n</body>\n<script type=""text/javascript"">\n    var error = '503';\n</script>\n<script src=""/erservice/errors/main.js""></script>\n</html>\n\n        ","信息量: 模型回答中没有提供任何关于深圳南山001业务质量提示告警数量的信息，因此信息量不足。. 得分: 0
正确性: 模型回答与参考答案不符，且提供的信息与问题无关，因此判断为错误。. 得分: 0
流畅性: 虽然模型回答的语言表达较为通顺，但由于内容与问题无关，因此判断为不流畅。. 得分: 0
简洁性: 模型回答中包含了大量不必要的HTML代码，因此判断为不简洁。. 得分: 0
结构化: 模型回答中包含了大量HTML代码，格式混乱，难以阅读。. 得分: 0
逻辑性: 模型回答中提到的内容与问题无关，逻辑上不连贯，因此判断为逻辑混乱。. 得分: 0","0","","","信息量: 模型回答中没有提供任何关于深圳南山001业务质量提示告警数量的信息，因此信息量不足。. 得分: 0
正确性: 模型回答与参考答案不符，且提供的信息与问题无关，因此判断为错误。. 得分: 0
流畅性: 虽然模型回答的语言表达较为通顺，但由于内容与问题无关，因此判断为不流畅。. 得分: 0
简洁性: 模型回答中包含了大量不必要的HTML代码，因此判断为不简洁。. 得分: 0
结构化: 模型回答中包含了大量HTML代码，格式混乱，难以阅读。. 得分: 0
逻辑性: 模型回答中提到的内容与问题无关，逻辑上不连贯，因此判断为逻辑混乱。. 得分: 0","","","","","","--","","","","","","","--","","","","0.00","失败"
"141","","","","","","","","","","TC00000142","BJ_HUAWEI_02处理出错重要告警帮我查","","","空","","","","","","","","","MAE","","","","","","","","4K","","","","","","","","","","","","","","","","","","","","","","","","","","","","","","","","","91f58da4-e5fe-454d-bb2c-312d34e2b8e6","有效","单步","基础数据查询","告警查询","1","","136","1","告警查询","信息量: 模型回答中没有提供与问题相关的有效信息，因此判断为有效信息不足。. 得分: 0
正确性: 模型回答与参考答案不符，且提供的信息与问题无关，因此判断为错误。. 得分: 0
流畅性: 虽然模型回答的语言表达较为通顺，但由于内容与问题无关，因此判断为不流畅。. 得分: 0
简洁性: 模型回答虽然简洁，但内容与问题无关，因此判断为不简洁。. 得分: 0
结构化: 模型回答的内容格式混乱，难以阅读，因此判断为格式混乱，难以阅读。. 得分: 0
逻辑性: 模型回答的内容与问题无关，逻辑上不连贯，因此判断为逻辑混乱。. 得分: 0","","","知识问答","final_state:
  evaluation:
    method: ICT_RAG","","","","","","","","","","","","","","","","","","","","","","用例执行过程出现异常，需复测 | Step2: session 异常信息：请求模型接口失败：【工具提示（非模型输出）】\n        调用模型接口错误:code:503, message:<!DOCTYPE html>\n<html xmlns:eview=""ignored"">\n\n<head>\n  <title></title>\n  <meta http-equiv=""Content-Type"" content=""text/html; charset=utf-8"" />\n  <meta http-equiv=""X-UA-Compatible"" content=""IE=edge,chrome=1"" />\n  \n  <link href=""/erservice/errors/main.css"" type=""text/css"" rel=""stylesheet"">\n</head>\n\n<body>\n  <div id=""pcsContainer"">\n  </div>\n  \n</body>\n<script type=""text/javascript"">\n    var error = '503';\n</script>\n<script src=""/erservice/errors/main.js""></script>\n</html>\n\n        ","信息量: 模型回答中没有提供与问题相关的有效信息，因此判断为有效信息不足。. 得分: 0
正确性: 模型回答与参考答案不符，且提供的信息与问题无关，因此判断为错误。. 得分: 0
流畅性: 虽然模型回答的语言表达较为通顺，但由于内容与问题无关，因此判断为不流畅。. 得分: 0
简洁性: 模型回答虽然简洁，但内容与问题无关，因此判断为不简洁。. 得分: 0
结构化: 模型回答的内容格式混乱，难以阅读，因此判断为格式混乱，难以阅读。. 得分: 0
逻辑性: 模型回答的内容与问题无关，逻辑上不连贯，因此判断为逻辑混乱。. 得分: 0","0","","","信息量: 模型回答中没有提供与问题相关的有效信息，因此判断为有效信息不足。. 得分: 0
正确性: 模型回答与参考答案不符，且提供的信息与问题无关，因此判断为错误。. 得分: 0
流畅性: 虽然模型回答的语言表达较为通顺，但由于内容与问题无关，因此判断为不流畅。. 得分: 0
简洁性: 模型回答虽然简洁，但内容与问题无关，因此判断为不简洁。. 得分: 0
结构化: 模型回答的内容格式混乱，难以阅读，因此判断为格式混乱，难以阅读。. 得分: 0
逻辑性: 模型回答的内容与问题无关，逻辑上不连贯，因此判断为逻辑混乱。. 得分: 0","","","","","","--","","","","","","","--","","","","0.00","失败"
"142","","","","","","","","","","TC00000143","A001昨天软件系统重要告警有多少个？","","","空","","","","","","","","","MAE","","","","","","","","4K","","","","","","","","","","","","","","","","","","","","","","","","","","","","","","","","","e4ad710e-4d64-4298-b535-1e56becbf31d","有效","单步","基础数据查询","告警查询","1","","137","1","告警查询","信息量: 模型回答中没有提供关于A001昨天软件系统重要告警数量的信息，因此判断为有效信息不足。. 得分: 0
正确性: 模型回答与参考答案不符，且提供的信息与问题无关，因此判断为错误。. 得分: 0
流畅性: 模型回答虽然语法上没有明显错误，但由于内容与问题无关，影响了整体的流畅性，因此判断为不流畅。. 得分: 0
简洁性: 模型回答中包含了大量与问题无关的信息，不够简洁，因此判断为不简洁。. 得分: 0
结构化: 模型回答中包含了HTML代码片段，格式混乱，难以阅读，因此判断为格式混乱，难以阅读。. 得分: 0
逻辑性: 模型回答中提到的内容与问题无关，逻辑上不连贯，因此判断为逻辑混乱。. 得分: 0","","","知识问答","final_state:
  evaluation:
    method: ICT_RAG","","","","","","","","","","","","","","","","","","","","","","用例执行过程出现异常，需复测 | Step2: session 异常信息：请求模型接口失败：【工具提示（非模型输出）】\n        调用模型接口错误:code:503, message:<!DOCTYPE html>\n<html xmlns:eview=""ignored"">\n\n<head>\n  <title></title>\n  <meta http-equiv=""Content-Type"" content=""text/html; charset=utf-8"" />\n  <meta http-equiv=""X-UA-Compatible"" content=""IE=edge,chrome=1"" />\n  \n  <link href=""/erservice/errors/main.css"" type=""text/css"" rel=""stylesheet"">\n</head>\n\n<body>\n  <div id=""pcsContainer"">\n  </div>\n  \n</body>\n<script type=""text/javascript"">\n    var error = '503';\n</script>\n<script src=""/erservice/errors/main.js""></script>\n</html>\n\n        ","信息量: 模型回答中没有提供关于A001昨天软件系统重要告警数量的信息，因此判断为有效信息不足。. 得分: 0
正确性: 模型回答与参考答案不符，且提供的信息与问题无关，因此判断为错误。. 得分: 0
流畅性: 模型回答虽然语法上没有明显错误，但由于内容与问题无关，影响了整体的流畅性，因此判断为不流畅。. 得分: 0
简洁性: 模型回答中包含了大量与问题无关的信息，不够简洁，因此判断为不简洁。. 得分: 0
结构化: 模型回答中包含了HTML代码片段，格式混乱，难以阅读，因此判断为格式混乱，难以阅读。. 得分: 0
逻辑性: 模型回答中提到的内容与问题无关，逻辑上不连贯，因此判断为逻辑混乱。. 得分: 0","0","","","信息量: 模型回答中没有提供关于A001昨天软件系统重要告警数量的信息，因此判断为有效信息不足。. 得分: 0
正确性: 模型回答与参考答案不符，且提供的信息与问题无关，因此判断为错误。. 得分: 0
流畅性: 模型回答虽然语法上没有明显错误，但由于内容与问题无关，影响了整体的流畅性，因此判断为不流畅。. 得分: 0
简洁性: 模型回答中包含了大量与问题无关的信息，不够简洁，因此判断为不简洁。. 得分: 0
结构化: 模型回答中包含了HTML代码片段，格式混乱，难以阅读，因此判断为格式混乱，难以阅读。. 得分: 0
逻辑性: 模型回答中提到的内容与问题无关，逻辑上不连贯，因此判断为逻辑混乱。. 得分: 0","","","","","","--","","","","","","","--","","","","0.00","失败"
"143","","","","","","","","","","TC00000144","BSC_TEST_01上周运行系统3级告警","","","空","","","","","","","","","MAE","","","","","","","","4K","","","","","","","","","","","","","","","","","","","","","","","","","","","","","","","","","b2a09cb7-ff5d-4004-88e7-9accaead8e48","有效","单步","基础数据查询","告警查询","1","","138","1","告警查询","信息量: 模型回答中没有提供与问题相关的有效信息，大部分内容为HTML代码，因此判断为有效信息不足。. 得分: 0
正确性: 模型回答与参考答案不符，且提供的信息与问题无关，因此判断为错误。. 得分: 0
流畅性: 模型回答中包含大量HTML代码，不符合自然语言表达习惯，因此判断为不流畅。. 得分: 0
简洁性: 模型回答中包含大量不必要的HTML代码，信息冗余，因此判断为不简洁。. 得分: 0
结构化: 模型回答中包含大量HTML代码，格式混乱，难以阅读，因此判断为格式混乱，难以阅读。. 得分: 0
逻辑性: 模型回答中虽然尝试解决问题，但由于提供的信息与问题无关，逻辑关系不成立，因此判断为逻辑混乱。. 得分: 0","","","知识问答","final_state:
  evaluation:
    method: ICT_RAG","","","","","","","","","","","","","","","","","","","","","","用例执行过程出现异常，需复测 | Step2: session 异常信息：请求模型接口失败：【工具提示（非模型输出）】\n        调用模型接口错误:code:503, message:<!DOCTYPE html>\n<html xmlns:eview=""ignored"">\n\n<head>\n  <title></title>\n  <meta http-equiv=""Content-Type"" content=""text/html; charset=utf-8"" />\n  <meta http-equiv=""X-UA-Compatible"" content=""IE=edge,chrome=1"" />\n  \n  <link href=""/erservice/errors/main.css"" type=""text/css"" rel=""stylesheet"">\n</head>\n\n<body>\n  <div id=""pcsContainer"">\n  </div>\n  \n</body>\n<script type=""text/javascript"">\n    var error = '503';\n</script>\n<script src=""/erservice/errors/main.js""></script>\n</html>\n\n        ","信息量: 模型回答中没有提供与问题相关的有效信息，大部分内容为HTML代码，因此判断为有效信息不足。. 得分: 0
正确性: 模型回答与参考答案不符，且提供的信息与问题无关，因此判断为错误。. 得分: 0
流畅性: 模型回答中包含大量HTML代码，不符合自然语言表达习惯，因此判断为不流畅。. 得分: 0
简洁性: 模型回答中包含大量不必要的HTML代码，信息冗余，因此判断为不简洁。. 得分: 0
结构化: 模型回答中包含大量HTML代码，格式混乱，难以阅读，因此判断为格式混乱，难以阅读。. 得分: 0
逻辑性: 模型回答中虽然尝试解决问题，但由于提供的信息与问题无关，逻辑关系不成立，因此判断为逻辑混乱。. 得分: 0","0","","","信息量: 模型回答中没有提供与问题相关的有效信息，大部分内容为HTML代码，因此判断为有效信息不足。. 得分: 0
正确性: 模型回答与参考答案不符，且提供的信息与问题无关，因此判断为错误。. 得分: 0
流畅性: 模型回答中包含大量HTML代码，不符合自然语言表达习惯，因此判断为不流畅。. 得分: 0
简洁性: 模型回答中包含大量不必要的HTML代码，信息冗余，因此判断为不简洁。. 得分: 0
结构化: 模型回答中包含大量HTML代码，格式混乱，难以阅读，因此判断为格式混乱，难以阅读。. 得分: 0
逻辑性: 模型回答中虽然尝试解决问题，但由于提供的信息与问题无关，逻辑关系不成立，因此判断为逻辑混乱。. 得分: 0","","","","","","--","","","","","","","--","","","","0.00","失败"
"144","","","","","","","","","","TC00000145","TEST_BTS_001最近24小时通讯系统提示告警有几个？","","","空","","","","","","","","","MAE","","","","","","","","4K","","","","","","","","","","","","","","","","","","","","","","","","","","","","","","","","","48625b5a-9a28-47e0-9d9a-fae636692140","有效","单步","基础数据查询","告警查询","1","","139","1","告警查询","信息量: 模型回答中没有提供任何关于TEST_BTS_001最近24小时通讯系统提示告警数量的信息，因此信息量不足。. 得分: 0
正确性: 模型回答与参考答案不符，且提供的信息与问题无关，因此判断为错误。. 得分: 0
流畅性: 尽管模型回答的内容与问题无关，但其表达方式较为流畅。. 得分: 0
简洁性: 模型回答虽然简洁，但未能提供有效信息。. 得分: 10
结构化: 模型回答的格式较为混乱，难以阅读，尤其是包含了HTML代码。. 得分: 0
逻辑性: 模型回答虽然逻辑上没有明显错误，但由于其内容与问题无关，因此不能视为逻辑严密。. 得分: 0","","","知识问答","final_state:
  evaluation:
    method: ICT_RAG","","","","","","","","","","","","","","","","","","","","","","用例执行过程出现异常，需复测 | Step2: session 异常信息：请求模型接口失败：【工具提示（非模型输出）】\n        调用模型接口错误:code:503, message:<!DOCTYPE html>\n<html xmlns:eview=""ignored"">\n\n<head>\n  <title></title>\n  <meta http-equiv=""Content-Type"" content=""text/html; charset=utf-8"" />\n  <meta http-equiv=""X-UA-Compatible"" content=""IE=edge,chrome=1"" />\n  \n  <link href=""/erservice/errors/main.css"" type=""text/css"" rel=""stylesheet"">\n</head>\n\n<body>\n  <div id=""pcsContainer"">\n  </div>\n  \n</body>\n<script type=""text/javascript"">\n    var error = '503';\n</script>\n<script src=""/erservice/errors/main.js""></script>\n</html>\n\n        ","信息量: 模型回答中没有提供任何关于TEST_BTS_001最近24小时通讯系统提示告警数量的信息，因此信息量不足。. 得分: 0
正确性: 模型回答与参考答案不符，且提供的信息与问题无关，因此判断为错误。. 得分: 0
流畅性: 尽管模型回答的内容与问题无关，但其表达方式较为流畅。. 得分: 0
简洁性: 模型回答虽然简洁，但未能提供有效信息。. 得分: 10
结构化: 模型回答的格式较为混乱，难以阅读，尤其是包含了HTML代码。. 得分: 0
逻辑性: 模型回答虽然逻辑上没有明显错误，但由于其内容与问题无关，因此不能视为逻辑严密。. 得分: 0","0","","","信息量: 模型回答中没有提供任何关于TEST_BTS_001最近24小时通讯系统提示告警数量的信息，因此信息量不足。. 得分: 0
正确性: 模型回答与参考答案不符，且提供的信息与问题无关，因此判断为错误。. 得分: 0
流畅性: 尽管模型回答的内容与问题无关，但其表达方式较为流畅。. 得分: 0
简洁性: 模型回答虽然简洁，但未能提供有效信息。. 得分: 10
结构化: 模型回答的格式较为混乱，难以阅读，尤其是包含了HTML代码。. 得分: 0
逻辑性: 模型回答虽然逻辑上没有明显错误，但由于其内容与问题无关，因此不能视为逻辑严密。. 得分: 0","","","","","","--","","","","","","","--","","","","0.00","失败"
"145","","","","","","","","","","TC00000146","深圳南山001本月业务质量紧急告警帮我看看","","","空","","","","","","","","","MAE","","","","","","","","4K","","","","","","","","","","","","","","","","","","","","","","","","","","","","","","","","","331f478d-4761-4ec1-b9c4-c65a64781150","有效","单步","基础数据查询","告警查询","1","","140","1","告警查询","信息量: 模型回答中没有提供任何与问题相关的信息，因此判断为有效信息不足。. 得分: 0
正确性: 模型回答与参考答案完全不符，且提供的信息与问题无关，因此判断为错误。. 得分: 0
流畅性: 虽然模型回答的语言结构没有明显错误，但由于内容与问题无关，影响了整体的流畅性，因此判断为不流畅。. 得分: 0
简洁性: 模型回答虽然简洁，但内容与问题无关，因此判断为不简洁。. 得分: 0
结构化: 模型回答的内容格式混乱，难以阅读，因此判断为格式混乱，难以阅读。. 得分: 0
逻辑性: 模型回答的内容与问题无关，逻辑上不连贯，因此判断为逻辑混乱。. 得分: 0","","","知识问答","final_state:
  evaluation:
    method: ICT_RAG","","","","","","","","","","","","","","","","","","","","","","用例执行过程出现异常，需复测 | Step2: session 异常信息：请求模型接口失败：【工具提示（非模型输出）】\n        调用模型接口错误:code:503, message:<!DOCTYPE html>\n<html xmlns:eview=""ignored"">\n\n<head>\n  <title></title>\n  <meta http-equiv=""Content-Type"" content=""text/html; charset=utf-8"" />\n  <meta http-equiv=""X-UA-Compatible"" content=""IE=edge,chrome=1"" />\n  \n  <link href=""/erservice/errors/main.css"" type=""text/css"" rel=""stylesheet"">\n</head>\n\n<body>\n  <div id=""pcsContainer"">\n  </div>\n  \n</body>\n<script type=""text/javascript"">\n    var error = '503';\n</script>\n<script src=""/erservice/errors/main.js""></script>\n</html>\n\n        ","信息量: 模型回答中没有提供任何与问题相关的信息，因此判断为有效信息不足。. 得分: 0
正确性: 模型回答与参考答案完全不符，且提供的信息与问题无关，因此判断为错误。. 得分: 0
流畅性: 虽然模型回答的语言结构没有明显错误，但由于内容与问题无关，影响了整体的流畅性，因此判断为不流畅。. 得分: 0
简洁性: 模型回答虽然简洁，但内容与问题无关，因此判断为不简洁。. 得分: 0
结构化: 模型回答的内容格式混乱，难以阅读，因此判断为格式混乱，难以阅读。. 得分: 0
逻辑性: 模型回答的内容与问题无关，逻辑上不连贯，因此判断为逻辑混乱。. 得分: 0","0","","","信息量: 模型回答中没有提供任何与问题相关的信息，因此判断为有效信息不足。. 得分: 0
正确性: 模型回答与参考答案完全不符，且提供的信息与问题无关，因此判断为错误。. 得分: 0
流畅性: 虽然模型回答的语言结构没有明显错误，但由于内容与问题无关，影响了整体的流畅性，因此判断为不流畅。. 得分: 0
简洁性: 模型回答虽然简洁，但内容与问题无关，因此判断为不简洁。. 得分: 0
结构化: 模型回答的内容格式混乱，难以阅读，因此判断为格式混乱，难以阅读。. 得分: 0
逻辑性: 模型回答的内容与问题无关，逻辑上不连贯，因此判断为逻辑混乱。. 得分: 0","","","","","","--","","","","","","","--","","","","0.00","失败"
"146","","","","","","","","","","TC00000147","BJ_HUAWEI_02 2026年8月1日0点到8月2日0点处理出错重要告警","","","空","","","","","","","","","MAE","","","","","","","","4K","","","","","","","","","","","","","","","","","","","","","","","","","","","","","","","","","f88e2c4d-769d-4c79-bc6b-e4bad5bbecc1","有效","单步","基础数据查询","告警查询","1","","141","1","告警查询","信息量: 模型回答中没有提供与问题相关的有效信息，因此信息量不足。. 得分: 0
正确性: 模型回答与参考答案不符，且提供的信息与问题无关，因此判断为错误。. 得分: 0
流畅性: 模型回答虽然语言通顺，但由于内容与问题无关，影响了整体的流畅性。. 得分: 0
简洁性: 模型回答虽然简洁，但由于内容与问题无关，未能有效传达信息。. 得分: 0
结构化: 模型回答格式混乱，难以阅读，尤其是HTML代码的插入。. 得分: 0
逻辑性: 模型回答中虽然尝试解决问题，但提供的信息与问题无关，逻辑上不严密。. 得分: 0","","","知识问答","final_state:
  evaluation:
    method: ICT_RAG","","","","","","","","","","","","","","","","","","","","","","用例执行过程出现异常，需复测 | Step2: session 异常信息：请求模型接口失败：【工具提示（非模型输出）】\n        调用模型接口错误:code:503, message:<!DOCTYPE html>\n<html xmlns:eview=""ignored"">\n\n<head>\n  <title></title>\n  <meta http-equiv=""Content-Type"" content=""text/html; charset=utf-8"" />\n  <meta http-equiv=""X-UA-Compatible"" content=""IE=edge,chrome=1"" />\n  \n  <link href=""/erservice/errors/main.css"" type=""text/css"" rel=""stylesheet"">\n</head>\n\n<body>\n  <div id=""pcsContainer"">\n  </div>\n  \n</body>\n<script type=""text/javascript"">\n    var error = '503';\n</script>\n<script src=""/erservice/errors/main.js""></script>\n</html>\n\n        ","信息量: 模型回答中没有提供与问题相关的有效信息，因此信息量不足。. 得分: 0
正确性: 模型回答与参考答案不符，且提供的信息与问题无关，因此判断为错误。. 得分: 0
流畅性: 模型回答虽然语言通顺，但由于内容与问题无关，影响了整体的流畅性。. 得分: 0
简洁性: 模型回答虽然简洁，但由于内容与问题无关，未能有效传达信息。. 得分: 0
结构化: 模型回答格式混乱，难以阅读，尤其是HTML代码的插入。. 得分: 0
逻辑性: 模型回答中虽然尝试解决问题，但提供的信息与问题无关，逻辑上不严密。. 得分: 0","0","","","信息量: 模型回答中没有提供与问题相关的有效信息，因此信息量不足。. 得分: 0
正确性: 模型回答与参考答案不符，且提供的信息与问题无关，因此判断为错误。. 得分: 0
流畅性: 模型回答虽然语言通顺，但由于内容与问题无关，影响了整体的流畅性。. 得分: 0
简洁性: 模型回答虽然简洁，但由于内容与问题无关，未能有效传达信息。. 得分: 0
结构化: 模型回答格式混乱，难以阅读，尤其是HTML代码的插入。. 得分: 0
逻辑性: 模型回答中虽然尝试解决问题，但提供的信息与问题无关，逻辑上不严密。. 得分: 0","","","","","","--","","","","","","","--","","","","0.00","失败"
"147","","","","","","","","","","TC00000148","HZ_HW_06操作违背紧急告警","","","空","","","","","","","","","MAE","","","","","","","","4K","","","","","","","","","","","","","","","","","","","","","","","","","","","","","","","","","89e082ca-9449-4a78-b4f7-d36e482ff96c","有效","单步","基础数据查询","告警查询","1","","142","1","告警查询","信息量: 模型回答中没有提供与问题相关的有效信息，大部分内容为HTML错误页面代码，因此判断为有效信息不足。. 得分: 0
正确性: 模型回答与参考答案不符，且提供的信息与问题无关，因此判断为错误。. 得分: 0
流畅性: 模型回答中包含大量HTML代码，不符合自然语言表达习惯，因此判断为不流畅。. 得分: 0
简洁性: 模型回答中包含大量不必要的HTML代码，因此判断为不简洁。. 得分: 0
结构化: 模型回答中包含大量HTML代码，格式混乱，难以阅读。. 得分: 0
逻辑性: 模型回答中虽然尝试解释了异常情况，但由于提供的信息与问题解决无关，逻辑上不严密。. 得分: 0","","","知识问答","final_state:
  evaluation:
    method: ICT_RAG","","","","","","","","","","","","","","","","","","","","","","用例执行过程出现异常，需复测 | Step2: session 异常信息：请求模型接口失败：【工具提示（非模型输出）】\n        调用模型接口错误:code:503, message:<!DOCTYPE html>\n<html xmlns:eview=""ignored"">\n\n<head>\n  <title></title>\n  <meta http-equiv=""Content-Type"" content=""text/html; charset=utf-8"" />\n  <meta http-equiv=""X-UA-Compatible"" content=""IE=edge,chrome=1"" />\n  \n  <link href=""/erservice/errors/main.css"" type=""text/css"" rel=""stylesheet"">\n</head>\n\n<body>\n  <div id=""pcsContainer"">\n  </div>\n  \n</body>\n<script type=""text/javascript"">\n    var error = '503';\n</script>\n<script src=""/erservice/errors/main.js""></script>\n</html>\n\n        ","信息量: 模型回答中没有提供与问题相关的有效信息，大部分内容为HTML错误页面代码，因此判断为有效信息不足。. 得分: 0
正确性: 模型回答与参考答案不符，且提供的信息与问题无关，因此判断为错误。. 得分: 0
流畅性: 模型回答中包含大量HTML代码，不符合自然语言表达习惯，因此判断为不流畅。. 得分: 0
简洁性: 模型回答中包含大量不必要的HTML代码，因此判断为不简洁。. 得分: 0
结构化: 模型回答中包含大量HTML代码，格式混乱，难以阅读。. 得分: 0
逻辑性: 模型回答中虽然尝试解释了异常情况，但由于提供的信息与问题解决无关，逻辑上不严密。. 得分: 0","0","","","信息量: 模型回答中没有提供与问题相关的有效信息，大部分内容为HTML错误页面代码，因此判断为有效信息不足。. 得分: 0
正确性: 模型回答与参考答案不符，且提供的信息与问题无关，因此判断为错误。. 得分: 0
流畅性: 模型回答中包含大量HTML代码，不符合自然语言表达习惯，因此判断为不流畅。. 得分: 0
简洁性: 模型回答中包含大量不必要的HTML代码，因此判断为不简洁。. 得分: 0
结构化: 模型回答中包含大量HTML代码，格式混乱，难以阅读。. 得分: 0
逻辑性: 模型回答中虽然尝试解释了异常情况，但由于提供的信息与问题解决无关，逻辑上不严密。. 得分: 0","","","","","","--","","","","","","","--","","","","0.00","失败"
"148","","","","","","","","","","TC00000149","给出经度是113.605的小区列表；并给出第一个小区的机械下倾角","","","经度为113.605的小区共有6个，Top5结果如下：
1. 郑宏中原5283857万福花园南灯杆拉远-H5H-2612-001
2. 郑州中原万福花园南灯杆拉远-宏-5305514-H7HT-204-0701
3. 郑州中原万福花园南灯杆拉远-宏-5305514-H7HT-205-0702
4. 郑州中原万福花园南灯杆拉远-宏-5305514-H7HT-206-0703
5. 郑宏中原5283857万福花园南灯杆拉远-H5H-2613-002

完整结果已保存至文件：dfs-unified-query/wireless/engineerparam/engineerparam_df6cd975-e591-4e6b-8037-79180ab74d3d.csv

第一个小区（郑宏中原5283857万福花园南灯杆拉远-H5H-2612-001）的机械下倾角：未查到信息。","","","","","","","","","MAE","","","","","","","","4K","","","","","","","","","","","","","","","","","","","","","","","","","","","","","","","","","701cc89b-bf0b-4d8c-b9bd-d023efed09c1","有效","多步","基础数据查询","工参查询","1","","143","1","工参查询","信息量: 模型回答中完全没有提供关于经度为113.605的小区列表或第一个小区的机械下倾角的信息，因此有效信息不足。. 得分: 0
正确性: 模型回答中没有提供任何与问题相关的信息，而是报告了一个技术错误，因此不符合参考答案的内容。. 得分: 0
流畅性: 模型回答虽然报告了一个错误，但语言表达清晰，易于理解。. 得分: 10
简洁性: 模型回答直接报告了错误，没有多余的描述，是简洁的。. 得分: 10
结构化: 模型回答虽然主要是一段错误信息，但格式上保持了一定的规范性，易于阅读。. 得分: 10
逻辑性: 尽管模型回答没有提供与问题相关的有效信息，但它清楚地报告了遇到的技术问题，逻辑上是一致的。. 得分: 10","","","知识问答","final_state:
  evaluation:
    method: ICT_RAG","","","","","","","","","","","","","","","","","","","","","","用例执行过程出现异常，需复测 | Step2: session 异常信息：请求模型接口失败：【工具提示（非模型输出）】\n        调用模型接口错误:code:503, message:<!DOCTYPE html>\n<html xmlns:eview=""ignored"">\n\n<head>\n  <title></title>\n  <meta http-equiv=""Content-Type"" content=""text/html; charset=utf-8"" />\n  <meta http-equiv=""X-UA-Compatible"" content=""IE=edge,chrome=1"" />\n  \n  <link href=""/erservice/errors/main.css"" type=""text/css"" rel=""stylesheet"">\n</head>\n\n<body>\n  <div id=""pcsContainer"">\n  </div>\n  \n</body>\n<script type=""text/javascript"">\n    var error = '503';\n</script>\n<script src=""/erservice/errors/main.js""></script>\n</html>\n\n        ","信息量: 模型回答中完全没有提供关于经度为113.605的小区列表或第一个小区的机械下倾角的信息，因此有效信息不足。. 得分: 0
正确性: 模型回答中没有提供任何与问题相关的信息，而是报告了一个技术错误，因此不符合参考答案的内容。. 得分: 0
流畅性: 模型回答虽然报告了一个错误，但语言表达清晰，易于理解。. 得分: 10
简洁性: 模型回答直接报告了错误，没有多余的描述，是简洁的。. 得分: 10
结构化: 模型回答虽然主要是一段错误信息，但格式上保持了一定的规范性，易于阅读。. 得分: 10
逻辑性: 尽管模型回答没有提供与问题相关的有效信息，但它清楚地报告了遇到的技术问题，逻辑上是一致的。. 得分: 10","2","","","信息量: 模型回答中完全没有提供关于经度为113.605的小区列表或第一个小区的机械下倾角的信息，因此有效信息不足。. 得分: 0
正确性: 模型回答中没有提供任何与问题相关的信息，而是报告了一个技术错误，因此不符合参考答案的内容。. 得分: 0
流畅性: 模型回答虽然报告了一个错误，但语言表达清晰，易于理解。. 得分: 10
简洁性: 模型回答直接报告了错误，没有多余的描述，是简洁的。. 得分: 10
结构化: 模型回答虽然主要是一段错误信息，但格式上保持了一定的规范性，易于阅读。. 得分: 10
逻辑性: 尽管模型回答没有提供与问题相关的有效信息，但它清楚地报告了遇到的技术问题，逻辑上是一致的。. 得分: 10","","","","","","--","","","","","","","--","","","","2.00","失败"
"149","","","","","","","","","","TC00000150","查询下实验网站点的小区名称，并查询最后一个小区的经纬度","","","HF-纬五路机房SA试点-H5S-2661：* 经度：117.17854；* 纬度：31.81771
HF-合肥移动综合楼SA试点2-H5S-2661：* 经度：117.25476；* 纬度：31.85787
HF-合肥东至路变电所-H5H-2613：* 经度：117.24437；* 纬度：31.82564","","","","","","","","","MAE","","","","","","","","4K","","","","","","","","","","","","","","","","","","","","","","","","","","","","","","","","","eecd3b77-405c-47a4-94e6-85cc66706fa9","有效","多步","基础数据查询","工参查询","1","","144","1","工参查询","信息量: 模型回答中没有提供任何与问题相关的有效信息，因此信息量不足。. 得分: 0
正确性: 模型回答中没有提供任何与参考答案相关的信息，且报告了技术错误，因此不正确。. 得分: 0
流畅性: 模型回答虽然报告了技术错误，但语言表达上没有明显障碍，因此可以认为是流畅的。. 得分: 10
简洁性: 模型回答简洁，没有冗余信息，但由于内容是技术错误，因此简洁性评价为简洁。. 得分: 10
结构化: 模型回答虽然格式混乱，但主要是因为技术错误导致的HTML代码片段，因此可以认为格式混乱，难以阅读。. 得分: 0
逻辑性: 模型回答中没有提供任何逻辑推理，仅报告了技术错误，因此逻辑混乱。. 得分: 0","","","知识问答","final_state:
  evaluation:
    method: ICT_RAG","","","","","","","","","","","","","","","","","","","","","","用例执行过程出现异常，需复测 | Step2: session 异常信息：请求模型接口失败：【工具提示（非模型输出）】\n        调用模型接口错误:code:503, message:<!DOCTYPE html>\n<html xmlns:eview=""ignored"">\n\n<head>\n  <title></title>\n  <meta http-equiv=""Content-Type"" content=""text/html; charset=utf-8"" />\n  <meta http-equiv=""X-UA-Compatible"" content=""IE=edge,chrome=1"" />\n  \n  <link href=""/erservice/errors/main.css"" type=""text/css"" rel=""stylesheet"">\n</head>\n\n<body>\n  <div id=""pcsContainer"">\n  </div>\n  \n</body>\n<script type=""text/javascript"">\n    var error = '503';\n</script>\n<script src=""/erservice/errors/main.js""></script>\n</html>\n\n        ","信息量: 模型回答中没有提供任何与问题相关的有效信息，因此信息量不足。. 得分: 0
正确性: 模型回答中没有提供任何与参考答案相关的信息，且报告了技术错误，因此不正确。. 得分: 0
流畅性: 模型回答虽然报告了技术错误，但语言表达上没有明显障碍，因此可以认为是流畅的。. 得分: 10
简洁性: 模型回答简洁，没有冗余信息，但由于内容是技术错误，因此简洁性评价为简洁。. 得分: 10
结构化: 模型回答虽然格式混乱，但主要是因为技术错误导致的HTML代码片段，因此可以认为格式混乱，难以阅读。. 得分: 0
逻辑性: 模型回答中没有提供任何逻辑推理，仅报告了技术错误，因此逻辑混乱。. 得分: 0","1","","","信息量: 模型回答中没有提供任何与问题相关的有效信息，因此信息量不足。. 得分: 0
正确性: 模型回答中没有提供任何与参考答案相关的信息，且报告了技术错误，因此不正确。. 得分: 0
流畅性: 模型回答虽然报告了技术错误，但语言表达上没有明显障碍，因此可以认为是流畅的。. 得分: 10
简洁性: 模型回答简洁，没有冗余信息，但由于内容是技术错误，因此简洁性评价为简洁。. 得分: 10
结构化: 模型回答虽然格式混乱，但主要是因为技术错误导致的HTML代码片段，因此可以认为格式混乱，难以阅读。. 得分: 0
逻辑性: 模型回答中没有提供任何逻辑推理，仅报告了技术错误，因此逻辑混乱。. 得分: 0","","","","","","--","","","","","","","--","","","","1.00","失败"
"150","","","","","","","","","","TC00000151","查询深圳大梅沙二[深圳大梅沙二D-HRH]C-HRH-3_1003893、深圳奥特莱斯D-HRH-1_1003894、深圳梅沙梅沙海滨二（微小M）[深圳盐葵下角D-HRH]D-HRH-1_1003895小区上行平均吞吐率最小的小区，并给出这个小区的最大激活用户数","","","空","","","","","","","","","MAE","","","","","","","","4K","","","","","","","","","","","","","","","","","","","","","","","","","","","","","","","","","c99389b3-d5ea-4853-a29b-817ef941f9ab","有效","多步","基础数据查询","工参查询","1","","145","1","工参查询","信息量: 模型回答未能提供任何有效信息，仅报告了异常情况，因此信息量不足。. 得分: 0
正确性: 模型回答中提到执行过程出现异常，未能提供任何关于小区上行平均吞吐率最小的小区及其最大激活用户数的信息，与参考答案为空的情况相符，但未能解决问题，因此判断为错误。. 得分: 0
流畅性: 模型回答虽然报告了异常，但语言表达清晰，易于理解，因此流畅。. 得分: 10
简洁性: 模型回答直接报告了异常，没有多余的描述，因此简洁。. 得分: 10
结构化: 模型回答格式较为混乱，包含了HTML代码片段，不易于阅读。. 得分: 0
逻辑性: 尽管模型未能提供有效信息，但其报告异常的过程逻辑上是一致的，因此逻辑性严密。. 得分: 10","","","知识问答","final_state:
  evaluation:
    method: ICT_RAG","","","","","","","","","","","","","","","","","","","","","","用例执行过程出现异常，需复测 | Step2: session 异常信息：请求模型接口失败：【工具提示（非模型输出）】\n        调用模型接口错误:code:503, message:<!DOCTYPE html>\n<html xmlns:eview=""ignored"">\n\n<head>\n  <title></title>\n  <meta http-equiv=""Content-Type"" content=""text/html; charset=utf-8"" />\n  <meta http-equiv=""X-UA-Compatible"" content=""IE=edge,chrome=1"" />\n  \n  <link href=""/erservice/errors/main.css"" type=""text/css"" rel=""stylesheet"">\n</head>\n\n<body>\n  <div id=""pcsContainer"">\n  </div>\n  \n</body>\n<script type=""text/javascript"">\n    var error = '503';\n</script>\n<script src=""/erservice/errors/main.js""></script>\n</html>\n\n        ","信息量: 模型回答未能提供任何有效信息，仅报告了异常情况，因此信息量不足。. 得分: 0
正确性: 模型回答中提到执行过程出现异常，未能提供任何关于小区上行平均吞吐率最小的小区及其最大激活用户数的信息，与参考答案为空的情况相符，但未能解决问题，因此判断为错误。. 得分: 0
流畅性: 模型回答虽然报告了异常，但语言表达清晰，易于理解，因此流畅。. 得分: 10
简洁性: 模型回答直接报告了异常，没有多余的描述，因此简洁。. 得分: 10
结构化: 模型回答格式较为混乱，包含了HTML代码片段，不易于阅读。. 得分: 0
逻辑性: 尽管模型未能提供有效信息，但其报告异常的过程逻辑上是一致的，因此逻辑性严密。. 得分: 10","2","","","信息量: 模型回答未能提供任何有效信息，仅报告了异常情况，因此信息量不足。. 得分: 0
正确性: 模型回答中提到执行过程出现异常，未能提供任何关于小区上行平均吞吐率最小的小区及其最大激活用户数的信息，与参考答案为空的情况相符，但未能解决问题，因此判断为错误。. 得分: 0
流畅性: 模型回答虽然报告了异常，但语言表达清晰，易于理解，因此流畅。. 得分: 10
简洁性: 模型回答直接报告了异常，没有多余的描述，因此简洁。. 得分: 10
结构化: 模型回答格式较为混乱，包含了HTML代码片段，不易于阅读。. 得分: 0
逻辑性: 尽管模型未能提供有效信息，但其报告异常的过程逻辑上是一致的，因此逻辑性严密。. 得分: 10","","","","","","--","","","","","","","--","","","","2.00","失败"
